JvmtiExport can_access_local_variables 0
JvmtiExport can_hotswap_or_post_breakpoint 0
JvmtiExport can_post_on_exceptions 0
# 636 ciObject found
instanceKlass com/android/tools/r8/ir/optimize/g0
ciInstanceKlass java/lang/Cloneable 1 0 7 100 1 100 1 1 1
instanceKlass com/android/tools/r8/internal/Tg
instanceKlass com/android/tools/r8/internal/ZV
instanceKlass com/android/tools/r8/e
instanceKlass com/android/tools/r8/internal/a9
instanceKlass java/util/function/ToLongFunction
instanceKlass com/android/tools/r8/internal/We
instanceKlass com/android/tools/r8/internal/kp
instanceKlass com/android/tools/r8/internal/ep
instanceKlass com/android/tools/r8/internal/pK
instanceKlass com/android/tools/r8/internal/St
instanceKlass com/android/tools/r8/internal/mp
instanceKlass com/android/tools/r8/utils/v0
instanceKlass com/android/tools/r8/internal/Ff
instanceKlass com/android/tools/r8/utils/E0
instanceKlass com/android/tools/r8/graph/W0
instanceKlass com/android/tools/r8/utils/F0
instanceKlass com/android/tools/r8/internal/Cs
instanceKlass com/android/tools/r8/internal/MJ
instanceKlass com/android/tools/r8/internal/YJ
instanceKlass com/android/tools/r8/internal/RC
instanceKlass com/android/tools/r8/internal/hB
instanceKlass com/android/tools/r8/internal/aB
instanceKlass com/android/tools/r8/internal/YA
instanceKlass com/android/tools/r8/internal/ZA
instanceKlass com/android/tools/r8/internal/eB
instanceKlass com/android/tools/r8/internal/TG
instanceKlass java/util/AbstractMap$SimpleImmutableEntry
instanceKlass com/android/tools/r8/internal/kI
instanceKlass com/android/tools/r8/utils/A2
instanceKlass com/android/tools/r8/internal/e6
instanceKlass com/android/tools/r8/synthesis/G
instanceKlass com/android/tools/r8/utils/structural/i
instanceKlass com/android/tools/r8/internal/q
instanceKlass com/android/tools/r8/internal/p
instanceKlass com/android/tools/r8/internal/fl
instanceKlass com/android/tools/r8/internal/gl
instanceKlass com/android/tools/r8/utils/structural/m
instanceKlass com/android/tools/r8/synthesis/e
instanceKlass com/android/tools/r8/synthesis/H
instanceKlass com/android/tools/r8/references/ArrayReference
instanceKlass com/android/tools/r8/internal/Re
instanceKlass com/android/tools/r8/internal/k4
instanceKlass com/android/tools/r8/internal/k3
instanceKlass com/android/tools/r8/internal/RB
instanceKlass com/android/tools/r8/internal/j3
instanceKlass com/android/tools/r8/internal/cD
instanceKlass com/android/tools/r8/internal/Gj
instanceKlass com/android/tools/r8/internal/Se
instanceKlass com/android/tools/r8/internal/DG
instanceKlass com/android/tools/r8/internal/s0
instanceKlass com/android/tools/r8/internal/CG
instanceKlass com/android/tools/r8/internal/Nd
instanceKlass com/android/tools/r8/internal/EZ
instanceKlass com/android/tools/r8/utils/I1
instanceKlass com/android/tools/r8/internal/PC
instanceKlass com/android/tools/r8/ir/optimize/i0
instanceKlass com/android/tools/r8/internal/g3
instanceKlass com/android/tools/r8/internal/Nf
instanceKlass com/android/tools/r8/internal/gD
instanceKlass com/android/tools/r8/internal/CI
instanceKlass com/android/tools/r8/internal/Mf
instanceKlass com/android/tools/r8/internal/a7
instanceKlass com/android/tools/r8/internal/E4
instanceKlass com/android/tools/r8/internal/km
instanceKlass com/android/tools/r8/utils/G3
instanceKlass com/android/tools/r8/internal/D6
instanceKlass com/android/tools/r8/internal/i2
instanceKlass java/util/AbstractList$SubList$1
instanceKlass com/android/tools/r8/internal/uq
instanceKlass com/android/tools/r8/internal/Df
instanceKlass com/android/tools/r8/internal/Fb
instanceKlass com/android/tools/r8/dex/code/W
instanceKlass com/android/tools/r8/ir/regalloc/g
instanceKlass com/android/tools/r8/ir/regalloc/h
instanceKlass com/android/tools/r8/ir/regalloc/m
instanceKlass com/android/tools/r8/utils/S1
instanceKlass com/android/tools/r8/utils/w2
instanceKlass com/android/tools/r8/internal/Il
instanceKlass com/android/tools/r8/internal/P7
instanceKlass com/android/tools/r8/internal/j2
instanceKlass com/android/tools/r8/internal/N00
instanceKlass com/android/tools/r8/androidapi/h
instanceKlass com/android/tools/r8/internal/pE
instanceKlass com/android/tools/r8/internal/im
instanceKlass com/android/tools/r8/utils/V1
instanceKlass com/android/tools/r8/internal/nN
instanceKlass com/android/tools/r8/utils/n1
instanceKlass com/android/tools/r8/internal/LI
instanceKlass com/android/tools/r8/internal/cr
instanceKlass com/android/tools/r8/graph/e1
instanceKlass com/android/tools/r8/ir/optimize/U
instanceKlass com/android/tools/r8/ir/optimize/M
instanceKlass com/android/tools/r8/graph/R0
instanceKlass com/android/tools/r8/graph/V0
instanceKlass com/android/tools/r8/graph/T2
instanceKlass com/android/tools/r8/internal/OR
instanceKlass com/android/tools/r8/graph/Q0
instanceKlass com/android/tools/r8/utils/h2
instanceKlass com/android/tools/r8/dex/code/a
instanceKlass com/android/tools/r8/internal/I6
instanceKlass com/android/tools/r8/internal/Of
instanceKlass com/android/tools/r8/ir/optimize/c0
instanceKlass com/android/tools/r8/ir/optimize/g0
instanceKlass com/android/tools/r8/ir/regalloc/a
instanceKlass com/android/tools/r8/ir/regalloc/n
instanceKlass com/android/tools/r8/ir/regalloc/d
instanceKlass com/android/tools/r8/internal/Ml
instanceKlass com/android/tools/r8/ir/regalloc/e
instanceKlass com/android/tools/r8/ir/regalloc/c
instanceKlass com/android/tools/r8/internal/L4
instanceKlass com/android/tools/r8/ir/regalloc/j
instanceKlass com/android/tools/r8/internal/BG
instanceKlass com/android/tools/r8/ir/regalloc/b
instanceKlass java/util/TimSort
instanceKlass java/util/Arrays$LegacyMergeSort
instanceKlass com/android/tools/r8/internal/CJ
instanceKlass com/android/tools/r8/internal/EJ
instanceKlass com/android/tools/r8/ir/optimize/v0
instanceKlass java/util/function/BooleanSupplier
instanceKlass com/android/tools/r8/ir/regalloc/f
instanceKlass java/util/stream/StreamSpliterators
instanceKlass java/util/stream/AbstractSpinedBuffer
instanceKlass java/util/stream/StreamSpliterators$AbstractWrappingSpliterator
instanceKlass com/android/tools/r8/internal/K6$a
instanceKlass com/android/tools/r8/internal/K6
instanceKlass com/android/tools/r8/utils/H
instanceKlass com/android/tools/r8/ir/optimize/J
instanceKlass java/util/stream/SliceOps
instanceKlass com/android/tools/r8/synthesis/C
instanceKlass java/util/stream/SortedOps
instanceKlass com/android/tools/r8/internal/HJ
instanceKlass com/android/tools/r8/internal/kg
instanceKlass com/android/tools/r8/internal/G4
instanceKlass com/android/tools/r8/ir/optimize/y
instanceKlass com/android/tools/r8/internal/M0
instanceKlass com/android/tools/r8/internal/IJ
instanceKlass com/android/tools/r8/ir/optimize/n0
instanceKlass com/android/tools/r8/ir/optimize/z
instanceKlass com/android/tools/r8/internal/k20
instanceKlass com/android/tools/r8/internal/K4
instanceKlass com/android/tools/r8/internal/Be
instanceKlass com/android/tools/r8/ir/optimize/p0
instanceKlass com/android/tools/r8/internal/m20
instanceKlass com/android/tools/r8/ir/optimize/u
instanceKlass java/util/stream/MatchOps$BooleanTerminalSink
instanceKlass java/util/stream/MatchOps$MatchOp
instanceKlass java/util/stream/MatchOps
instanceKlass com/android/tools/r8/ir/optimize/l0
instanceKlass com/android/tools/r8/ir/optimize/m0
instanceKlass com/android/tools/r8/ir/optimize/o0
instanceKlass com/android/tools/r8/ir/optimize/r0
instanceKlass com/android/tools/r8/internal/W
instanceKlass com/android/tools/r8/internal/f6
instanceKlass com/android/tools/r8/internal/h6
instanceKlass java/util/stream/ForEachOps$ForEachOp
instanceKlass java/util/stream/ForEachOps
instanceKlass java/util/HashMap$HashMapSpliterator
instanceKlass com/android/tools/r8/internal/tE
instanceKlass java/util/BitSet
instanceKlass com/android/tools/r8/internal/XV
instanceKlass com/android/tools/r8/internal/cY
instanceKlass com/android/tools/r8/internal/dY
instanceKlass com/android/tools/r8/utils/r0
instanceKlass com/android/tools/r8/internal/Ps
instanceKlass com/android/tools/r8/internal/w1
instanceKlass com/android/tools/r8/internal/Jb
instanceKlass com/android/tools/r8/internal/Kb
instanceKlass com/android/tools/r8/internal/sk
instanceKlass com/android/tools/r8/internal/hk
instanceKlass com/android/tools/r8/internal/Lb
instanceKlass com/android/tools/r8/ir/optimize/t
instanceKlass com/android/tools/r8/internal/Pl
instanceKlass com/android/tools/r8/internal/Ol
instanceKlass com/android/tools/r8/internal/MZ
instanceKlass com/android/tools/r8/internal/Ll
instanceKlass com/android/tools/r8/ir/optimize/r
instanceKlass com/android/tools/r8/utils/Q3
instanceKlass com/android/tools/r8/internal/I00
instanceKlass com/android/tools/r8/internal/N4
instanceKlass com/android/tools/r8/ir/optimize/a
instanceKlass com/android/tools/r8/internal/S0
instanceKlass com/android/tools/r8/internal/AK
instanceKlass com/android/tools/r8/internal/Nl
instanceKlass com/android/tools/r8/internal/Ul
instanceKlass com/android/tools/r8/internal/Md
instanceKlass com/android/tools/r8/internal/KK
instanceKlass com/android/tools/r8/internal/Mo
instanceKlass com/android/tools/r8/internal/wE
instanceKlass com/android/tools/r8/internal/M4
instanceKlass java/util/Collections$1
instanceKlass java/util/LinkedList$ListItr
instanceKlass com/android/tools/r8/internal/vV
instanceKlass com/android/tools/r8/internal/Jo
instanceKlass com/android/tools/r8/internal/d10
instanceKlass com/android/tools/r8/internal/O20
instanceKlass com/android/tools/r8/internal/r20
instanceKlass com/android/tools/r8/internal/Jl
instanceKlass com/android/tools/r8/internal/hr
instanceKlass com/android/tools/r8/graph/proto/b
instanceKlass com/android/tools/r8/dex/code/B1
instanceKlass com/android/tools/r8/internal/Jf
instanceKlass com/android/tools/r8/internal/d20
instanceKlass com/android/tools/r8/ir/optimize/D
instanceKlass com/android/tools/r8/internal/kB
instanceKlass com/android/tools/r8/internal/tR
instanceKlass com/android/tools/r8/internal/qs
instanceKlass com/android/tools/r8/internal/xI
instanceKlass com/android/tools/r8/internal/Zp
instanceKlass com/android/tools/r8/internal/k9
instanceKlass com/android/tools/r8/internal/Gr
instanceKlass com/android/tools/r8/internal/b9
instanceKlass com/android/tools/r8/internal/c9
instanceKlass com/android/tools/r8/internal/ES
instanceKlass java/util/LinkedList$Node
instanceKlass com/android/tools/r8/internal/Lr
instanceKlass com/android/tools/r8/internal/V6
instanceKlass com/android/tools/r8/internal/No
instanceKlass com/android/tools/r8/internal/fN
instanceKlass com/android/tools/r8/internal/J4
instanceKlass com/android/tools/r8/internal/Fl
instanceKlass com/android/tools/r8/internal/Xl
instanceKlass com/android/tools/r8/internal/Jq
instanceKlass com/android/tools/r8/internal/D
instanceKlass com/android/tools/r8/internal/Zq
instanceKlass com/android/tools/r8/internal/HI
instanceKlass com/android/tools/r8/internal/oq
instanceKlass com/android/tools/r8/internal/v
instanceKlass com/android/tools/r8/internal/fp
instanceKlass com/android/tools/r8/internal/Uo
instanceKlass com/android/tools/r8/graph/proto/d
instanceKlass com/android/tools/r8/graph/proto/c
instanceKlass com/android/tools/r8/graph/proto/j
instanceKlass com/android/tools/r8/internal/jr
instanceKlass com/android/tools/r8/internal/Kl
instanceKlass com/android/tools/r8/internal/S6
instanceKlass com/android/tools/r8/internal/q9
instanceKlass com/android/tools/r8/internal/k1
instanceKlass com/android/tools/r8/internal/Er
instanceKlass com/android/tools/r8/internal/d9
instanceKlass com/android/tools/r8/utils/e1
instanceKlass com/android/tools/r8/internal/qp
instanceKlass com/android/tools/r8/internal/p20
instanceKlass com/android/tools/r8/internal/f9
instanceKlass com/android/tools/r8/internal/g7
instanceKlass com/android/tools/r8/internal/j7
instanceKlass com/android/tools/r8/internal/R7
instanceKlass com/android/tools/r8/internal/Q7
instanceKlass com/android/tools/r8/internal/O7
instanceKlass com/android/tools/r8/graph/D
instanceKlass com/android/tools/r8/internal/Wl
instanceKlass com/android/tools/r8/graph/M4
instanceKlass com/android/tools/r8/b0
instanceKlass com/android/tools/r8/references/ClassReference
instanceKlass com/android/tools/r8/references/PrimitiveReference
instanceKlass com/android/tools/r8/references/Reference
instanceKlass com/android/tools/r8/position/MethodPosition
instanceKlass com/android/tools/r8/utils/B0
instanceKlass com/android/tools/r8/utils/j3
instanceKlass com/android/tools/r8/utils/k3
instanceKlass com/android/tools/r8/utils/i3
instanceKlass com/android/tools/r8/utils/h3
instanceKlass com/android/tools/r8/ProgramResource$ByteResource
instanceKlass com/android/tools/r8/FeatureSplit
instanceKlass com/android/tools/r8/graph/e
instanceKlass com/android/tools/r8/graph/x4
instanceKlass com/android/tools/r8/graph/R4
instanceKlass com/android/tools/r8/graph/O4
instanceKlass com/android/tools/r8/graph/P4
instanceKlass com/android/tools/r8/internal/y4
instanceKlass java/lang/Character$CharacterCache
instanceKlass java/io/Bits
instanceKlass java/io/ObjectOutputStream$ReplaceTable
instanceKlass java/io/ObjectOutputStream$HandleTable
instanceKlass java/io/ObjectStreamConstants
instanceKlass java/io/ObjectOutput
instanceKlass com/android/tools/r8/graph/x0
instanceKlass com/android/tools/r8/internal/bB
instanceKlass com/android/tools/r8/shaking/T1
instanceKlass com/android/tools/r8/internal/ib
instanceKlass com/android/tools/r8/internal/hR
instanceKlass java/util/Collections$UnmodifiableCollection$1
instanceKlass com/android/tools/r8/internal/LN
instanceKlass com/android/tools/r8/internal/s7
instanceKlass com/android/tools/r8/internal/oa
instanceKlass com/android/tools/r8/internal/uj
instanceKlass com/android/tools/r8/internal/i8
instanceKlass com/android/tools/r8/internal/E2
instanceKlass com/android/tools/r8/internal/yf
instanceKlass com/android/tools/r8/internal/PZ
instanceKlass com/android/tools/r8/internal/u7
instanceKlass com/android/tools/r8/internal/pf
instanceKlass com/android/tools/r8/internal/Af
instanceKlass com/android/tools/r8/internal/Xg
instanceKlass com/android/tools/r8/internal/KG
instanceKlass com/android/tools/r8/internal/W4
instanceKlass com/android/tools/r8/internal/JG
instanceKlass com/android/tools/r8/internal/Ak
instanceKlass com/android/tools/r8/internal/Ds
instanceKlass com/android/tools/r8/internal/yN
instanceKlass com/android/tools/r8/internal/cB
instanceKlass com/android/tools/r8/ir/optimize/u0
instanceKlass com/android/tools/r8/errors/UnsupportedFeatureDiagnostic
instanceKlass com/android/tools/r8/internal/P10
instanceKlass com/android/tools/r8/internal/S10
instanceKlass com/android/tools/r8/internal/u20
instanceKlass com/android/tools/r8/internal/t20
instanceKlass com/android/tools/r8/internal/q6
instanceKlass com/android/tools/r8/internal/qt
instanceKlass com/android/tools/r8/internal/pt
instanceKlass com/android/tools/r8/internal/nd
instanceKlass com/android/tools/r8/internal/od
instanceKlass com/android/tools/r8/graph/f
instanceKlass com/android/tools/r8/internal/ss
instanceKlass com/android/tools/r8/internal/ws
instanceKlass com/android/tools/r8/internal/Wg
instanceKlass com/android/tools/r8/internal/ys
instanceKlass com/android/tools/r8/utils/W2
instanceKlass com/android/tools/r8/internal/dB
instanceKlass com/android/tools/r8/internal/fB
instanceKlass com/android/tools/r8/internal/iY
instanceKlass com/android/tools/r8/utils/z1
instanceKlass com/android/tools/r8/graph/W
instanceKlass com/android/tools/r8/utils/W
instanceKlass com/android/tools/r8/graph/T
instanceKlass com/android/tools/r8/internal/ff
instanceKlass com/android/tools/r8/internal/Ye
instanceKlass com/android/tools/r8/internal/kf
instanceKlass com/android/tools/r8/internal/f10
instanceKlass com/android/tools/r8/internal/WV
instanceKlass com/android/tools/r8/internal/Yb
instanceKlass com/android/tools/r8/internal/vE
instanceKlass com/android/tools/r8/internal/uE
instanceKlass com/android/tools/r8/internal/pg
instanceKlass com/android/tools/r8/internal/L5
instanceKlass com/android/tools/r8/internal/oj
instanceKlass com/android/tools/r8/internal/x4
instanceKlass com/android/tools/r8/internal/t4
instanceKlass com/android/tools/r8/internal/KI
instanceKlass com/android/tools/r8/internal/l4
instanceKlass com/android/tools/r8/internal/o4
instanceKlass com/android/tools/r8/internal/p4
instanceKlass com/android/tools/r8/internal/q4
instanceKlass com/android/tools/r8/internal/j4
instanceKlass com/android/tools/r8/internal/w4
instanceKlass com/android/tools/r8/internal/ZG
instanceKlass com/android/tools/r8/internal/XG
instanceKlass java/util/Collections$2
instanceKlass com/android/tools/r8/internal/Nk
instanceKlass com/android/tools/r8/ir/optimize/K
instanceKlass com/android/tools/r8/ir/optimize/d
instanceKlass com/android/tools/r8/ir/optimize/e
instanceKlass com/android/tools/r8/internal/f20
instanceKlass com/android/tools/r8/ir/optimize/E
instanceKlass com/android/tools/r8/internal/lY
instanceKlass com/android/tools/r8/ir/optimize/w
instanceKlass com/android/tools/r8/ir/optimize/b
instanceKlass com/android/tools/r8/ir/optimize/x
instanceKlass com/android/tools/r8/graph/d
instanceKlass com/android/tools/r8/shaking/j
instanceKlass com/android/tools/r8/graph/n5
instanceKlass com/android/tools/r8/graph/k5
instanceKlass com/android/tools/r8/shaking/i1
instanceKlass com/android/tools/r8/internal/H0
instanceKlass com/android/tools/r8/internal/QI
instanceKlass com/android/tools/r8/graph/C4
instanceKlass com/android/tools/r8/internal/na
instanceKlass com/android/tools/r8/internal/us
instanceKlass com/android/tools/r8/internal/Qd
instanceKlass com/android/tools/r8/internal/Q8
instanceKlass com/android/tools/r8/internal/xf
instanceKlass com/android/tools/r8/internal/zf
instanceKlass com/android/tools/r8/internal/Bf
instanceKlass com/android/tools/r8/internal/zs
instanceKlass com/android/tools/r8/internal/qf
instanceKlass com/android/tools/r8/internal/of
instanceKlass com/android/tools/r8/graph/V2
instanceKlass com/android/tools/r8/internal/JL
instanceKlass com/android/tools/r8/internal/sn
instanceKlass com/android/tools/r8/internal/g20
instanceKlass com/android/tools/r8/ir/optimize/W
instanceKlass com/android/tools/r8/internal/wF
instanceKlass com/android/tools/r8/ir/optimize/L0
instanceKlass com/android/tools/r8/ir/optimize/y0
instanceKlass com/android/tools/r8/internal/Ao
instanceKlass com/android/tools/r8/internal/rh
instanceKlass com/android/tools/r8/ir/optimize/c
instanceKlass com/android/tools/r8/internal/ko
instanceKlass com/android/tools/r8/internal/qz
instanceKlass com/android/tools/r8/internal/o
instanceKlass com/android/tools/r8/internal/Lo
instanceKlass com/android/tools/r8/internal/gH
instanceKlass com/android/tools/r8/internal/p6
instanceKlass com/android/tools/r8/internal/Q1
instanceKlass com/android/tools/r8/internal/Ui
instanceKlass com/android/tools/r8/internal/io
instanceKlass com/android/tools/r8/internal/Wh
instanceKlass com/android/tools/r8/internal/cF
instanceKlass com/android/tools/r8/internal/KC
instanceKlass com/android/tools/r8/internal/Ib
instanceKlass com/android/tools/r8/internal/Rf
instanceKlass com/android/tools/r8/internal/BF
instanceKlass com/android/tools/r8/internal/uF
instanceKlass com/android/tools/r8/internal/KE
instanceKlass com/android/tools/r8/internal/mh
instanceKlass com/android/tools/r8/internal/mL
instanceKlass com/android/tools/r8/internal/f8
instanceKlass com/android/tools/r8/internal/Vl
instanceKlass com/android/tools/r8/internal/LL
instanceKlass com/android/tools/r8/internal/S1
instanceKlass com/android/tools/r8/internal/vo
instanceKlass com/android/tools/r8/internal/B4
instanceKlass com/android/tools/r8/internal/Lk
instanceKlass com/android/tools/r8/internal/z9
instanceKlass com/android/tools/r8/internal/P20
instanceKlass com/android/tools/r8/internal/N7
instanceKlass com/android/tools/r8/internal/Fp
instanceKlass com/android/tools/r8/internal/Qr
instanceKlass com/android/tools/r8/internal/y
instanceKlass com/android/tools/r8/internal/Mp
instanceKlass com/android/tools/r8/internal/JM
instanceKlass com/android/tools/r8/internal/Ej
instanceKlass com/android/tools/r8/internal/Tn
instanceKlass com/android/tools/r8/internal/mN
instanceKlass com/android/tools/r8/internal/Pn
instanceKlass com/android/tools/r8/internal/ls
instanceKlass com/android/tools/r8/internal/tq
instanceKlass com/android/tools/r8/internal/L7$a
instanceKlass com/android/tools/r8/internal/o9
instanceKlass com/android/tools/r8/position/TextRange
instanceKlass com/android/tools/r8/internal/x
instanceKlass com/android/tools/r8/internal/yV
instanceKlass com/android/tools/r8/internal/C4
instanceKlass com/android/tools/r8/internal/rq
instanceKlass com/android/tools/r8/internal/J6
instanceKlass com/android/tools/r8/internal/Np
instanceKlass com/android/tools/r8/position/TextPosition
instanceKlass com/android/tools/r8/internal/VV
instanceKlass com/android/tools/r8/utils/structural/u
instanceKlass com/android/tools/r8/graph/E$a
instanceKlass com/android/tools/r8/graph/U5
instanceKlass com/android/tools/r8/graph/g0
instanceKlass com/android/tools/r8/internal/W6
instanceKlass com/android/tools/r8/internal/S7
instanceKlass com/android/tools/r8/internal/t1
instanceKlass com/android/tools/r8/internal/I
instanceKlass com/android/tools/r8/internal/DZ
instanceKlass com/android/tools/r8/internal/n9
instanceKlass com/android/tools/r8/dex/code/d
instanceKlass com/android/tools/r8/dex/code/b
instanceKlass com/android/tools/r8/internal/Yr
instanceKlass com/android/tools/r8/internal/Mr
instanceKlass com/android/tools/r8/internal/Tr
instanceKlass com/android/tools/r8/internal/KM
instanceKlass com/android/tools/r8/internal/Fj
instanceKlass com/android/tools/r8/internal/Xr
instanceKlass com/android/tools/r8/internal/A9
instanceKlass com/android/tools/r8/internal/vM
instanceKlass com/android/tools/r8/internal/vM$a
instanceKlass com/android/tools/r8/graph/h4
instanceKlass com/android/tools/r8/internal/bL
instanceKlass com/android/tools/r8/utils/J1
instanceKlass com/android/tools/r8/internal/SR
instanceKlass com/android/tools/r8/internal/GR
instanceKlass com/android/tools/r8/graph/g4
instanceKlass com/android/tools/r8/utils/m1
instanceKlass com/android/tools/r8/utils/q3
instanceKlass com/android/tools/r8/utils/p3
instanceKlass com/android/tools/r8/utils/d1
instanceKlass com/android/tools/r8/utils/T1
instanceKlass com/android/tools/r8/references/MethodReference
instanceKlass com/android/tools/r8/internal/d8
instanceKlass com/android/tools/r8/dex/code/c
instanceKlass com/android/tools/r8/ir/optimize/info/m
instanceKlass com/android/tools/r8/internal/oF
instanceKlass com/android/tools/r8/internal/Ki
instanceKlass com/android/tools/r8/internal/Yg
instanceKlass com/android/tools/r8/internal/bh
instanceKlass com/android/tools/r8/internal/qR
instanceKlass com/android/tools/r8/internal/h1
instanceKlass com/android/tools/r8/internal/oR
instanceKlass com/android/tools/r8/internal/Li
instanceKlass com/android/tools/r8/ir/optimize/f
instanceKlass com/android/tools/r8/synthesis/b
instanceKlass com/android/tools/r8/internal/bf
instanceKlass com/android/tools/r8/internal/c4
instanceKlass com/android/tools/r8/internal/o2
instanceKlass com/android/tools/r8/internal/n2
instanceKlass com/android/tools/r8/internal/l2
instanceKlass com/android/tools/r8/internal/m2
instanceKlass com/android/tools/r8/androidapi/c
instanceKlass com/android/tools/r8/androidapi/f$a
instanceKlass com/android/tools/r8/androidapi/a
instanceKlass com/android/tools/r8/internal/oQ
instanceKlass com/android/tools/r8/utils/g3
instanceKlass com/android/tools/r8/internal/HB
instanceKlass com/android/tools/r8/internal/GX
instanceKlass com/android/tools/r8/internal/Do
instanceKlass com/android/tools/r8/internal/vi
instanceKlass com/android/tools/r8/internal/TW
instanceKlass com/android/tools/r8/internal/IB
instanceKlass com/android/tools/r8/internal/GB
instanceKlass com/android/tools/r8/internal/KB
instanceKlass com/android/tools/r8/internal/Kn
instanceKlass com/android/tools/r8/internal/lg
instanceKlass com/android/tools/r8/internal/uc
instanceKlass com/android/tools/r8/internal/Cg
instanceKlass com/android/tools/r8/internal/d5
instanceKlass com/android/tools/r8/internal/Z4
instanceKlass com/android/tools/r8/internal/V4
instanceKlass com/android/tools/r8/internal/X4
instanceKlass com/android/tools/r8/internal/ol
instanceKlass com/android/tools/r8/internal/ME
instanceKlass com/android/tools/r8/internal/wI
instanceKlass com/android/tools/r8/internal/Lp
instanceKlass com/android/tools/r8/internal/Ko
instanceKlass com/android/tools/r8/internal/K00
instanceKlass com/android/tools/r8/internal/Oo
instanceKlass com/android/tools/r8/internal/t
instanceKlass com/android/tools/r8/internal/oV
instanceKlass com/android/tools/r8/internal/jo
instanceKlass com/android/tools/r8/internal/y1
instanceKlass com/android/tools/r8/internal/Sf
instanceKlass com/android/tools/r8/internal/xE
instanceKlass com/android/tools/r8/internal/b4
instanceKlass com/android/tools/r8/utils/a2
instanceKlass com/android/tools/r8/utils/F
instanceKlass com/android/tools/r8/shaking/k
instanceKlass com/android/tools/r8/internal/MK
instanceKlass com/android/tools/r8/shaking/l
instanceKlass com/android/tools/r8/startup/StartupProfileBuilder
instanceKlass com/android/tools/r8/utils/M
instanceKlass com/android/tools/r8/profile/art/ArtProfileBuilder
instanceKlass com/android/tools/r8/shaking/d4
instanceKlass com/android/tools/r8/internal/Dk
instanceKlass com/android/tools/r8/internal/oc
instanceKlass com/android/tools/r8/internal/U4
instanceKlass com/android/tools/r8/internal/J3
instanceKlass com/android/tools/r8/internal/cL
instanceKlass com/android/tools/r8/utils/K
instanceKlass com/android/tools/r8/synthesis/z
instanceKlass com/android/tools/r8/synthesis/l
instanceKlass com/android/tools/r8/SyntheticInfoConsumerData
instanceKlass com/android/tools/r8/synthesis/d
instanceKlass com/android/tools/r8/synthesis/U
instanceKlass com/android/tools/r8/synthesis/T
instanceKlass com/android/tools/r8/synthesis/m
instanceKlass com/android/tools/r8/synthesis/a
instanceKlass com/android/tools/r8/synthesis/c
instanceKlass com/android/tools/r8/graph/P5
instanceKlass com/android/tools/r8/graph/z4
instanceKlass com/android/tools/r8/shaking/L1
instanceKlass com/android/tools/r8/shaking/N1
instanceKlass com/android/tools/r8/synthesis/D
instanceKlass com/android/tools/r8/synthesis/n
instanceKlass com/android/tools/r8/synthesis/w
instanceKlass com/android/tools/r8/synthesis/u
instanceKlass com/android/tools/r8/synthesis/y
instanceKlass com/android/tools/r8/utils/r3
instanceKlass java/util/concurrent/ConcurrentLinkedQueue$Itr
instanceKlass com/android/tools/r8/dex/W
instanceKlass com/android/tools/r8/graph/z3
instanceKlass java/lang/invoke/MethodHandle$1
instanceKlass com/android/tools/r8/internal/R00
instanceKlass com/android/tools/r8/internal/Od
instanceKlass com/android/tools/r8/utils/B
instanceKlass com/android/tools/r8/graph/x3$f
instanceKlass com/android/tools/r8/graph/A3
instanceKlass com/android/tools/r8/dex/t
instanceKlass com/android/tools/r8/utils/structural/j
instanceKlass com/android/tools/r8/graph/i1
instanceKlass com/android/tools/r8/internal/go
instanceKlass com/android/tools/r8/internal/fK
instanceKlass com/android/tools/r8/internal/hK
instanceKlass com/android/tools/r8/internal/CK
instanceKlass com/android/tools/r8/internal/rK
instanceKlass com/android/tools/r8/internal/wK
instanceKlass com/android/tools/r8/internal/IK
instanceKlass com/android/tools/r8/internal/P0
instanceKlass com/android/tools/r8/internal/kK
instanceKlass com/android/tools/r8/graph/i3
instanceKlass com/android/tools/r8/graph/h3
instanceKlass com/android/tools/r8/graph/I4
instanceKlass com/android/tools/r8/graph/J4
instanceKlass com/android/tools/r8/graph/I4$a
instanceKlass com/android/tools/r8/utils/F3
instanceKlass com/android/tools/r8/internal/Nt
instanceKlass com/android/tools/r8/internal/tj
instanceKlass com/android/tools/r8/internal/Et
instanceKlass com/android/tools/r8/graph/f1$a
instanceKlass com/android/tools/r8/internal/jV
instanceKlass com/android/tools/r8/internal/Ea
instanceKlass com/android/tools/r8/internal/uo
instanceKlass com/android/tools/r8/internal/ph
instanceKlass com/android/tools/r8/ir/optimize/info/a
instanceKlass com/android/tools/r8/graph/X2
instanceKlass com/android/tools/r8/graph/x2
instanceKlass com/android/tools/r8/naming/U$c
instanceKlass com/android/tools/r8/ir/optimize/info/g
instanceKlass com/android/tools/r8/graph/x3$h
instanceKlass com/android/tools/r8/graph/x3$g
instanceKlass com/android/tools/r8/androidapi/g
instanceKlass com/android/tools/r8/androidapi/e
instanceKlass com/android/tools/r8/internal/tA
instanceKlass com/android/tools/r8/internal/wA
instanceKlass com/android/tools/r8/internal/Gz
instanceKlass com/android/tools/r8/shaking/E2
instanceKlass com/android/tools/r8/internal/uA
instanceKlass com/android/tools/r8/internal/ug
instanceKlass com/android/tools/r8/graph/c1$a
instanceKlass com/android/tools/r8/internal/Xz
instanceKlass com/android/tools/r8/internal/hA
instanceKlass com/android/tools/r8/shaking/b0
instanceKlass com/android/tools/r8/ir/optimize/info/e
instanceKlass com/android/tools/r8/ir/optimize/info/f
instanceKlass com/android/tools/r8/androidapi/f
instanceKlass com/android/tools/r8/internal/Sh
instanceKlass com/android/tools/r8/synthesis/f
instanceKlass com/android/tools/r8/internal/Xe
instanceKlass com/android/tools/r8/internal/YQ
instanceKlass com/android/tools/r8/graph/M
instanceKlass com/android/tools/r8/internal/XQ
instanceKlass com/android/tools/r8/internal/ZQ
instanceKlass com/android/tools/r8/internal/MG
instanceKlass com/android/tools/r8/internal/WQ
instanceKlass com/android/tools/r8/internal/K8
instanceKlass com/android/tools/r8/internal/p7
instanceKlass com/android/tools/r8/internal/e8
instanceKlass com/android/tools/r8/graph/U3
instanceKlass com/android/tools/r8/internal/Th
instanceKlass com/android/tools/r8/internal/RZ
instanceKlass com/android/tools/r8/utils/C
instanceKlass java/util/function/ToIntFunction
instanceKlass com/android/tools/r8/utils/structural/w
instanceKlass com/android/tools/r8/utils/structural/y
instanceKlass com/android/tools/r8/utils/structural/t
instanceKlass com/android/tools/r8/utils/structural/h
instanceKlass com/android/tools/r8/utils/structural/v
instanceKlass com/android/tools/r8/internal/Jd
instanceKlass com/android/tools/r8/graph/x3$i
instanceKlass com/android/tools/r8/graph/x3
instanceKlass com/android/tools/r8/graph/d4
instanceKlass com/android/tools/r8/internal/Wi
instanceKlass com/android/tools/r8/internal/FF
instanceKlass com/android/tools/r8/internal/B2
instanceKlass com/android/tools/r8/internal/UQ
instanceKlass com/android/tools/r8/internal/ld
instanceKlass com/android/tools/r8/internal/OA
instanceKlass com/android/tools/r8/internal/TY
instanceKlass com/android/tools/r8/internal/g4
instanceKlass com/android/tools/r8/internal/fb
instanceKlass java/util/concurrent/ForkJoinPool$DefaultForkJoinWorkerThreadFactory$1
instanceKlass jdk/internal/util/random/RandomSupport
instanceKlass java/util/Random
instanceKlass java/util/random/RandomGenerator
instanceKlass java/util/concurrent/ForkJoinTask$Aux
instanceKlass java/util/concurrent/ForkJoinTask
instanceKlass java/util/concurrent/RunnableFuture
instanceKlass java/util/concurrent/Future
instanceKlass java/util/concurrent/Callable
instanceKlass com/android/tools/r8/synthesis/F
instanceKlass com/android/tools/r8/graph/z2$a
instanceKlass com/android/tools/r8/graph/x3$b
instanceKlass com/android/tools/r8/graph/x3$d
instanceKlass com/android/tools/r8/graph/Z2
instanceKlass com/android/tools/r8/graph/i5
instanceKlass com/android/tools/r8/graph/Q
instanceKlass com/android/tools/r8/graph/S
instanceKlass com/android/tools/r8/graph/e4
instanceKlass java/io/RandomAccessFile$1
instanceKlass com/android/tools/r8/utils/k2
instanceKlass com/android/tools/r8/ProgramResource
instanceKlass com/android/tools/r8/internal/Us
instanceKlass com/android/tools/r8/internal/y6
instanceKlass com/android/tools/r8/graph/z
instanceKlass com/android/tools/r8/graph/X3
instanceKlass com/android/tools/r8/graph/t0
instanceKlass com/android/tools/r8/graph/u0
instanceKlass java/util/concurrent/ConcurrentLinkedQueue$Node
instanceKlass com/android/tools/r8/utils/c0
instanceKlass com/android/tools/r8/internal/C0
instanceKlass com/android/tools/r8/internal/xG
instanceKlass com/android/tools/r8/dex/m
instanceKlass com/android/tools/r8/dex/a
instanceKlass com/android/tools/r8/graph/n4
instanceKlass com/android/tools/r8/graph/o4
instanceKlass java/util/concurrent/atomic/AtomicReference
instanceKlass com/android/tools/r8/graph/c0
instanceKlass com/android/tools/r8/graph/Z
instanceKlass com/android/tools/r8/graph/e0
instanceKlass com/android/tools/r8/dex/c
instanceKlass com/android/tools/r8/utils/v3
instanceKlass com/android/tools/r8/utils/y3
instanceKlass com/android/tools/r8/utils/A3
instanceKlass java/util/concurrent/ForkJoinPool$WorkQueue
instanceKlass java/util/concurrent/ForkJoinPool$DefaultCommonPoolForkJoinWorkerThreadFactory
instanceKlass java/util/concurrent/ForkJoinPool$1
instanceKlass java/util/concurrent/ForkJoinPool$DefaultForkJoinWorkerThreadFactory
instanceKlass java/util/concurrent/ForkJoinPool$ForkJoinWorkerThreadFactory
instanceKlass java/util/concurrent/AbstractExecutorService
instanceKlass java/util/concurrent/Executors
instanceKlass com/android/tools/r8/utils/f3
instanceKlass com/android/tools/r8/utils/U1
instanceKlass com/android/tools/r8/internal/O3
instanceKlass com/android/tools/r8/utils/E2
instanceKlass com/android/tools/r8/internal/qg$a
instanceKlass com/android/tools/r8/internal/qg
instanceKlass com/android/tools/r8/dex/b
instanceKlass com/android/tools/r8/ClassConflictResolver
instanceKlass com/android/tools/r8/utils/X
instanceKlass com/android/tools/r8/internal/eo
instanceKlass com/android/tools/r8/inspector/Inspector
instanceKlass com/android/tools/r8/AssertionsConfiguration$Builder
instanceKlass com/android/tools/r8/AssertionsConfiguration
instanceKlass com/android/tools/r8/utils/D
instanceKlass com/android/tools/r8/utils/Y1
instanceKlass com/android/tools/r8/retrace/ProguardMapProducer
instanceKlass com/android/tools/r8/Y
instanceKlass java/util/logging/Logger$SystemLoggerHelper$1
instanceKlass java/util/logging/Logger$SystemLoggerHelper
instanceKlass java/util/logging/LogManager$4
instanceKlass jdk/internal/logger/BootstrapLogger$BootstrapExecutors
instanceKlass java/io/FilePermission$1
instanceKlass jdk/internal/access/JavaIOFilePermissionAccess
instanceKlass jdk/internal/logger/LoggerFinderLoader
instanceKlass java/util/stream/Streams
instanceKlass java/util/stream/Stream$Builder
instanceKlass java/util/stream/Streams$AbstractStreamBuilderImpl
instanceKlass java/util/stream/FindOps$FindOp
instanceKlass java/util/stream/FindOps$FindSink
instanceKlass java/util/stream/FindOps
instanceKlass java/util/ArrayList$ArrayListSpliterator
instanceKlass java/util/Hashtable$Enumerator
instanceKlass java/util/Collections$SynchronizedCollection
instanceKlass java/util/Properties$EntrySet
instanceKlass java/util/Collections$3
instanceKlass java/util/logging/LogManager$LoggerContext$1
instanceKlass java/util/logging/LogManager$VisitedLoggers
instanceKlass java/util/logging/LogManager$2
instanceKlass sun/security/util/SecurityProperties
instanceKlass sun/security/util/FilePermCompat
instanceKlass java/util/logging/LogManager$LoggingProviderAccess
instanceKlass java/lang/Shutdown$Lock
instanceKlass java/lang/Shutdown
instanceKlass java/lang/ApplicationShutdownHooks$1
instanceKlass java/lang/ApplicationShutdownHooks
instanceKlass java/util/logging/LogManager$LogNode
instanceKlass java/util/logging/LogManager$LoggerContext
instanceKlass java/util/logging/LogManager$1
instanceKlass java/util/logging/LogManager
instanceKlass java/util/logging/Logger$ConfigurationData
instanceKlass java/util/logging/Logger$LoggerBundle
instanceKlass java/util/logging/Level
instanceKlass java/util/logging/Handler
instanceKlass java/util/logging/Logger
instanceKlass com/android/tools/r8/internal/jM
instanceKlass java/util/IdentityHashMap$IdentityHashMapIterator
instanceKlass com/android/tools/r8/internal/KD
instanceKlass com/android/tools/r8/internal/LD
instanceKlass com/android/tools/r8/internal/ND
instanceKlass com/android/tools/r8/utils/A1$p$b
instanceKlass com/android/tools/r8/utils/A1$p$a
instanceKlass com/android/tools/r8/utils/I3
instanceKlass com/android/tools/r8/utils/j0
instanceKlass com/android/tools/r8/graph/w
instanceKlass com/android/tools/r8/shaking/H1
instanceKlass com/android/tools/r8/graph/V3
instanceKlass com/android/tools/r8/graph/h
instanceKlass com/android/tools/r8/shaking/g1
instanceKlass com/android/tools/r8/internal/iT
instanceKlass com/android/tools/r8/internal/jT
instanceKlass com/android/tools/r8/dex/t0
instanceKlass com/android/tools/r8/dex/Y
instanceKlass com/android/tools/r8/utils/g1
instanceKlass com/android/tools/r8/internal/TM
instanceKlass com/android/tools/r8/internal/Q2
instanceKlass com/android/tools/r8/internal/tC
instanceKlass com/android/tools/r8/utils/i1
instanceKlass com/android/tools/r8/internal/S2
instanceKlass com/android/tools/r8/utils/A1$p
instanceKlass com/android/tools/r8/internal/DW
instanceKlass com/android/tools/r8/internal/MM
instanceKlass com/android/tools/r8/internal/FW
instanceKlass com/android/tools/r8/internal/R3
instanceKlass com/android/tools/r8/utils/A1$k
instanceKlass com/android/tools/r8/utils/A1$f
instanceKlass com/android/tools/r8/utils/A1$a
instanceKlass com/android/tools/r8/utils/C1
instanceKlass com/android/tools/r8/internal/kR
instanceKlass com/android/tools/r8/utils/A1$o
instanceKlass com/android/tools/r8/utils/A1$l
instanceKlass com/android/tools/r8/utils/A1$h
instanceKlass sun/util/logging/PlatformLogger
instanceKlass sun/util/logging/PlatformLogger$ConfigurableBridge$LoggerConfiguration
instanceKlass jdk/internal/logger/BootstrapLogger$RedirectedLoggers
instanceKlass jdk/internal/logger/LazyLoggers$LazyLoggerAccessor
instanceKlass jdk/internal/logger/LazyLoggers$LoggerAccessor
instanceKlass jdk/internal/logger/AbstractLoggerWrapper
instanceKlass java/util/ServiceLoader$ProviderImpl
instanceKlass java/util/ServiceLoader$Provider
instanceKlass java/util/ServiceLoader$1
instanceKlass sun/util/logging/internal/LoggingProviderImpl$LogManagerAccess
instanceKlass java/util/concurrent/CopyOnWriteArrayList$COWIterator
instanceKlass jdk/internal/loader/URLClassPath$1
instanceKlass java/lang/CompoundEnumeration
instanceKlass jdk/internal/loader/BuiltinClassLoader$1
instanceKlass java/util/Collections$EmptyEnumeration
instanceKlass java/util/ServiceLoader$3
instanceKlass java/util/ServiceLoader$2
instanceKlass java/util/ServiceLoader$LazyClassPathLookupIterator
instanceKlass java/util/Spliterators$1Adapter
instanceKlass java/util/Spliterators$ArraySpliterator
instanceKlass java/util/ServiceLoader$ModuleServicesLookupIterator
instanceKlass java/util/ServiceLoader
instanceKlass jdk/internal/logger/BootstrapLogger$DetectBackend$1
instanceKlass jdk/internal/logger/BootstrapLogger$DetectBackend
instanceKlass jdk/internal/logger/BootstrapLogger
instanceKlass sun/util/logging/PlatformLogger$ConfigurableBridge
instanceKlass sun/util/logging/PlatformLogger$Bridge
instanceKlass jdk/internal/logger/DefaultLoggerFinder$1
instanceKlass java/lang/System$LoggerFinder
instanceKlass jdk/internal/logger/LazyLoggers$LazyLoggerFactories
instanceKlass jdk/internal/logger/LazyLoggers$1
instanceKlass jdk/internal/logger/LazyLoggers
instanceKlass jdk/internal/misc/ThreadTracker
instanceKlass jdk/internal/event/EventHelper$ThreadTrackHolder
instanceKlass sun/net/www/MessageHeader
instanceKlass sun/net/www/protocol/jar/JarFileFactory
instanceKlass sun/net/www/protocol/jar/URLJarFile$URLJarFileCloseController
instanceKlass java/net/URLConnection
instanceKlass jdk/internal/loader/BuiltinClassLoader$2
instanceKlass com/android/tools/r8/utils/N3
instanceKlass com/android/tools/r8/Version
instanceKlass com/android/tools/r8/utils/A1$i
instanceKlass com/android/tools/r8/utils/A1$e
instanceKlass com/android/tools/r8/utils/A1$d
instanceKlass com/android/tools/r8/utils/A1$c
instanceKlass com/android/tools/r8/utils/F1
instanceKlass com/android/tools/r8/utils/e3
instanceKlass com/android/tools/r8/internal/J1
instanceKlass com/android/tools/r8/utils/A1$m
instanceKlass com/android/tools/r8/utils/D1
instanceKlass java/util/concurrent/atomic/AtomicBoolean
instanceKlass com/android/tools/r8/utils/H0
instanceKlass com/android/tools/r8/internal/C9
instanceKlass com/android/tools/r8/graph/z5
instanceKlass com/android/tools/r8/internal/U00
instanceKlass com/android/tools/r8/internal/GD
instanceKlass com/android/tools/r8/internal/cu
instanceKlass com/android/tools/r8/utils/A1
instanceKlass com/android/tools/r8/shaking/L0
instanceKlass com/android/tools/r8/InputDependencyGraphConsumer
instanceKlass com/android/tools/r8/shaking/P2
instanceKlass com/android/tools/r8/internal/ul
instanceKlass com/android/tools/r8/internal/Cl
instanceKlass com/android/tools/r8/internal/pl
instanceKlass com/android/tools/r8/internal/wz
instanceKlass com/android/tools/r8/internal/vz
instanceKlass com/android/tools/r8/internal/uz
instanceKlass java/util/stream/Sink$ChainedInt
instanceKlass java/util/stream/Sink$OfInt
instanceKlass java/util/function/IntConsumer
instanceKlass java/util/function/IntFunction
instanceKlass java/util/stream/Streams$RangeIntSpliterator
instanceKlass java/util/stream/IntStream
instanceKlass com/android/tools/r8/internal/J0
instanceKlass com/android/tools/r8/internal/fJ
instanceKlass com/android/tools/r8/internal/UI
instanceKlass com/android/tools/r8/internal/tz
instanceKlass com/android/tools/r8/internal/xz
instanceKlass java/util/stream/Sink$ChainedReference
instanceKlass java/util/stream/ReduceOps$AccumulatingSink
instanceKlass java/util/stream/TerminalSink
instanceKlass java/util/stream/Sink
instanceKlass java/util/stream/ReduceOps$Box
instanceKlass java/util/stream/ReduceOps$ReduceOp
instanceKlass java/util/stream/TerminalOp
instanceKlass java/util/stream/ReduceOps
instanceKlass java/util/function/BinaryOperator
instanceKlass java/util/function/BiConsumer
instanceKlass java/util/stream/Collectors$CollectorImpl
instanceKlass java/util/stream/Collector
instanceKlass java/util/stream/Collectors
instanceKlass sun/reflect/annotation/AnnotationParser
instanceKlass java/lang/Class$3
instanceKlass java/util/EnumMap$1
instanceKlass java/util/stream/StreamOpFlag$MaskBuilder
instanceKlass java/util/stream/Stream
instanceKlass java/util/stream/BaseStream
instanceKlass java/util/stream/PipelineHelper
instanceKlass java/util/stream/StreamSupport
instanceKlass java/util/Spliterators$IteratorSpliterator
instanceKlass java/util/Spliterator$OfDouble
instanceKlass java/util/Spliterator$OfLong
instanceKlass java/util/Spliterator$OfInt
instanceKlass java/util/Spliterator$OfPrimitive
instanceKlass java/util/Spliterators$EmptySpliterator
instanceKlass java/util/Spliterators
instanceKlass com/android/tools/r8/internal/Wk
instanceKlass com/android/tools/r8/internal/QK
instanceKlass com/android/tools/r8/internal/el
instanceKlass com/android/tools/r8/synthesis/L$b
instanceKlass com/android/tools/r8/synthesis/K
instanceKlass com/android/tools/r8/internal/bl
instanceKlass com/android/tools/r8/synthesis/L
instanceKlass com/android/tools/r8/graph/j2
instanceKlass com/android/tools/r8/graph/g2
instanceKlass com/android/tools/r8/graph/a2
instanceKlass com/android/tools/r8/graph/S1
instanceKlass com/android/tools/r8/graph/e2
instanceKlass com/android/tools/r8/graph/c2
instanceKlass com/android/tools/r8/graph/x1
instanceKlass com/android/tools/r8/graph/d2
instanceKlass com/android/tools/r8/graph/J1
instanceKlass com/android/tools/r8/graph/Z1
instanceKlass com/android/tools/r8/graph/M1
instanceKlass com/android/tools/r8/graph/P1
instanceKlass com/android/tools/r8/graph/N1
instanceKlass com/android/tools/r8/graph/O1
instanceKlass com/android/tools/r8/graph/t1
instanceKlass com/android/tools/r8/graph/g
instanceKlass com/android/tools/r8/graph/G1
instanceKlass com/android/tools/r8/graph/E1
instanceKlass com/android/tools/r8/graph/D1
instanceKlass com/android/tools/r8/graph/w1
instanceKlass com/android/tools/r8/graph/y1$d
instanceKlass com/android/tools/r8/graph/f2
instanceKlass com/android/tools/r8/graph/A1
instanceKlass com/android/tools/r8/graph/y1$b
instanceKlass com/android/tools/r8/graph/b2
instanceKlass com/android/tools/r8/utils/j1
instanceKlass com/android/tools/r8/graph/i2
instanceKlass com/android/tools/r8/references/TypeReference
instanceKlass com/android/tools/r8/graph/t4
instanceKlass com/android/tools/r8/graph/y4
instanceKlass com/android/tools/r8/graph/B0
instanceKlass java/lang/invoke/LambdaFormEditor$1
instanceKlass java/lang/StrictMath
instanceKlass com/android/tools/r8/internal/cl
instanceKlass com/android/tools/r8/internal/is
instanceKlass com/android/tools/r8/internal/Nr
instanceKlass com/android/tools/r8/internal/EK
instanceKlass com/android/tools/r8/internal/sK
instanceKlass com/android/tools/r8/internal/yS
instanceKlass com/android/tools/r8/internal/ZU
instanceKlass com/android/tools/r8/internal/Pt
instanceKlass com/android/tools/r8/internal/qK
instanceKlass com/android/tools/r8/utils/structural/a
instanceKlass com/android/tools/r8/utils/structural/z
instanceKlass com/android/tools/r8/utils/structural/o
instanceKlass com/android/tools/r8/utils/structural/n
instanceKlass com/android/tools/r8/dex/X
instanceKlass com/android/tools/r8/utils/L
instanceKlass com/android/tools/r8/internal/ar
instanceKlass com/android/tools/r8/internal/C
instanceKlass com/android/tools/r8/internal/Pq
instanceKlass com/android/tools/r8/internal/Tj
instanceKlass com/android/tools/r8/internal/O00
instanceKlass com/android/tools/r8/graph/X1
instanceKlass com/android/tools/r8/graph/y1
instanceKlass com/android/tools/r8/utils/structural/r
instanceKlass com/android/tools/r8/utils/S0$a
instanceKlass com/android/tools/r8/utils/O
instanceKlass com/android/tools/r8/utils/J0
instanceKlass com/android/tools/r8/utils/P2
instanceKlass com/android/tools/r8/internal/qM
instanceKlass com/android/tools/r8/position/Position
instanceKlass com/android/tools/r8/shaking/K0
instanceKlass com/android/tools/r8/utils/ArchiveResourceProvider
instanceKlass com/android/tools/r8/DataResourceProvider
instanceKlass java/lang/invoke/MethodHandles$1
instanceKlass java/lang/Long$LongCache
instanceKlass com/android/tools/r8/b
instanceKlass com/android/tools/r8/internal/Pb
instanceKlass com/android/tools/r8/internal/v0
instanceKlass com/android/tools/r8/internal/fk
instanceKlass com/android/tools/r8/internal/fL
instanceKlass com/android/tools/r8/internal/Fm
instanceKlass com/android/tools/r8/internal/S4
instanceKlass com/android/tools/r8/utils/u0
instanceKlass com/android/tools/r8/utils/R3
instanceKlass java/util/zip/ZipFile$ZipEntryIterator
instanceKlass java/util/function/Predicate
instanceKlass com/android/tools/r8/utils/q1
instanceKlass com/android/tools/r8/utils/Y0
instanceKlass sun/nio/fs/WindowsPath$1
instanceKlass com/android/tools/r8/utils/b3
instanceKlass com/android/tools/r8/utils/b1
instanceKlass java/util/function/Consumer
instanceKlass com/android/tools/r8/internal/rm
instanceKlass java/util/Spliterator
instanceKlass com/android/tools/r8/r$a
instanceKlass com/android/tools/r8/r
instanceKlass java/util/function/BiPredicate
instanceKlass com/android/tools/r8/utils/p$a
instanceKlass com/android/tools/r8/DataResource
instanceKlass com/android/tools/r8/DataResourceProvider$Visitor
instanceKlass com/android/tools/r8/internal/nb
instanceKlass com/android/tools/r8/utils/p
instanceKlass com/android/tools/r8/utils/Q2
instanceKlass com/android/tools/r8/q
instanceKlass com/android/tools/r8/GlobalSyntheticsConsumer
instanceKlass com/android/tools/r8/PartitionMapConsumer
instanceKlass com/android/tools/r8/internal/sf
instanceKlass com/android/tools/r8/ClassFileConsumer$ForwardingConsumer
instanceKlass com/android/tools/r8/ClassFileConsumer
instanceKlass com/android/tools/r8/DexFilePerClassFileConsumer$ForwardingConsumer
instanceKlass com/android/tools/r8/DexFilePerClassFileConsumer
instanceKlass com/android/tools/r8/U
instanceKlass com/android/tools/r8/DataResourceConsumer
instanceKlass com/android/tools/r8/DexIndexedConsumer$ForwardingConsumer
instanceKlass com/android/tools/r8/DexIndexedConsumer
instanceKlass com/android/tools/r8/ByteBufferProvider
instanceKlass com/android/tools/r8/ProgramConsumer
instanceKlass com/android/tools/r8/internal/LM
instanceKlass com/android/tools/r8/internal/G10
instanceKlass com/android/tools/r8/internal/hl
instanceKlass com/android/tools/r8/internal/bs
instanceKlass com/android/tools/r8/internal/cs
instanceKlass com/android/tools/r8/internal/in
instanceKlass com/android/tools/r8/profile/art/ArtProfileProvider
instanceKlass com/android/tools/r8/profile/art/ArtProfileConsumer
instanceKlass com/android/tools/r8/StringConsumer
instanceKlass com/android/tools/r8/m0
instanceKlass com/android/tools/r8/Resource
instanceKlass com/android/tools/r8/ClassFileResourceProvider
instanceKlass com/android/tools/r8/o
instanceKlass com/android/tools/r8/naming/P
instanceKlass com/android/tools/r8/M
instanceKlass com/android/tools/r8/utils/P0
instanceKlass com/android/tools/r8/DiagnosticsHandler
instanceKlass com/android/tools/r8/utils/S0
instanceKlass com/android/tools/r8/utils/T0
instanceKlass java/lang/PublicMethods$Key
instanceKlass java/lang/PublicMethods$MethodList
instanceKlass java/util/concurrent/ExecutorService
instanceKlass java/util/concurrent/Executor
instanceKlass com/android/tools/r8/internal/GW
instanceKlass com/android/tools/r8/internal/b1
instanceKlass com/android/tools/r8/internal/qd
instanceKlass com/android/tools/r8/internal/x1
instanceKlass com/android/tools/r8/graph/h5
instanceKlass com/android/tools/r8/graph/r0
instanceKlass com/android/tools/r8/ProgramResourceProvider
instanceKlass com/android/tools/r8/dex/k
instanceKlass com/android/tools/r8/Diagnostic
instanceKlass com/android/tools/r8/internal/Im
instanceKlass com/android/tools/r8/graph/s0
instanceKlass com/android/tools/r8/graph/Z0
instanceKlass com/android/tools/r8/utils/structural/x
instanceKlass com/android/tools/r8/utils/structural/s
instanceKlass com/android/tools/r8/utils/structural/k
instanceKlass com/android/tools/r8/graph/B5
instanceKlass com/android/tools/r8/graph/w5
instanceKlass com/android/tools/r8/graph/C5
instanceKlass com/android/tools/r8/graph/x5
instanceKlass com/android/tools/r8/graph/j1
instanceKlass com/android/tools/r8/graph/Y
instanceKlass com/android/tools/r8/graph/O
instanceKlass com/android/tools/r8/graph/j0
instanceKlass jdk/internal/reflect/ClassDefiner$1
instanceKlass jdk/internal/reflect/ClassDefiner
instanceKlass jdk/internal/reflect/MethodAccessorGenerator$1
instanceKlass jdk/internal/reflect/Label$PatchInfo
instanceKlass jdk/internal/reflect/Label
instanceKlass jdk/internal/reflect/UTF8
instanceKlass jdk/internal/reflect/ClassFileAssembler
instanceKlass jdk/internal/reflect/ByteVectorImpl
instanceKlass jdk/internal/reflect/ByteVector
instanceKlass jdk/internal/reflect/ByteVectorFactory
instanceKlass jdk/internal/reflect/AccessorGenerator
instanceKlass jdk/internal/reflect/ClassFileConstants
instanceKlass com/android/tools/r8/BaseCommand$Builder
instanceKlass com/android/tools/r8/origin/Origin
instanceKlass com/android/tools/r8/naming/p0
instanceKlass com/android/tools/r8/BaseCommand
instanceKlass com/android/tools/r8/D8
instanceKlass java/security/SecureClassLoader$DebugHolder
instanceKlass java/security/PermissionCollection
instanceKlass java/security/SecureClassLoader$1
instanceKlass java/security/SecureClassLoader$CodeSourceKey
instanceKlass java/util/zip/Checksum$1
instanceKlass java/util/zip/CRC32
instanceKlass java/util/zip/Checksum
instanceKlass sun/nio/ByteBuffered
instanceKlass sun/security/util/ManifestEntryVerifier$SunProviderHolder
instanceKlass java/lang/Package$VersionInfo
instanceKlass java/lang/NamedPackage
instanceKlass java/util/Base64$Encoder
instanceKlass java/util/Base64$Decoder
instanceKlass java/util/Base64
instanceKlass javax/crypto/SecretKey
instanceKlass sun/security/util/Length
instanceKlass sun/security/util/KeyUtil
instanceKlass java/security/interfaces/XECKey
instanceKlass java/security/interfaces/ECKey
instanceKlass sun/security/util/JarConstraintsParameters
instanceKlass sun/security/util/ConstraintsParameters
instanceKlass java/security/Timestamp
instanceKlass sun/security/timestamp/TimestampToken
instanceKlass java/security/cert/CertPath
instanceKlass java/math/MutableBigInteger
instanceKlass sun/security/rsa/RSAPadding
instanceKlass sun/security/rsa/RSACore
instanceKlass java/security/interfaces/RSAPrivateCrtKey
instanceKlass sun/security/pkcs/PKCS8Key
instanceKlass java/security/interfaces/RSAPrivateKey
instanceKlass java/security/PrivateKey
instanceKlass javax/security/auth/Destroyable
instanceKlass sun/security/jca/ServiceId
instanceKlass java/security/Signature$1
instanceKlass jdk/internal/access/JavaSecuritySignatureAccess
instanceKlass java/security/SignatureSpi
instanceKlass jdk/internal/icu/util/CodePointTrie$Data
instanceKlass jdk/internal/icu/util/CodePointTrie$1
instanceKlass jdk/internal/icu/util/CodePointMap
instanceKlass jdk/internal/icu/util/VersionInfo
instanceKlass jdk/internal/jimage/ImageLocation
instanceKlass jdk/internal/jimage/decompressor/Decompressor
instanceKlass jdk/internal/jimage/ImageStringsReader
instanceKlass jdk/internal/jimage/ImageStrings
instanceKlass jdk/internal/jimage/ImageHeader
instanceKlass jdk/internal/jimage/NativeImageBuffer$1
instanceKlass jdk/internal/jimage/NativeImageBuffer
instanceKlass jdk/internal/jimage/BasicImageReader$1
instanceKlass jdk/internal/jimage/BasicImageReader
instanceKlass jdk/internal/jimage/ImageReader
instanceKlass jdk/internal/jimage/ImageReaderFactory$1
instanceKlass java/nio/file/FileSystems$DefaultFileSystemHolder$1
instanceKlass java/nio/file/FileSystems$DefaultFileSystemHolder
instanceKlass java/nio/file/FileSystems
instanceKlass java/nio/file/Paths
instanceKlass jdk/internal/jimage/ImageReaderFactory
instanceKlass jdk/internal/module/SystemModuleFinders$SystemImage
instanceKlass jdk/internal/module/SystemModuleFinders$SystemModuleReader
instanceKlass java/lang/module/ModuleReader
instanceKlass jdk/internal/loader/BuiltinClassLoader$5
instanceKlass jdk/internal/module/Checks
instanceKlass jdk/internal/module/Resources
instanceKlass jdk/internal/icu/impl/ICUBinary$1
instanceKlass jdk/internal/icu/impl/ICUBinary
instanceKlass jdk/internal/icu/impl/NormalizerImpl$IsAcceptable
instanceKlass jdk/internal/icu/impl/ICUBinary$Authenticate
instanceKlass jdk/internal/icu/impl/NormalizerImpl
instanceKlass jdk/internal/icu/impl/Norm2AllModes$Norm2AllModesSingleton
instanceKlass jdk/internal/icu/impl/Norm2AllModes$NFKCSingleton
instanceKlass jdk/internal/icu/impl/Norm2AllModes
instanceKlass jdk/internal/icu/text/Normalizer2
instanceKlass jdk/internal/icu/text/NormalizerBase$ModeImpl
instanceKlass jdk/internal/icu/text/NormalizerBase$NFKDModeImpl
instanceKlass jdk/internal/icu/text/NormalizerBase$1
instanceKlass jdk/internal/icu/text/NormalizerBase$Mode
instanceKlass jdk/internal/icu/text/NormalizerBase
instanceKlass java/text/Normalizer
instanceKlass sun/security/x509/AVAKeyword
instanceKlass java/util/StringJoiner
instanceKlass sun/security/util/SignatureUtil
instanceKlass java/lang/constant/DynamicConstantDesc
instanceKlass java/lang/constant/DirectMethodHandleDesc$1
instanceKlass java/lang/constant/DirectMethodHandleDescImpl$1
instanceKlass java/lang/constant/DirectMethodHandleDescImpl
instanceKlass java/lang/constant/DirectMethodHandleDesc
instanceKlass java/lang/constant/MethodHandleDesc$1
instanceKlass java/lang/constant/MethodHandleDesc
instanceKlass java/lang/constant/MethodTypeDescImpl
instanceKlass java/lang/constant/MethodTypeDesc
instanceKlass java/lang/constant/ReferenceClassDescImpl
instanceKlass java/lang/constant/ConstantUtils
instanceKlass java/lang/constant/ClassDesc
instanceKlass java/lang/constant/ConstantDescs
instanceKlass java/lang/invoke/VarHandle$2
instanceKlass java/lang/invoke/VarHandle$TypesAndInvokers
instanceKlass java/lang/invoke/VarHandle$AccessDescriptor
instanceKlass java/lang/invoke/VarHandleByteArrayBase
instanceKlass sun/security/provider/ByteArrayAccess$BE
instanceKlass sun/security/provider/ByteArrayAccess
instanceKlass sun/security/util/MessageDigestSpi2
instanceKlass java/security/MessageDigestSpi
instanceKlass sun/security/pkcs/ESSCertId
instanceKlass sun/security/pkcs/SigningCertificateInfo
instanceKlass java/lang/Byte$ByteCache
instanceKlass sun/security/pkcs/PKCS9Attribute
instanceKlass sun/security/pkcs/PKCS9Attributes
instanceKlass java/time/Instant
instanceKlass java/time/zone/ZoneOffsetTransition
instanceKlass java/time/LocalTime
instanceKlass java/time/temporal/ValueRange
instanceKlass java/time/Duration
instanceKlass java/time/temporal/TemporalAmount
instanceKlass java/time/temporal/TemporalUnit
instanceKlass java/time/temporal/TemporalField
instanceKlass java/time/LocalDate
instanceKlass java/time/chrono/ChronoLocalDate
instanceKlass java/time/ZonedDateTime
instanceKlass java/time/chrono/ChronoZonedDateTime
instanceKlass java/time/LocalDateTime
instanceKlass java/time/chrono/ChronoLocalDateTime
instanceKlass java/time/temporal/Temporal
instanceKlass java/time/zone/ZoneOffsetTransitionRule
instanceKlass java/time/zone/ZoneRules
instanceKlass java/time/temporal/TemporalAdjuster
instanceKlass java/time/temporal/TemporalAccessor
instanceKlass java/time/ZoneId
instanceKlass java/util/regex/Pattern$BmpCharPredicate
instanceKlass java/util/regex/CharPredicates
instanceKlass sun/security/util/DisabledAlgorithmConstraints$Constraints$Holder
instanceKlass sun/security/util/DisabledAlgorithmConstraints$1
instanceKlass sun/security/util/DisabledAlgorithmConstraints$Constraint
instanceKlass java/util/StringTokenizer
instanceKlass java/security/spec/ECFieldF2m
instanceKlass java/security/spec/ECParameterSpec
instanceKlass java/security/spec/ECPoint
instanceKlass java/security/spec/EllipticCurve
instanceKlass java/security/spec/ECFieldFp
instanceKlass java/security/spec/ECField
instanceKlass sun/security/util/CurveDB
instanceKlass sun/security/util/DisabledAlgorithmConstraints$Constraints
instanceKlass java/util/regex/IntHashSet
instanceKlass java/util/regex/Matcher
instanceKlass java/util/regex/MatchResult
instanceKlass java/util/TreeMap$PrivateEntryIterator
instanceKlass java/util/NavigableSet
instanceKlass java/util/SortedSet
instanceKlass sun/security/util/AbstractAlgorithmConstraints$1
instanceKlass sun/security/util/AlgorithmDecomposer
instanceKlass sun/security/util/DisabledAlgorithmConstraints$JarHolder
instanceKlass java/util/regex/Pattern$TreeInfo
instanceKlass java/util/regex/Pattern$CharPredicate
instanceKlass java/util/regex/ASCII
instanceKlass java/util/regex/Pattern$Node
instanceKlass java/util/regex/Pattern
instanceKlass sun/security/util/AbstractAlgorithmConstraints
instanceKlass java/security/AlgorithmConstraints
instanceKlass sun/security/pkcs/SignerInfo
instanceKlass java/security/cert/PolicyQualifierInfo
instanceKlass sun/security/x509/CertificatePolicyId
instanceKlass sun/security/x509/PolicyInformation
instanceKlass sun/security/x509/DistributionPoint
instanceKlass sun/security/x509/DNSName
instanceKlass java/net/URI$Parser
instanceKlass sun/security/x509/URIName
instanceKlass sun/security/x509/GeneralName
instanceKlass sun/security/x509/AccessDescription
instanceKlass sun/security/x509/GeneralNames
instanceKlass java/lang/invoke/VarForm
instanceKlass java/lang/invoke/VarHandleGuards
instanceKlass jdk/internal/util/Preconditions$1
instanceKlass java/util/function/BiFunction
instanceKlass java/lang/invoke/VarHandle$1
instanceKlass java/lang/invoke/VarHandles
instanceKlass java/lang/System$Logger
instanceKlass jdk/internal/event/EventHelper
instanceKlass sun/security/jca/JCAUtil
instanceKlass sun/security/util/MemoryCache$CacheEntry
instanceKlass sun/security/x509/X509AttributeName
instanceKlass sun/security/x509/KeyIdentifier
instanceKlass java/util/TreeMap$Entry
instanceKlass sun/security/x509/OIDMap$OIDInfo
instanceKlass sun/security/x509/PKIXExtensions
instanceKlass sun/security/x509/OIDMap
instanceKlass sun/security/x509/Extension
instanceKlass java/security/cert/Extension
instanceKlass java/util/Collections$SynchronizedMap
instanceKlass java/util/NavigableMap
instanceKlass java/util/SortedMap
instanceKlass sun/security/x509/CertificateExtensions
instanceKlass sun/security/rsa/RSAUtil
instanceKlass sun/security/util/IOUtils
instanceKlass java/security/interfaces/RSAPublicKey
instanceKlass java/security/interfaces/RSAKey
instanceKlass java/security/spec/PSSParameterSpec
instanceKlass java/security/spec/AlgorithmParameterSpec
instanceKlass java/security/spec/RSAPrivateKeySpec
instanceKlass java/security/spec/RSAPublicKeySpec
instanceKlass java/security/KeyFactorySpi
instanceKlass sun/security/rsa/SunRsaSignEntries
instanceKlass sun/security/jca/ProviderList$ServiceList$1
instanceKlass java/security/KeyFactory
instanceKlass java/security/spec/EncodedKeySpec$1
instanceKlass jdk/internal/access/JavaSecuritySpecAccess
instanceKlass java/security/spec/EncodedKeySpec
instanceKlass java/security/spec/KeySpec
instanceKlass sun/security/util/BitArray
instanceKlass sun/security/x509/X509Key
instanceKlass java/security/PublicKey
instanceKlass java/security/Key
instanceKlass sun/security/x509/CertificateX509Key
instanceKlass java/util/Date
instanceKlass sun/util/calendar/CalendarUtils
instanceKlass sun/util/calendar/CalendarDate
instanceKlass sun/util/calendar/CalendarSystem$GregorianHolder
instanceKlass sun/util/calendar/CalendarSystem
instanceKlass sun/security/x509/CertificateValidity
instanceKlass sun/security/x509/AVA
instanceKlass sun/security/x509/RDN
instanceKlass javax/security/auth/x500/X500Principal
instanceKlass sun/security/x509/X500Name$1
instanceKlass sun/security/x509/X500Name
instanceKlass sun/security/x509/GeneralNameInterface
instanceKlass sun/security/x509/CertificateAlgorithmId
instanceKlass sun/security/x509/SerialNumber
instanceKlass sun/security/x509/CertificateSerialNumber
instanceKlass sun/security/x509/CertificateVersion
instanceKlass sun/security/x509/X509CertInfo
instanceKlass sun/security/x509/CertAttrSet
instanceKlass sun/security/util/Cache$EqualByteArray
instanceKlass java/security/cert/X509Extension
instanceKlass sun/security/jca/GetInstance$Instance
instanceKlass sun/security/util/Cache
instanceKlass jdk/internal/event/Event
instanceKlass sun/security/jca/GetInstance
instanceKlass java/security/cert/CertificateFactorySpi
instanceKlass java/security/cert/CertificateFactory
instanceKlass sun/security/x509/AlgorithmId
instanceKlass sun/security/util/ByteArrayTagOrder
instanceKlass sun/security/util/ByteArrayLexOrder
instanceKlass sun/security/util/DerEncoder
instanceKlass sun/security/util/DerValue
instanceKlass sun/security/util/ObjectIdentifier
instanceKlass sun/security/pkcs/ContentInfo
instanceKlass sun/security/util/DerInputStream
instanceKlass sun/security/pkcs/PKCS7
instanceKlass java/util/Collections$EmptyIterator
instanceKlass java/util/LinkedHashMap$LinkedHashIterator
instanceKlass sun/security/util/SecurityProviderConstants
instanceKlass java/security/Provider$UString
instanceKlass java/security/Provider$Service
instanceKlass sun/security/provider/NativePRNG$NonBlocking
instanceKlass sun/security/provider/NativePRNG$Blocking
instanceKlass sun/security/provider/NativePRNG
instanceKlass sun/security/provider/SunEntries$1
instanceKlass sun/security/provider/SunEntries
instanceKlass sun/security/util/SecurityConstants
instanceKlass java/security/Security$2
instanceKlass jdk/internal/access/JavaSecurityPropertiesAccess
instanceKlass java/util/concurrent/ConcurrentHashMap$MapEntry
instanceKlass java/io/FileInputStream$1
instanceKlass java/util/Properties$LineReader
instanceKlass java/security/Security$1
instanceKlass java/security/Security
instanceKlass sun/security/jca/ProviderList$2
instanceKlass jdk/internal/math/FloatingDecimal$ASCIIToBinaryBuffer
instanceKlass jdk/internal/math/FloatingDecimal$PreparedASCIIToBinaryBuffer
instanceKlass jdk/internal/math/FloatingDecimal$ASCIIToBinaryConverter
instanceKlass jdk/internal/math/FloatingDecimal$BinaryToASCIIBuffer
instanceKlass jdk/internal/math/FloatingDecimal$ExceptionalBinaryToASCIIBuffer
instanceKlass jdk/internal/math/FloatingDecimal$BinaryToASCIIConverter
instanceKlass jdk/internal/math/FloatingDecimal
instanceKlass javax/security/auth/login/Configuration$Parameters
instanceKlass java/security/Policy$Parameters
instanceKlass java/security/cert/CertStoreParameters
instanceKlass java/security/SecureRandomParameters
instanceKlass java/security/Provider$EngineDescription
instanceKlass java/security/Provider$ServiceKey
instanceKlass sun/security/jca/ProviderConfig
instanceKlass sun/security/jca/ProviderList
instanceKlass sun/security/jca/Providers
instanceKlass jdk/internal/org/objectweb/asm/FieldVisitor
instanceKlass java/lang/invoke/InvokerBytecodeGenerator$ClassData
instanceKlass jdk/internal/org/objectweb/asm/Frame
instanceKlass java/lang/invoke/LambdaFormBuffer
instanceKlass java/lang/invoke/LambdaFormEditor$TransformKey
instanceKlass java/lang/invoke/LambdaFormEditor
instanceKlass sun/invoke/util/Wrapper$1
instanceKlass java/lang/invoke/DelegatingMethodHandle$Holder
instanceKlass java/lang/invoke/DirectMethodHandle$2
instanceKlass sun/invoke/empty/Empty
instanceKlass sun/invoke/util/VerifyType
instanceKlass java/lang/invoke/ClassSpecializer$Factory
instanceKlass java/lang/invoke/ClassSpecializer$SpeciesData
instanceKlass java/lang/invoke/ClassSpecializer$1
instanceKlass java/lang/invoke/ClassSpecializer
instanceKlass java/lang/invoke/InnerClassLambdaMetafactory$1
instanceKlass java/lang/invoke/MethodHandles$Lookup$ClassDefiner
instanceKlass jdk/internal/org/objectweb/asm/ClassReader
instanceKlass java/lang/invoke/MethodHandles$Lookup$ClassFile
instanceKlass jdk/internal/org/objectweb/asm/AnnotationVisitor
instanceKlass jdk/internal/org/objectweb/asm/Attribute
instanceKlass jdk/internal/org/objectweb/asm/Handler
instanceKlass jdk/internal/org/objectweb/asm/Label
instanceKlass jdk/internal/org/objectweb/asm/MethodVisitor
instanceKlass java/lang/invoke/LambdaProxyClassArchive
instanceKlass jdk/internal/org/objectweb/asm/ByteVector
instanceKlass jdk/internal/org/objectweb/asm/Symbol
instanceKlass jdk/internal/org/objectweb/asm/SymbolTable
instanceKlass jdk/internal/org/objectweb/asm/ClassVisitor
instanceKlass java/lang/invoke/InfoFromMemberName
instanceKlass java/lang/invoke/MethodHandleInfo
instanceKlass jdk/internal/org/objectweb/asm/ConstantDynamic
instanceKlass sun/invoke/util/BytecodeDescriptor
instanceKlass jdk/internal/org/objectweb/asm/Handle
instanceKlass sun/security/action/GetBooleanAction
instanceKlass jdk/internal/org/objectweb/asm/Type
instanceKlass java/lang/invoke/AbstractValidatingLambdaMetafactory
instanceKlass java/lang/invoke/MethodHandleImpl$1
instanceKlass jdk/internal/access/JavaLangInvokeAccess
instanceKlass java/lang/invoke/Invokers$Holder
instanceKlass java/lang/invoke/BootstrapMethodInvoker
instanceKlass java/lang/invoke/InvokerBytecodeGenerator$2
instanceKlass java/lang/invoke/InvokerBytecodeGenerator
instanceKlass java/lang/invoke/LambdaForm$Holder
instanceKlass java/lang/invoke/LambdaForm$Name
instanceKlass java/lang/invoke/Invokers
instanceKlass java/lang/invoke/MethodHandleImpl
instanceKlass sun/invoke/util/ValueConversions
instanceKlass java/lang/invoke/DirectMethodHandle$Holder
instanceKlass java/lang/invoke/LambdaForm$NamedFunction
instanceKlass sun/invoke/util/Wrapper$Format
instanceKlass java/lang/invoke/MethodTypeForm
instanceKlass java/lang/Void
instanceKlass java/lang/invoke/MethodType$ConcurrentWeakInternSet
instanceKlass java/lang/invoke/LambdaMetafactory
instanceKlass sun/security/util/ManifestDigester$Section
instanceKlass sun/security/util/ManifestDigester$Entry
instanceKlass sun/security/util/ManifestDigester$Position
instanceKlass sun/security/util/ManifestDigester
instanceKlass sun/security/util/ManifestEntryVerifier
instanceKlass java/util/jar/Attributes$Name
instanceKlass java/util/jar/Attributes
instanceKlass java/security/CodeSigner
instanceKlass java/util/jar/JarVerifier
instanceKlass jdk/internal/loader/Resource
instanceKlass java/util/ArrayList$Itr
instanceKlass sun/security/action/GetIntegerAction
instanceKlass sun/security/util/Debug
instanceKlass sun/security/util/SignatureFileVerifier
instanceKlass java/util/zip/ZipFile$InflaterCleanupAction
instanceKlass java/util/zip/Inflater$InflaterZStreamRef
instanceKlass java/util/zip/Inflater
instanceKlass java/util/zip/ZipEntry
instanceKlass jdk/internal/util/jar/JarIndex
instanceKlass java/nio/Bits$1
instanceKlass jdk/internal/misc/VM$BufferPool
instanceKlass java/nio/Bits
instanceKlass sun/nio/ch/DirectBuffer
instanceKlass jdk/internal/perf/PerfCounter$CoreCounters
instanceKlass jdk/internal/perf/Perf
instanceKlass jdk/internal/perf/Perf$GetPerfAction
instanceKlass jdk/internal/perf/PerfCounter
instanceKlass java/nio/file/attribute/FileTime
instanceKlass java/util/zip/ZipUtils
instanceKlass java/util/zip/ZipFile$Source$End
instanceKlass java/io/RandomAccessFile$2
instanceKlass jdk/internal/access/JavaIORandomAccessFileAccess
instanceKlass java/io/RandomAccessFile
instanceKlass java/io/DataInput
instanceKlass java/io/DataOutput
instanceKlass sun/nio/fs/WindowsNativeDispatcher$CompletionStatus
instanceKlass sun/nio/fs/WindowsNativeDispatcher$AclInformation
instanceKlass sun/nio/fs/WindowsNativeDispatcher$Account
instanceKlass sun/nio/fs/WindowsNativeDispatcher$DiskFreeSpace
instanceKlass sun/nio/fs/WindowsNativeDispatcher$VolumeInformation
instanceKlass sun/nio/fs/WindowsNativeDispatcher$FirstStream
instanceKlass sun/nio/fs/WindowsNativeDispatcher$FirstFile
instanceKlass java/util/Enumeration
instanceKlass java/util/concurrent/ConcurrentHashMap$Traverser
instanceKlass java/util/concurrent/ConcurrentHashMap$CollectionView
instanceKlass jdk/internal/loader/NativeLibraries$NativeLibraryImpl
instanceKlass jdk/internal/loader/NativeLibrary
instanceKlass java/util/ArrayDeque$DeqIterator
instanceKlass jdk/internal/loader/NativeLibraries$1
instanceKlass jdk/internal/loader/NativeLibraries$LibraryPaths
instanceKlass sun/nio/fs/WindowsNativeDispatcher
instanceKlass sun/nio/fs/NativeBuffer$Deallocator
instanceKlass sun/nio/fs/NativeBuffer
instanceKlass java/lang/ThreadLocal$ThreadLocalMap
instanceKlass sun/nio/fs/NativeBuffers
instanceKlass sun/nio/fs/WindowsFileAttributes
instanceKlass java/nio/file/attribute/DosFileAttributes
instanceKlass sun/nio/fs/AbstractBasicFileAttributeView
instanceKlass sun/nio/fs/DynamicFileAttributeView
instanceKlass sun/nio/fs/WindowsFileAttributeViews
instanceKlass sun/nio/fs/Util
instanceKlass java/nio/file/attribute/BasicFileAttributeView
instanceKlass java/nio/file/attribute/FileAttributeView
instanceKlass java/nio/file/attribute/AttributeView
instanceKlass java/nio/file/Files
instanceKlass java/nio/file/CopyOption
instanceKlass java/nio/file/attribute/BasicFileAttributes
instanceKlass sun/nio/fs/WindowsPath
instanceKlass java/nio/file/Path
instanceKlass java/nio/file/Watchable
instanceKlass java/util/zip/ZipFile$Source$Key
instanceKlass sun/nio/fs/WindowsPathParser$Result
instanceKlass sun/nio/fs/WindowsPathParser
instanceKlass java/util/Collections$UnmodifiableCollection
instanceKlass java/util/Arrays$ArrayItr
instanceKlass java/nio/file/FileSystem
instanceKlass java/nio/file/OpenOption
instanceKlass java/nio/file/spi/FileSystemProvider
instanceKlass sun/nio/fs/DefaultFileSystemProvider
instanceKlass java/util/zip/ZipFile$Source
instanceKlass java/lang/ref/Cleaner$Cleanable
instanceKlass jdk/internal/ref/CleanerImpl
instanceKlass java/lang/ref/Cleaner$1
instanceKlass java/lang/ref/Cleaner
instanceKlass jdk/internal/ref/CleanerFactory$1
instanceKlass java/util/concurrent/ThreadFactory
instanceKlass jdk/internal/ref/CleanerFactory
instanceKlass java/util/zip/ZipCoder
instanceKlass java/util/zip/ZipFile$CleanableResource
instanceKlass java/lang/Runtime$Version
instanceKlass java/util/jar/JavaUtilJarAccessImpl
instanceKlass jdk/internal/access/JavaUtilJarAccess
instanceKlass java/nio/charset/CoderResult
instanceKlass java/lang/Readable
instanceKlass jdk/internal/loader/FileURLMapper
instanceKlass jdk/internal/loader/URLClassPath$JarLoader$1
instanceKlass java/util/zip/ZipFile$1
instanceKlass jdk/internal/access/JavaUtilZipFileAccess
instanceKlass java/util/zip/ZipFile
instanceKlass java/util/zip/ZipConstants
instanceKlass jdk/internal/loader/URLClassPath$Loader
instanceKlass jdk/internal/loader/URLClassPath$3
instanceKlass java/security/PrivilegedExceptionAction
instanceKlass sun/util/locale/LocaleUtils
instanceKlass sun/util/locale/BaseLocale
instanceKlass java/util/Locale
instanceKlass sun/net/util/URLUtil
instanceKlass sun/launcher/LauncherHelper
instanceKlass java/lang/reflect/Array
instanceKlass java/lang/invoke/StringConcatFactory$3
instanceKlass java/lang/invoke/StringConcatFactory$2
instanceKlass java/lang/invoke/StringConcatFactory$1
instanceKlass java/lang/invoke/StringConcatFactory
instanceKlass java/lang/ModuleLayer$Controller
instanceKlass java/util/concurrent/CopyOnWriteArrayList
instanceKlass jdk/internal/module/ServicesCatalog$ServiceProvider
instanceKlass jdk/internal/loader/AbstractClassLoaderValue$Memoizer
instanceKlass java/util/ImmutableCollections$ListItr
instanceKlass java/util/ListIterator
instanceKlass java/lang/ModuleLayer
instanceKlass jdk/internal/module/ModuleLoaderMap$Modules
instanceKlass jdk/internal/module/ModuleLoaderMap$Mapper
instanceKlass java/util/function/Function
instanceKlass jdk/internal/module/ModuleLoaderMap
instanceKlass java/util/AbstractMap$1$1
instanceKlass java/lang/module/ResolvedModule
instanceKlass java/lang/module/Configuration
instanceKlass jdk/internal/loader/BuiltinClassLoader$LoadedModule
instanceKlass jdk/internal/loader/AbstractClassLoaderValue
instanceKlass jdk/internal/module/ServicesCatalog
instanceKlass jdk/internal/util/Preconditions
instanceKlass sun/net/util/IPAddressUtil
instanceKlass java/net/URLStreamHandler
instanceKlass java/util/HexFormat
instanceKlass sun/net/www/ParseUtil
instanceKlass java/net/URL$3
instanceKlass jdk/internal/access/JavaNetURLAccess
instanceKlass java/net/URL$DefaultFactory
instanceKlass java/net/URLStreamHandlerFactory
instanceKlass jdk/internal/loader/URLClassPath
instanceKlass java/security/Principal
instanceKlass java/security/ProtectionDomain$Key
instanceKlass java/security/ProtectionDomain$JavaSecurityAccessImpl
instanceKlass jdk/internal/access/JavaSecurityAccess
instanceKlass java/lang/ClassLoader$ParallelLoaders
instanceKlass java/security/cert/Certificate
instanceKlass jdk/internal/loader/ArchivedClassLoaders
instanceKlass java/util/Deque
instanceKlass java/util/Queue
instanceKlass jdk/internal/loader/ClassLoaderHelper
instanceKlass jdk/internal/loader/NativeLibraries
instanceKlass jdk/internal/loader/BootLoader
instanceKlass java/util/Optional
instanceKlass jdk/internal/module/SystemModuleFinders$SystemModuleFinder
instanceKlass java/lang/module/ModuleFinder
instanceKlass jdk/internal/module/SystemModuleFinders$3
instanceKlass jdk/internal/module/ModuleHashes$HashSupplier
instanceKlass jdk/internal/module/SystemModuleFinders$2
instanceKlass java/util/function/Supplier
instanceKlass java/lang/module/ModuleReference
instanceKlass jdk/internal/module/ModuleResolution
instanceKlass java/util/Collections$UnmodifiableMap
instanceKlass jdk/internal/module/ModuleHashes$Builder
instanceKlass jdk/internal/module/ModuleHashes
instanceKlass jdk/internal/module/ModuleTarget
instanceKlass java/util/ImmutableCollections$Set12$1
instanceKlass java/lang/Enum
instanceKlass java/lang/module/ModuleDescriptor$Version
instanceKlass java/lang/module/ModuleDescriptor$Provides
instanceKlass java/lang/module/ModuleDescriptor$Opens
instanceKlass java/util/ImmutableCollections$SetN$SetNIterator
instanceKlass java/lang/module/ModuleDescriptor$Exports
instanceKlass java/lang/module/ModuleDescriptor$Requires
instanceKlass jdk/internal/module/Builder
instanceKlass jdk/internal/module/SystemModules$default
instanceKlass jdk/internal/module/SystemModules
instanceKlass jdk/internal/module/SystemModulesMap
instanceKlass java/net/URI$1
instanceKlass jdk/internal/access/JavaNetUriAccess
instanceKlass java/net/URI
instanceKlass jdk/internal/module/SystemModuleFinders
instanceKlass jdk/internal/module/ArchivedModuleGraph
instanceKlass jdk/internal/module/ArchivedBootLayer
instanceKlass jdk/internal/module/ModuleBootstrap$Counters
instanceKlass jdk/internal/module/ModulePatcher
instanceKlass java/io/FileSystem
instanceKlass java/io/DefaultFileSystem
instanceKlass java/io/File
instanceKlass java/lang/module/ModuleDescriptor$1
instanceKlass jdk/internal/access/JavaLangModuleAccess
instanceKlass sun/invoke/util/VerifyAccess
instanceKlass java/lang/module/ModuleDescriptor
instanceKlass jdk/internal/module/ModuleBootstrap
instanceKlass java/lang/invoke/MethodHandleStatics
instanceKlass java/util/Collections
instanceKlass sun/io/Win32ErrorMode
instanceKlass jdk/internal/misc/OSEnvironment
instanceKlass jdk/internal/misc/Signal$NativeHandler
instanceKlass java/util/Hashtable$Entry
instanceKlass jdk/internal/misc/Signal
instanceKlass java/lang/Terminator$1
instanceKlass jdk/internal/misc/Signal$Handler
instanceKlass java/lang/Terminator
instanceKlass java/nio/ByteOrder
instanceKlass java/nio/Buffer$1
instanceKlass jdk/internal/access/JavaNioAccess
instanceKlass jdk/internal/misc/ScopedMemoryAccess
instanceKlass sun/nio/cs/ArrayEncoder
instanceKlass java/nio/charset/CharsetEncoder
instanceKlass sun/security/action/GetPropertyAction
instanceKlass java/io/Writer
instanceKlass java/io/OutputStream
instanceKlass java/io/Flushable
instanceKlass java/io/FileDescriptor$1
instanceKlass jdk/internal/access/JavaIOFileDescriptorAccess
instanceKlass java/io/FileDescriptor
instanceKlass jdk/internal/util/StaticProperty
instanceKlass java/util/HashMap$HashIterator
instanceKlass java/lang/Integer$IntegerCache
instanceKlass java/lang/CharacterData
instanceKlass java/lang/VersionProps
instanceKlass java/lang/StringConcatHelper
instanceKlass java/lang/StringCoding
instanceKlass java/nio/charset/CodingErrorAction
instanceKlass sun/nio/cs/SingleByte
instanceKlass java/lang/StringUTF16
instanceKlass sun/nio/cs/MS1254$Holder
instanceKlass sun/nio/cs/ArrayDecoder
instanceKlass java/nio/charset/CharsetDecoder
instanceKlass java/lang/reflect/Modifier
instanceKlass java/lang/Class$1
instanceKlass java/lang/Class$Atomic
instanceKlass java/lang/Class$ReflectionData
instanceKlass jdk/internal/util/ArraysSupport
instanceKlass java/nio/charset/StandardCharsets
instanceKlass sun/nio/cs/HistoricallyNamedCharset
instanceKlass java/util/Arrays
instanceKlass java/lang/ThreadLocal
instanceKlass java/nio/charset/spi/CharsetProvider
instanceKlass java/nio/charset/Charset
instanceKlass jdk/internal/misc/VM
instanceKlass jdk/internal/util/SystemProps$Raw
instanceKlass jdk/internal/util/SystemProps
instanceKlass java/lang/System$2
instanceKlass jdk/internal/access/JavaLangAccess
instanceKlass java/lang/ref/Reference$1
instanceKlass jdk/internal/access/JavaLangRefAccess
instanceKlass java/lang/ref/ReferenceQueue$Lock
instanceKlass java/lang/ref/ReferenceQueue
instanceKlass jdk/internal/reflect/ReflectionFactory
instanceKlass jdk/internal/reflect/ReflectionFactory$GetReflectionFactoryAction
instanceKlass java/security/PrivilegedAction
instanceKlass java/util/concurrent/locks/LockSupport
instanceKlass java/util/concurrent/ConcurrentHashMap$Node
instanceKlass java/util/concurrent/ConcurrentHashMap$CounterCell
instanceKlass java/util/concurrent/locks/ReentrantLock
instanceKlass java/util/concurrent/locks/Lock
instanceKlass java/lang/Runtime
instanceKlass java/util/HashMap$Node
instanceKlass java/util/KeyValueHolder
instanceKlass java/util/Map$Entry
instanceKlass java/util/ImmutableCollections$MapN$MapNIterator
instanceKlass java/lang/Math
instanceKlass jdk/internal/reflect/Reflection
instanceKlass java/lang/invoke/MethodHandles$Lookup
instanceKlass java/lang/StringLatin1
instanceKlass java/security/Permission
instanceKlass java/security/Guard
instanceKlass java/lang/invoke/MemberName$Factory
instanceKlass java/lang/invoke/MethodHandles
instanceKlass jdk/internal/access/SharedSecrets
instanceKlass java/lang/reflect/ReflectAccess
instanceKlass jdk/internal/access/JavaLangReflectAccess
instanceKlass java/util/ImmutableCollections
instanceKlass java/util/Objects
instanceKlass java/util/Set
instanceKlass jdk/internal/misc/CDS
instanceKlass java/lang/Module$ArchivedData
instanceKlass java/lang/String$CaseInsensitiveComparator
instanceKlass java/util/Comparator
instanceKlass java/io/ObjectStreamField
instanceKlass jdk/internal/vm/vector/VectorSupport$VectorPayload
instanceKlass jdk/internal/vm/vector/VectorSupport
instanceKlass java/lang/reflect/RecordComponent
instanceKlass java/util/Iterator
instanceKlass java/lang/Number
instanceKlass java/lang/Character
instanceKlass java/lang/Boolean
instanceKlass java/util/concurrent/locks/AbstractOwnableSynchronizer
instanceKlass java/lang/LiveStackFrame
instanceKlass java/lang/StackFrameInfo
instanceKlass java/lang/StackWalker$StackFrame
instanceKlass java/lang/StackStreamFactory$AbstractStackWalker
instanceKlass java/lang/StackWalker
instanceKlass java/nio/Buffer
instanceKlass java/lang/StackTraceElement
instanceKlass java/util/RandomAccess
instanceKlass java/util/List
instanceKlass java/util/AbstractCollection
instanceKlass java/util/Collection
instanceKlass java/lang/Iterable
instanceKlass java/util/concurrent/ConcurrentMap
instanceKlass java/util/AbstractMap
instanceKlass java/security/CodeSource
instanceKlass jdk/internal/loader/ClassLoaders
instanceKlass java/util/jar/Manifest
instanceKlass java/net/URL
instanceKlass java/io/InputStream
instanceKlass java/io/Closeable
instanceKlass java/lang/AutoCloseable
instanceKlass jdk/internal/module/Modules
instanceKlass jdk/internal/misc/Unsafe
instanceKlass jdk/internal/misc/UnsafeConstants
instanceKlass java/lang/AbstractStringBuilder
instanceKlass java/lang/Appendable
instanceKlass java/lang/AssertionStatusDirectives
instanceKlass java/lang/invoke/MethodHandleNatives$CallSiteContext
instanceKlass jdk/internal/invoke/NativeEntryPoint
instanceKlass java/lang/invoke/CallSite
instanceKlass java/lang/invoke/MethodType
instanceKlass java/lang/invoke/TypeDescriptor$OfMethod
instanceKlass java/lang/invoke/LambdaForm
instanceKlass java/lang/invoke/MethodHandleNatives
instanceKlass java/lang/invoke/ResolvedMethodName
instanceKlass java/lang/invoke/MemberName
instanceKlass java/lang/invoke/VarHandle
instanceKlass java/lang/invoke/MethodHandle
instanceKlass jdk/internal/reflect/CallerSensitive
instanceKlass java/lang/annotation/Annotation
instanceKlass jdk/internal/reflect/FieldAccessor
instanceKlass jdk/internal/reflect/ConstantPool
instanceKlass jdk/internal/reflect/ConstructorAccessor
instanceKlass jdk/internal/reflect/MethodAccessor
instanceKlass jdk/internal/reflect/MagicAccessorImpl
instanceKlass java/lang/reflect/Parameter
instanceKlass java/lang/reflect/Member
instanceKlass java/lang/reflect/AccessibleObject
instanceKlass java/lang/Module
instanceKlass java/util/Map
instanceKlass java/util/Dictionary
instanceKlass java/lang/ThreadGroup
instanceKlass java/lang/Thread$UncaughtExceptionHandler
instanceKlass java/lang/Thread
instanceKlass java/lang/Runnable
instanceKlass java/lang/ref/Reference
instanceKlass java/lang/Record
instanceKlass java/security/AccessController
instanceKlass java/security/AccessControlContext
instanceKlass java/security/ProtectionDomain
instanceKlass java/lang/SecurityManager
instanceKlass java/lang/Throwable
instanceKlass java/lang/System
instanceKlass java/lang/ClassLoader
instanceKlass java/lang/Cloneable
instanceKlass java/lang/Class
instanceKlass java/lang/invoke/TypeDescriptor$OfField
instanceKlass java/lang/invoke/TypeDescriptor
instanceKlass java/lang/reflect/Type
instanceKlass java/lang/reflect/GenericDeclaration
instanceKlass java/lang/reflect/AnnotatedElement
instanceKlass java/lang/String
instanceKlass java/lang/constant/ConstantDesc
instanceKlass java/lang/constant/Constable
instanceKlass java/lang/CharSequence
instanceKlass java/lang/Comparable
instanceKlass java/io/Serializable
ciInstanceKlass java/lang/Object 1 1 92 100 1 10 12 1 1 10 7 12 1 1 1 10 100 12 1 1 1 10 12 1 1 8 1 10 12 1 1 10 100 12 1 1 1 10 12 1 10 12 1 1 100 1 8 1 10 12 1 3 8 1 100 1 5 0 1 1 1 1 1 1 1 1 1 1 1 1 1 1 1 1 100 1 1 1 100 1 1 1 1 1 1 1 100 1 1 1 1 1 1 1
ciMethod java/lang/Object equals (Ljava/lang/Object;)Z 768 0 390343 0 -1
ciInstanceKlass java/lang/Class 1 1 1611 10 7 12 1 1 1 9 7 12 1 1 1 9 12 1 1 7 1 10 10 12 1 1 8 1 10 12 1 8 1 8 1 10 12 1 1 10 12 1 1 10 12 1 10 10 12 1 10 12 1 1 10 12 1 1 10 100 12 1 1 10 12 1 10 12 1 10 12 1 8 1 10 12 1 8 1 10 12 1 8 1 8 1 10 12 1 1 10 100 12 1 1 1 18 12 1 1 11 100 12 1 1 1 8 1 8 1 8 1 10 100 12 1 1 1 11 12 1 1 7 1 8 1 10 12 1 11 100 12 1 1 1 10 12 1 1 11 8 1 18 8 1 10 12 1 10 7 12 1 1 10 7 12 1 1 1 10 12 1 1 10 7 12 1 1 1 9 100 12 1 1 1 10 100 12 1 1 1 10 7 12 1 1 1 10 12 1 1 18 12 1 1 10 7 12 1 1 1 10 7 12 1 1 10 12 1 1 10 7 1 100 1 10 12 1 1 9 12 1 1 100 1 8 1 10 12 1 10 12 1 1 10 12 1 1 10 7 12 1 1 1 7 1 10 12 1 100 1 100 1 10 10 12 1 1 10 12 1 1 100 1 10 100 12 1 1 1 10 12 1 1 10 12 1 1 9 12 1 1 10 12 1 10 12 1 10 12 1 1 9 12 1 1 9 12 1 1 10 12 1 1 10 100 1 10 12 1 10 12 1 10 12 1 1 10 9 12 1 10 12 1 8 1 10 12 1 1 10 12 1 1 10 12 1 10 12 1 1 10 12 1 1 10 12 1 1 9 7 12 1 1 1 10 100 12 1 1 10 12 10 12 1 10 12 1 1 10 100 12 1 1 10 12 1 10 12 1 1 10 100 12 1 1 1 10 12 1 10 12 1 1 10 12 1 10 12 1 10 12 1 1 10 7 1 10 10 10 12 1 1 10 12 1 1 10 12 10 12 1 1 100 1 8 1 10 10 12 1 1 10 12 1 100 1 11 12 1 10 100 12 1 1 10 12 1 10 12 1 10 100 12 1 1 10 10 12 1 1 8 1 10 12 1 10 12 1 1 8 1 9 12 1 10 12 1 10 12 1 10 12 1 10 12 100 1 9 12 1 10 12 1 9 12 1 10 12 1 10 12 1 10 12 1 10 10 12 1 10 12 1 10 12 1 10 12 1 10 12 1 10 12 1 100 1 10 12 1 10 12 1 1 10 12 1 1 10 12 1 1 10 12 1 1 10 12 1 1 10 12 1 1 100 1 10 10 12 1 1 10 12 1 1 10 12 1 1 10 10 12 1 10 12 1 1 10 12 1 1 10 12 1 1 10 12 1 1 7 1 10 10 12 11 100 12 1 1 10 12 1 1 10 12 1 10 7 12 1 1 1 10 12 1 1 10 10 12 1 1 100 1 10 10 12 1 1 10 100 12 1 1 1 100 1 100 1 10 12 1 1 10 12 1 10 10 12 1 1 10 12 1 10 12 1 10 12 1 10 100 12 1 1 1 11 100 12 1 1 10 12 1 10 12 1 9 12 1 10 12 1 1 10 12 1 9 12 1 1 100 1 10 9 12 1 1 10 12 100 1 10 12 1 9 12 1 10 100 12 1 1 1 10 12 1 10 12 1 10 100 12 1 1 1 10 12 1 10 12 10 12 1 1 100 1 10 8 1 10 12 1 11 11 12 1 1 11 100 12 1 1 11 12 1 8 1 10 12 1 10 12 1 1 9 12 1 9 12 1 1 10 7 12 1 1 9 12 1 10 12 1 1 10 10 12 1 10 7 12 1 1 1 10 100 12 1 1 10 100 12 1 1 9 12 1 1 10 12 1 9 12 1 10 12 1 10 12 1 1 9 12 1 1 9 12 1 10 12 1 10 12 1 1 9 12 1 100 1 10 10 12 1 1 7 1 10 12 1 1 100 11 100 1 9 12 1 1 9 12 1 100 1 10 12 1 9 12 1 1 9 12 1 10 12 1 10 12 1 1 9 12 1 100 1 10 10 12 1 1 10 10 12 1 1 10 12 10 10 12 1 9 12 1 10 12 1 1 10 7 12 1 1 1 10 12 1 1 10 12 1 8 10 7 8 1 18 8 1 8 1 10 12 1 9 12 1 9 12 1 1 10 12 1 7 1 100 1 10 12 1 9 12 1 1 7 1 10 10 12 1 10 7 1 9 12 1 8 1 10 12 1 7 1 10 12 1 10 12 1 1 9 12 1 100 1 8 1 10 7 1 4 10 10 12 11 7 12 1 1 1 10 12 1 100 1 10 12 1 1 10 8 1 8 1 10 12 1 1 9 100 12 1 1 11 12 100 1 11 100 12 1 1 9 12 1 10 100 12 1 1 1 10 100 12 1 1 10 12 1 1 9 12 1 9 10 12 1 1 10 12 1 1 10 12 1 1 10 12 1 1 10 12 1 1 11 12 1 100 1 11 12 1 10 100 12 1 1 1 10 12 1 100 1 11 12 1 10 100 12 1 1 1 10 12 1 10 11 12 1 11 12 1 1 10 12 1 10 12 1 1 9 12 1 1 9 100 12 1 1 10 12 1 10 100 12 1 1 1 10 12 1 1 10 12 1 10 12 1 10 12 1 10 7 12 1 1 1 10 12 1 8 1 10 12 1 10 12 1 10 12 1 10 100 12 1 1 1 11 100 12 1 1 1 10 12 1 1 10 12 1 18 12 1 1 11 12 1 1 18 11 12 1 18 12 1 11 12 1 10 12 1 1 10 12 1 10 12 1 10 12 10 12 1 8 1 10 12 1 7 1 9 12 1 1 100 1 100 1 100 1 100 1 100 1 1 1 3 1 3 1 3 1 1 1 1 1 1 1 5 0 1 1 1 1 1 1 1 1 1 1 1 1 1 1 1 1 1 1 1 1 1 1 1 100 1 1 1 1 1 1 1 100 1 1 1 1 1 1 100 1 1 1 1 1 1 1 1 1 1 1 1 1 1 1 1 1 1 1 1 1 1 1 1 1 1 1 1 1 1 1 1 1 1 1 1 1 1 100 1 1 1 1 1 1 1 1 1 1 1 1 1 1 1 1 1 1 1 1 1 1 1 1 1 1 1 1 100 1 1 1 1 1 1 1 1 1 1 1 1 1 1 1 1 1 1 1 1 1 1 1 1 1 1 1 1 1 1 1 1 1 1 1 1 1 1 1 1 1 1 1 1 1 1 1 1 1 1 1 1 1 100 1 100 1 1 1 1 1 1 1 1 1 1 1 1 1 1 1 1 1 1 1 1 1 1 1 1 1 1 1 1 1 1 1 1 1 1 1 1 1 1 1 1 1 1 1 1 1 1 1 1 1 1 1 1 1 1 1 1 1 1 1 1 1 1 1 100 1 1 1 1 1 1 1 1 1 1 1 1 1 1 1 1 1 1 1 1 1 1 1 1 1 1 1 1 1 1 1 1 1 1 1 1 1 1 1 1 1 1 1 1 1 1 1 1 1 1 1 1 1 1 1 1 1 1 1 1 1 1 1 1 1 1 1 1 15 10 100 12 1 1 1 16 15 10 12 16 15 11 12 16 1 16 15 16 15 10 12 16 16 15 10 12 16 15 16 1 15 10 12 16 1 1 1 1 1 1 1 1 100 1 1 100 1 100 1 1 100 1 100 1 1
staticfield java/lang/Class EMPTY_CLASS_ARRAY [Ljava/lang/Class; 0 [Ljava/lang/Class;
staticfield java/lang/Class serialPersistentFields [Ljava/io/ObjectStreamField; 0 [Ljava/io/ObjectStreamField;
ciMethod java/lang/Class isArray ()Z 256 0 128 0 -1
ciInstanceKlass java/io/Serializable 1 0 7 100 1 100 1 1 1
instanceKlass jdk/internal/vm/vector/VectorSupport$VectorShuffle
instanceKlass jdk/internal/vm/vector/VectorSupport$VectorMask
instanceKlass jdk/internal/vm/vector/VectorSupport$Vector
ciInstanceKlass jdk/internal/vm/vector/VectorSupport$VectorPayload 0 0 32 10 100 12 1 1 1 9 100 12 1 1 1 10 100 12 1 1 1 1 1 1 1 1 1 1 1 1 1 1 1 1
ciInstanceKlass jdk/internal/vm/vector/VectorSupport$VectorShuffle 0 0 28 10 100 12 1 1 1 100 1 1 1 1 1 1 1 1 1 1 1 1 1 1 1 100 1 1 1 1
ciInstanceKlass jdk/internal/vm/vector/VectorSupport$VectorMask 0 0 28 10 100 12 1 1 1 100 1 1 1 1 1 1 1 1 1 1 1 1 1 1 1 100 1 1 1 1
ciInstanceKlass jdk/internal/vm/vector/VectorSupport$Vector 0 0 28 10 100 12 1 1 1 100 1 1 1 1 1 1 1 1 1 1 1 1 1 1 1 100 1 1 1 1
ciInstanceKlass jdk/internal/vm/vector/VectorSupport 0 0 487 100 1 10 100 12 1 1 1 9 12 1 1 10 12 1 1 100 1 10 12 1 11 100 12 1 1 1 11 100 12 1 1 1 11 100 12 1 1 11 100 12 1 1 1 11 100 1 100 1 10 12 1 1 11 100 12 1 1 11 100 12 1 1 100 1 11 100 12 1 1 11 100 12 1 1 11 100 12 1 1 1 11 100 12 1 1 1 11 100 12 1 1 1 11 100 12 1 1 1 100 1 10 12 1 1 11 100 12 1 1 100 1 11 100 12 1 1 11 100 12 1 1 11 100 12 1 1 11 100 1 100 1 9 12 1 1 10 100 12 1 1 11 100 12 1 1 10 12 1 1 10 100 12 1 1 1 10 12 1 10 12 1 1 10 12 1 1 1 1 1 3 1 3 1 3 1 3 1 3 1 3 1 3 1 3 1 3 1 3 1 3 1 3 1 3 1 3 1 3 1 3 1 3 1 3 1 3 1 3 1 3 1 3 1 3 1 3 1 3 1 3 1 3 1 3 1 3 1 3 1 3 1 3 1 3 1 3 1 3 1 3 1 3 1 3 1 3 1 1 1 1 1 3 1 1 1 1 1 1 3 1 1 1 1 1 1 1 1 1 1 1 1 1 1 1 1 1 1 1 1 1 1 1 1 1 1 1 1 1 1 1 1 1 1 1 1 1 1 1 1 1 1 1 1 1 1 1 1 1 1 1 1 1 1 1 1 1 1 1 1 1 1 1 1 1 1 1 1 1 1 1 1 1 1 1 1 1 1 1 1 1 1 1 1 1 1 1 1 1 1 1 1 1 1 1 1 1 1 1 1 1 1 1 1 1 1 1 1 1 1 1 1 1 1 1 1 1 1 1 1 1 1 1 1 1 1 1 1 1 1 1 1 1 1 1 1 1 1 1 1 1 1 1 1 1 1 1 1 1 1 1 1 1 1 1 1 1 1 1 1 1 1 1 1 1 1 1 1 1 1 1 1 1 1 1 1 1 1 1 1 1 1 1 1 1 1 1 1 1 1 1 1 1 1 1 1 1 1 1 100 1 100 1 1 1 1 1 1 1 1 1 1 1 1 1 1 1 1 1 1 1 1 1 1 1 1
ciInstanceKlass java/lang/reflect/RecordComponent 0 0 196 10 100 12 1 1 1 9 100 12 1 1 1 9 12 1 1 9 12 1 10 12 1 1 10 12 1 1 10 100 12 1 1 1 10 12 1 1 9 12 1 1 10 12 1 1 10 12 1 1 10 12 1 10 100 12 1 1 10 100 12 1 1 9 12 1 1 10 100 12 1 1 1 11 100 12 1 1 1 10 9 100 12 1 1 1 10 100 12 1 1 1 9 12 1 1 10 100 12 1 1 1 10 12 1 1 11 100 12 1 1 10 100 12 1 1 100 1 9 12 1 9 12 1 1 9 12 1 10 100 12 1 1 1 10 12 1 1 10 12 1 1 100 1 10 10 12 1 10 12 1 1 8 1 10 12 1 10 12 1 9 12 1 100 1 1 1 1 1 1 1 1 1 1 1 1 1 1 1 1 1 1 1 1 1 1 100 1 1 1 1 1 1 100 1 1
ciInstanceKlass java/util/Iterator 1 1 53 100 1 8 1 10 12 1 1 10 7 12 1 1 1 11 7 12 1 1 1 11 12 1 1 11 7 12 1 1 1 100 1 1 1 1 1 1 1 1 1 1 1 1 1 1 1 1 1 1 1 1 1
ciInstanceKlass java/lang/System 1 1 803 10 100 12 1 1 1 9 7 12 1 1 1 10 12 1 10 12 1 1 10 12 1 1 10 12 1 9 12 1 1 10 7 12 1 1 1 11 100 12 1 1 1 10 100 12 1 1 1 10 12 1 1 10 12 1 1 100 1 8 1 10 12 1 10 100 12 1 1 1 10 7 12 1 1 1 18 12 1 1 10 100 12 1 1 1 100 1 10 12 1 1 10 100 12 1 1 1 10 12 1 10 7 12 1 1 1 9 100 12 1 1 1 10 100 12 1 1 1 11 7 12 1 1 1 10 12 1 1 10 7 12 1 1 1 100 1 10 10 12 1 1 8 1 10 12 1 8 1 10 12 1 9 12 1 1 8 1 10 7 12 1 1 1 10 12 1 1 100 1 8 1 10 9 12 1 1 8 1 10 12 1 1 10 100 12 1 1 1 8 1 10 12 1 100 1 10 12 1 8 1 10 12 1 10 12 1 1 100 1 10 12 10 12 1 9 12 1 1 9 12 1 1 10 7 12 1 1 1 10 7 12 1 1 1 10 12 1 1 10 12 1 10 12 1 10 7 12 1 1 1 10 12 1 100 1 100 1 8 1 10 12 1 10 12 1 1 7 1 10 12 1 100 1 8 1 10 10 12 1 100 1 8 1 10 8 1 10 100 12 1 1 8 1 10 12 100 1 8 1 10 10 12 1 1 10 7 12 1 1 1 100 1 18 12 1 100 1 9 100 12 1 1 1 10 12 1 100 1 10 12 1 1 10 12 1 1 10 7 12 1 1 1 10 12 1 1 10 12 1 10 12 1 10 12 1 1 10 12 1 7 1 10 12 1 10 12 1 100 1 10 12 1 10 7 12 1 1 1 100 1 8 1 10 9 12 1 9 12 1 10 12 1 10 100 12 1 1 10 12 1 10 12 1 1 8 1 10 12 1 1 8 1 11 12 1 10 12 11 12 1 1 11 7 12 1 1 1 11 7 12 1 1 11 12 1 1 7 1 11 12 1 10 12 1 8 1 10 12 1 1 8 1 8 1 8 1 8 1 11 12 1 10 12 1 10 12 1 10 12 1 10 7 12 1 1 8 1 7 1 9 7 12 1 1 1 10 12 1 7 1 9 12 10 9 12 7 1 10 12 8 1 10 12 1 1 8 1 10 7 12 1 1 10 12 1 10 7 12 1 1 1 10 12 1 1 10 7 12 1 1 1 10 12 10 7 12 1 1 1 9 12 1 1 100 1 8 1 10 12 1 1 10 7 12 1 1 1 7 1 10 12 1 1 8 1 10 8 1 8 1 8 1 8 1 10 10 7 12 1 1 10 12 1 1 10 12 1 1 10 12 1 1 10 12 1 10 100 12 1 1 1 10 100 1 8 1 10 10 10 12 1 1 10 12 1 1 8 1 10 12 1 8 1 10 12 1 10 12 1 1 7 1 10 10 12 1 10 12 1 9 12 1 1 1 3 1 3 1 1 1 1 1 1 1 1 1 1 1 1 100 1 1 100 1 1 1 1 1 1 1 1 1 1 1 100 1 100 1 1 1 1 1 1 1 1 1 1 1 1 1 1 1 1 1 1 1 1 1 1 1 1 1 1 1 1 1 1 1 1 1 1 1 1 1 1 1 1 1 1 1 1 1 1 1 1 1 1 1 1 1 1 1 1 1 1 100 1 1 1 1 1 1 1 1 1 1 1 1 1 1 1 1 1 1 1 1 1 1 1 1 1 1 1 1 1 1 1 1 1 100 1 1 15 10 100 12 1 1 1 16 15 10 12 1 1 16 15 10 12 16 1 1 1 1 1 1 1 100 1 100 1 1
staticfield java/lang/System in Ljava/io/InputStream; java/io/BufferedInputStream
staticfield java/lang/System out Ljava/io/PrintStream; java/io/PrintStream
staticfield java/lang/System err Ljava/io/PrintStream; java/io/PrintStream
instanceKlass jdk/internal/reflect/DelegatingClassLoader
instanceKlass java/security/SecureClassLoader
ciInstanceKlass java/lang/ClassLoader 1 1 1098 9 7 12 1 1 1 10 7 12 1 1 1 9 12 1 1 10 7 12 1 1 1 7 1 10 12 1 1 10 12 1 1 9 12 1 1 10 12 1 1 100 1 10 12 1 10 12 1 1 10 7 12 1 1 1 100 1 8 1 10 12 1 10 7 12 1 1 1 10 100 12 1 10 7 1 10 7 1 7 1 7 1 10 12 1 10 12 1 9 12 1 1 10 10 7 12 1 1 1 9 12 1 1 9 12 1 9 12 1 1 9 12 1 9 12 1 1 9 12 1 1 7 1 10 12 1 9 12 1 1 10 12 1 1 10 7 12 1 1 1 9 12 1 9 12 1 1 9 12 1 10 12 1 1 9 12 10 12 1 1 7 1 10 8 1 10 12 1 1 10 12 1 10 7 1 7 1 10 12 1 1 10 7 12 1 1 1 8 1 10 12 1 10 12 1 10 12 1 1 10 12 1 1 10 12 1 1 10 12 1 1 10 12 1 1 10 12 1 100 1 10 12 1 10 100 12 1 1 1 10 12 1 1 10 12 1 10 12 1 10 12 1 10 12 1 10 12 1 1 10 10 12 1 10 12 1 10 100 12 1 1 10 12 1 1 10 12 1 1 10 12 1 100 1 10 12 1 100 1 10 12 1 10 100 12 1 1 1 10 10 12 1 1 10 12 1 1 100 1 8 1 10 8 1 10 12 1 10 12 1 100 1 8 1 10 12 1 1 10 12 1 1 10 10 12 1 1 10 12 1 1 10 12 1 1 10 7 1 10 12 1 1 10 12 1 1 10 12 1 1 10 12 1 1 10 12 1 1 10 12 1 1 10 12 1 10 100 12 1 1 1 10 12 1 10 12 1 10 12 1 1 10 12 1 10 12 1 10 12 1 10 12 1 1 10 12 1 10 12 1 1 8 1 9 12 1 10 12 1 1 8 1 8 1 10 7 12 1 1 100 1 10 10 12 10 12 1 10 12 1 10 12 1 10 12 1 1 10 7 12 1 1 10 12 1 10 7 1 7 1 10 12 1 1 10 12 1 10 7 1 10 12 1 100 1 18 12 1 10 100 12 1 1 1 10 100 12 1 1 1 10 7 12 1 1 10 12 1 1 10 12 1 10 12 1 1 100 1 10 12 1 10 12 1 1 10 7 12 1 1 10 12 1 8 1 100 1 10 10 12 1 9 12 1 10 7 12 1 1 10 12 1 100 1 8 1 10 12 1 10 8 1 8 1 10 12 1 1 10 12 1 1 10 12 1 1 10 100 12 1 1 1 100 1 100 1 10 12 1 1 100 1 100 1 10 100 12 1 1 10 12 1 10 12 1 1 10 12 1 10 12 1 1 10 12 1 1 9 100 12 1 1 1 10 12 1 1 10 12 1 10 12 1 10 12 1 1 10 12 1 8 1 10 12 1 7 1 18 12 1 1 10 12 1 1 10 12 1 10 12 1 10 12 1 8 1 10 12 1 10 12 1 18 12 1 11 100 12 1 1 1 100 1 10 12 1 1 10 12 1 10 11 12 1 1 10 18 10 12 1 1 11 100 12 1 18 12 1 11 12 1 1 10 12 10 12 1 1 10 12 1 1 100 1 8 1 10 10 12 1 8 1 8 1 10 100 12 1 1 10 12 1 100 1 10 10 12 1 8 1 8 1 8 1 10 12 1 10 12 1 1 10 12 1 10 100 12 1 1 1 11 100 12 1 1 100 1 10 11 10 12 1 10 12 1 10 12 1 1 9 100 12 1 1 9 12 1 1 9 12 9 12 1 9 12 1 9 12 1 8 10 12 1 1 10 7 12 1 1 1 10 12 1 1 10 12 1 1 10 12 1 10 10 12 1 11 12 1 1 10 100 12 1 1 1 100 1 10 12 1 10 12 1 10 12 1 1 1 1 1 1 1 1 1 1 1 1 1 1 1 1 1 1 1 1 1 1 1 1 1 1 1 1 100 1 1 1 1 1 1 1 1 1 1 1 1 1 1 1 1 1 1 1 1 1 100 1 1 1 1 1 1 1 1 1 1 100 1 1 1 1 1 1 1 1 1 1 1 1 1 1 1 1 1 1 1 1 1 1 1 1 1 1 1 1 1 1 1 1 1 1 1 1 1 1 1 1 1 100 1 1 1 1 1 1 1 1 1 1 1 1 1 1 1 1 1 1 100 1 1 1 1 1 1 1 1 1 1 1 1 1 1 1 1 1 1 1 1 1 1 1 1 1 1 1 1 1 1 1 1 1 1 1 1 1 1 1 1 1 1 1 1 1 1 1 1 1 1 1 100 1 1 1 1 1 1 1 1 1 1 1 1 1 1 1 1 1 1 1 1 1 1 1 1 1 1 1 1 1 1 1 1 1 1 1 1 1 1 1 1 1 1 1 1 1 1 15 10 100 12 1 1 1 16 1 15 10 12 16 1 16 15 10 12 16 1 16 1 15 10 12 16 15 10 12 16 15 10 12 16 1 1 100 1 100 1 1
staticfield java/lang/ClassLoader nocerts [Ljava/security/cert/Certificate; 0 [Ljava/security/cert/Certificate;
staticfield java/lang/ClassLoader $assertionsDisabled Z 1
ciInstanceKlass jdk/internal/reflect/DelegatingClassLoader 1 1 18 10 7 12 1 1 1 100 1 1 1 1 1 1 1 1 1 1
instanceKlass jdk/internal/loader/BuiltinClassLoader
ciInstanceKlass java/security/SecureClassLoader 1 1 102 10 7 12 1 1 1 7 1 10 12 1 9 7 12 1 1 1 10 12 1 10 12 1 10 12 1 1 10 12 1 1 10 12 1 7 1 10 7 1 10 12 1 7 1 10 12 1 11 7 12 1 1 1 7 1 11 12 1 10 12 1 1 1 1 1 1 1 1 1 1 1 1 1 1 1 1 1 1 1 1 1 1 1 1 1 1 1 1 1 1 1 1 1 1 1 1 100 1 1 1 1
instanceKlass jdk/internal/loader/ClassLoaders$BootClassLoader
instanceKlass jdk/internal/loader/ClassLoaders$PlatformClassLoader
instanceKlass jdk/internal/loader/ClassLoaders$AppClassLoader
ciInstanceKlass jdk/internal/loader/BuiltinClassLoader 1 1 737 9 7 12 1 1 1 10 7 12 1 1 1 10 7 12 1 1 1 9 12 1 1 9 12 1 1 7 1 10 12 1 9 12 1 10 12 1 9 12 1 10 7 12 1 1 1 10 7 12 1 1 1 10 7 12 1 1 1 11 7 12 1 1 1 100 1 100 1 10 10 12 1 1 8 1 10 12 1 10 12 7 1 10 12 1 10 12 1 1 11 7 12 1 1 1 11 7 12 1 1 1 11 12 1 1 7 1 8 1 8 1 10 9 12 1 1 10 7 12 1 1 11 12 1 1 10 12 1 1 10 12 1 1 10 12 1 1 10 7 12 1 1 1 10 12 1 10 100 12 1 1 1 10 12 1 1 11 7 12 1 1 1 10 7 12 1 1 7 1 10 7 12 1 1 1 10 12 1 100 1 8 1 10 12 1 1 10 8 1 10 12 1 1 10 12 1 1 10 12 1 1 11 7 12 1 1 11 12 1 7 1 10 11 12 1 1 11 10 12 1 1 7 1 10 12 1 10 7 12 1 10 12 1 7 1 10 12 1 10 7 12 1 1 1 100 1 10 12 1 1 11 12 1 100 1 100 1 10 12 1 10 12 1 1 100 1 100 1 10 12 1 10 12 1 18 12 1 1 10 12 1 10 12 1 1 18 100 1 10 7 12 1 1 1 100 1 10 10 12 1 1 10 12 1 1 10 12 1 1 10 12 1 9 12 1 1 100 1 10 10 12 1 1 10 12 1 1 10 12 1 10 12 10 12 1 1 10 12 1 1 10 12 1 1 10 12 1 10 12 1 1 18 12 1 7 1 10 12 1 1 10 12 1 10 12 1 1 10 12 1 100 1 10 12 1 100 1 10 12 1 10 7 12 1 1 1 10 12 1 11 12 1 100 1 10 12 1 7 1 100 1 10 12 1 10 12 1 11 12 1 1 10 12 1 1 10 12 1 1 10 12 1 1 10 12 1 1 10 12 1 10 12 1 10 12 1 10 12 1 8 1 10 12 1 1 10 7 12 1 1 10 12 1 100 1 8 1 8 1 10 10 12 1 8 1 8 1 10 7 12 1 1 1 11 7 12 1 1 1 9 7 12 1 1 1 10 7 12 1 1 1 9 12 1 9 12 1 9 12 1 9 12 1 9 12 1 9 12 1 10 7 12 1 1 1 8 1 10 12 1 7 1 10 12 1 1 10 12 1 7 1 10 11 12 1 1 10 12 10 12 1 10 12 1 100 1 10 12 1 10 12 1 10 10 12 1 10 7 12 1 1 8 1 10 7 12 1 1 10 12 1 1 1 1 1 1 1 1 1 1 1 1 1 1 1 1 1 1 1 1 1 1 1 1 1 1 1 1 1 1 1 1 1 1 1 1 1 1 1 1 1 1 1 1 1 1 1 1 1 1 1 1 1 1 1 1 100 1 1 1 1 1 1 1 1 1 1 1 1 1 1 1 1 1 1 100 1 100 1 1 1 1 1 1 1 1 1 1 1 1 1 1 1 1 1 1 1 1 1 1 1 1 1 1 1 1 1 1 1 1 1 1 1 1 1 1 1 1 1 1 1 1 1 1 1 1 1 1 1 100 1 1 15 10 100 12 1 1 1 16 15 10 12 16 15 10 12 16 15 10 12 16 1 1 1 100 1 1 1 1 1 100 1 100 1 1
staticfield jdk/internal/loader/BuiltinClassLoader packageToModule Ljava/util/Map; java/util/concurrent/ConcurrentHashMap
staticfield jdk/internal/loader/BuiltinClassLoader $assertionsDisabled Z 1
ciInstanceKlass java/security/AccessController 1 1 295 10 100 12 1 1 1 10 7 12 1 1 1 10 7 12 1 1 1 10 12 1 1 10 12 1 1 10 7 12 1 1 1 10 12 1 1 10 12 1 10 12 1 1 10 12 1 100 1 8 1 10 12 1 10 12 1 10 12 1 1 10 12 1 100 1 100 1 10 12 1 1 10 12 1 10 12 1 10 12 1 1 10 7 12 1 1 1 10 12 1 1 9 100 12 1 1 1 10 100 12 1 1 1 10 12 1 10 12 1 9 100 12 1 1 1 10 12 1 10 12 1 1 9 12 1 1 10 100 1 10 11 7 12 1 1 1 10 7 12 1 1 11 7 1 100 1 10 12 1 10 12 1 10 12 1 8 1 10 12 1 1 8 1 10 100 12 1 1 1 8 1 100 1 10 10 12 1 1 10 12 1 10 7 12 1 1 1 10 12 1 8 1 10 100 12 1 1 8 1 8 1 10 12 1 8 1 10 12 1 10 12 1 1 10 12 1 1 1 1 1 1 1 1 1 1 1 1 1 1 1 1 1 1 1 1 1 1 1 1 1 1 1 1 100 1 1 1 1 1 1 1 1 1 1 1 1 1 1 1 1 1 1 1 1 1 1 1 1 1 1 1 1 1 1 1 1 1 1 100 1 100 1 1 1 1 1 1 1 1 1 3 1 1 1
staticfield java/security/AccessController $assertionsDisabled Z 1
instanceKlass jdk/internal/reflect/GeneratedConstructorAccessor2
instanceKlass jdk/internal/reflect/BootstrapConstructorAccessorImpl
instanceKlass jdk/internal/reflect/GeneratedConstructorAccessor1
instanceKlass jdk/internal/reflect/DelegatingConstructorAccessorImpl
instanceKlass jdk/internal/reflect/NativeConstructorAccessorImpl
ciInstanceKlass jdk/internal/reflect/ConstructorAccessorImpl 1 1 27 10 7 12 1 1 1 100 1 100 1 1 1 1 1 1 1 1 1 100 1 100 1 100 1 1 1
instanceKlass jdk/internal/reflect/FieldAccessorImpl
instanceKlass jdk/internal/reflect/ConstructorAccessorImpl
instanceKlass jdk/internal/reflect/MethodAccessorImpl
ciInstanceKlass jdk/internal/reflect/MagicAccessorImpl 1 1 16 10 7 12 1 1 1 100 1 1 1 1 1 1 1 1
instanceKlass jdk/internal/reflect/DelegatingMethodAccessorImpl
instanceKlass jdk/internal/reflect/NativeMethodAccessorImpl
ciInstanceKlass jdk/internal/reflect/MethodAccessorImpl 1 1 25 10 7 12 1 1 1 100 1 100 1 1 1 1 1 1 1 1 1 100 1 100 1 1 1
ciInstanceKlass java/lang/Module 1 1 959 10 7 12 1 1 1 9 7 12 1 1 1 10 7 12 1 1 1 9 12 1 9 12 1 1 9 12 1 1 10 12 1 1 10 12 1 10 12 1 1 10 7 12 1 1 1 7 1 10 7 12 1 1 1 10 12 1 1 11 7 12 1 1 1 10 12 1 1 10 7 12 1 1 1 10 12 1 1 10 7 12 1 1 1 9 100 12 1 1 1 10 100 12 1 1 1 10 12 1 8 1 10 7 12 1 1 1 10 7 12 1 1 1 9 12 1 1 9 12 1 1 10 12 1 9 12 1 1 11 12 1 9 100 12 1 1 10 100 12 1 1 1 10 100 12 1 1 1 10 12 1 1 100 1 100 1 10 10 12 1 1 8 1 10 12 1 10 12 10 12 1 10 12 1 1 10 12 1 1 10 12 1 1 9 100 12 1 1 1 10 12 1 1 10 12 1 1 9 12 1 10 12 1 10 12 1 9 12 1 1 11 7 12 1 1 10 12 1 1 9 12 1 9 12 1 10 12 1 10 12 1 100 1 8 1 10 10 12 1 1 10 12 1 8 1 10 12 1 1 8 1 8 1 10 12 1 1 10 12 1 10 12 1 1 18 12 1 1 10 12 1 1 11 12 1 9 12 1 11 12 10 100 12 1 1 100 1 8 1 10 7 1 11 12 1 1 10 12 1 10 12 1 10 12 1 1 11 12 1 1 11 7 12 1 1 11 12 1 1 9 12 1 11 12 1 10 12 1 1 10 12 1 1 9 12 1 10 12 10 7 12 1 1 10 7 12 1 1 10 7 1 18 12 1 1 11 100 12 1 1 1 18 12 1 11 12 1 1 10 100 12 1 1 1 11 12 1 1 10 7 12 1 1 4 7 1 11 12 1 7 1 7 1 10 10 7 12 1 1 1 10 11 7 12 1 8 1 10 10 12 1 1 10 7 12 1 1 10 12 1 10 12 1 7 1 10 12 1 10 11 12 1 1 10 12 10 12 1 1 9 12 1 100 1 10 10 12 1 1 11 100 1 10 12 1 1 11 12 1 10 10 12 1 11 10 12 1 1 10 12 1 1 10 12 1 1 10 7 12 1 1 10 12 1 10 12 1 1 10 10 12 1 1 10 12 1 18 12 1 11 12 1 18 12 1 10 12 1 10 12 1 10 12 7 1 10 12 1 10 12 1 10 12 1 9 12 1 7 1 10 10 10 10 12 1 10 12 1 10 12 1 10 12 1 1 10 12 1 1 10 12 1 9 12 1 18 12 1 1 10 100 12 1 1 1 100 1 8 1 10 12 1 1 10 12 1 1 10 100 12 1 1 100 1 10 12 1 1 100 1 8 1 100 1 10 100 1 100 1 3 10 12 1 100 1 10 12 1 10 12 1 1 10 12 1 1 100 1 10 12 1 10 12 1 1 100 1 100 1 10 12 8 1 10 12 1 1 10 12 1 1 10 100 12 1 1 10 12 1 1 10 12 1 10 12 10 12 1 1 100 1 10 10 12 1 1 10 100 12 1 1 1 100 1 8 1 10 12 1 1 10 100 12 1 1 8 1 10 12 1 8 1 10 12 1 10 12 10 12 1 8 1 10 10 100 12 1 1 100 1 10 10 12 1 10 7 12 1 1 9 12 1 9 12 1 9 12 1 9 12 1 10 12 11 12 1 10 12 1 100 1 1 1 1 1 1 1 1 1 1 1 1 1 1 1 1 100 1 1 1 1 1 1 1 1 1 1 1 1 1 1 1 1 1 1 1 1 1 1 1 1 1 1 1 1 1 1 1 1 1 1 1 1 1 1 1 1 1 1 1 1 1 1 1 1 1 1 1 1 1 1 1 1 1 1 1 1 1 1 1 1 1 1 1 1 1 1 1 1 1 1 1 1 1 1 1 1 1 1 1 100 100 1 1 1 1 1 1 1 1 1 1 1 1 1 1 1 1 1 1 1 1 1 1 1 1 1 1 1 1 1 1 1 1 1 1 100 1 100 1 100 1 1 1 1 1 1 1 1 1 1 1 1 1 1 1 1 1 1 1 1 1 1 1 1 1 1 1 1 15 10 100 12 1 1 1 16 15 10 12 16 16 15 10 12 16 16 15 10 16 1 15 10 12 16 1 15 10 12 16 1 16 15 10 12 16 1 1 1 1 1 1 1 100 1 100 1 1
staticfield java/lang/Module ALL_UNNAMED_MODULE Ljava/lang/Module; java/lang/Module
staticfield java/lang/Module ALL_UNNAMED_MODULE_SET Ljava/util/Set; java/util/ImmutableCollections$Set12
staticfield java/lang/Module EVERYONE_MODULE Ljava/lang/Module; java/lang/Module
staticfield java/lang/Module EVERYONE_SET Ljava/util/Set; java/util/ImmutableCollections$Set12
staticfield java/lang/Module $assertionsDisabled Z 1
ciInstanceKlass java/util/ArrayList 1 1 492 10 7 12 1 1 1 7 1 9 7 12 1 1 1 9 12 1 100 1 100 1 10 8 1 10 12 1 1 10 12 1 10 12 1 1 10 12 1 9 12 1 11 7 12 1 1 1 9 12 1 1 10 12 1 1 7 10 7 12 1 1 1 9 12 1 10 12 1 10 12 1 1 10 7 12 1 1 1 10 7 12 1 1 1 10 12 1 1 10 12 1 1 10 12 1 1 10 12 1 10 12 1 1 100 1 100 1 10 12 1 10 7 12 1 1 1 10 7 12 1 1 10 12 1 10 12 10 12 1 1 10 12 1 1 10 12 1 1 7 1 10 12 1 1 10 12 1 1 10 12 1 100 1 10 11 12 1 1 11 100 12 1 1 1 11 12 1 10 12 1 10 12 1 10 12 1 1 100 1 10 12 1 1 10 10 12 1 1 10 12 1 8 1 8 1 8 1 8 1 10 12 1 1 10 12 1 1 11 12 1 100 1 10 100 12 1 1 10 12 1 10 12 1 1 10 100 12 1 1 10 12 1 10 100 12 1 1 1 11 100 12 1 1 1 10 12 1 100 1 8 1 10 7 1 10 12 1 7 1 10 12 1 10 12 1 1 7 1 10 12 1 10 12 1 1 11 7 12 1 1 7 1 10 12 1 10 12 1 1 11 100 12 1 1 10 12 1 1 10 12 1 1 10 12 1 1 10 12 1 1 11 100 12 1 1 10 12 1 1 100 1 100 1 100 1 1 1 1 5 0 1 3 1 1 1 1 1 1 1 1 1 1 1 1 1 1 1 1 1 1 1 1 1 1 1 1 1 1 1 1 1 1 1 1 1 1 1 1 1 1 1 1 1 1 1 1 1 1 1 1 1 1 1 1 1 1 1 1 1 1 1 1 1 1 1 1 1 1 1 1 1 1 1 1 1 1 1 1 1 1 1 1 1 1 1 1 1 1 1 1 1 1 1 1 1 1 1 1 100 1 1 1 1 100 1 1 1 1 1 1 1 1 1 1 1 1 1 1 1 1 1 1 1 1 1 1 1 1 1 1 1 1 1 100 1 1 1 1 1 1 1 1 1 1 1 1 1 1 1 1 1 1 100 1 100 1 1 1 1 1 1
staticfield java/util/ArrayList EMPTY_ELEMENTDATA [Ljava/lang/Object; 0 [Ljava/lang/Object;
staticfield java/util/ArrayList DEFAULTCAPACITY_EMPTY_ELEMENTDATA [Ljava/lang/Object; 0 [Ljava/lang/Object;
ciInstanceKlass java/util/concurrent/ConcurrentHashMap 1 1 1210 7 1 7 1 3 10 12 1 1 3 100 1 10 7 12 1 1 1 100 1 10 100 12 1 1 1 100 1 11 12 1 1 11 12 1 11 12 1 1 9 12 1 1 9 12 1 1 9 12 1 10 7 12 1 1 1 7 1 10 12 1 1 10 12 1 1 10 7 12 1 1 1 4 10 12 1 9 12 1 10 12 1 1 100 1 10 5 0 10 12 1 10 12 1 1 5 0 10 12 1 1 10 12 1 9 12 1 1 10 12 1 1 9 12 1 9 12 1 1 10 12 1 1 9 12 1 10 12 1 1 9 12 1 1 10 12 1 1 100 1 10 7 1 10 12 1 10 12 1 1 10 12 1 1 10 12 1 1 10 12 1 10 12 1 1 10 12 1 1 100 1 10 12 1 1 7 1 100 1 8 1 10 12 1 10 12 1 1 10 12 1 1 11 7 12 1 1 10 12 1 1 11 12 1 1 11 7 12 1 1 1 11 7 12 1 1 1 11 12 1 7 1 11 12 1 11 12 1 10 12 1 1 10 12 1 1 9 12 1 1 10 100 12 1 1 1 9 10 12 1 1 9 12 1 10 12 1 1 5 0 9 12 1 1 7 1 10 12 1 9 12 1 1 7 1 10 12 1 9 12 1 7 1 10 100 1 10 10 12 1 1 8 1 10 12 1 10 12 1 1 11 100 1 10 12 1 10 100 12 1 1 1 8 1 10 100 12 1 1 1 8 1 10 12 1 8 1 10 12 1 10 12 1 1 10 100 12 1 1 10 12 1 10 12 1 10 12 1 9 12 1 9 10 12 1 9 12 1 1 11 7 12 1 1 1 11 100 12 1 1 1 100 1 10 12 11 100 12 1 1 10 11 7 12 1 10 12 1 100 1 10 12 1 100 1 10 10 9 7 12 1 1 1 10 12 3 10 7 12 1 1 9 12 1 10 12 1 1 9 12 1 1 9 12 1 10 12 1 1 10 7 12 1 1 9 12 1 9 7 12 1 1 10 12 1 1 10 12 1 3 9 12 1 9 12 1 10 12 1 1 7 1 9 3 9 12 1 100 1 10 12 1 9 12 1 10 12 1 9 12 1 10 12 1 9 12 1 10 100 12 1 1 1 100 10 12 1 100 1 5 0 10 100 12 1 1 100 1 10 12 1 1 10 12 1 10 12 1 100 1 10 12 1 10 100 1 100 1 10 10 12 1 10 100 1 10 12 1 10 100 1 10 12 1 10 100 1 10 12 1 1 100 1 10 12 1 10 10 12 1 100 1 10 12 1 10 10 12 1 100 1 10 12 1 10 100 1 10 12 1 10 100 1 10 12 1 10 100 1 10 12 1 10 100 1 10 12 1 10 100 1 10 12 1 10 100 1 10 12 1 10 100 1 10 12 1 10 100 1 10 10 100 1 10 10 100 1 10 10 100 1 10 12 1 10 100 1 10 12 1 10 100 1 10 12 1 10 100 1 10 12 1 10 100 1 10 12 1 10 100 1 10 10 100 1 10 10 100 1 10 10 100 1 10 12 1 10 100 1 10 12 1 10 100 1 10 12 1 10 100 1 10 12 1 10 100 1 10 12 1 10 10 12 1 10 7 12 1 1 1 10 12 1 7 1 7 1 10 12 1 9 12 1 1 9 12 1 1 10 12 1 1 8 10 12 1 1 8 8 8 8 7 10 12 1 1 10 12 1 100 1 8 1 10 7 1 100 1 100 1 1 1 5 0 1 1 3 1 3 1 1 1 1 3 1 3 1 3 1 1 1 1 1 3 1 3 1 3 1 1 1 1 1 1 1 1 1 1 1 1 1 1 1 1 1 1 1 1 1 1 1 1 1 100 1 1 1 1 1 1 1 1 1 1 1 1 1 1 1 1 1 1 1 1 1 1 1 1 1 1 1 1 1 1 1 1 1 1 1 1 1 1 1 1 1 1 1 1 1 1 1 1 1 1 1 1 1 1 1 1 1 1 1 1 1 1 1 1 1 1 1 1 1 1 1 1 1 1 1 1 1 1 1 1 1 1 1 1 100 1 1 1 1 1 1 1 1 1 1 1 100 1 1 1 1 1 1 1 1 1 1 1 1 1 1 1 1 1 1 1 1 1 1 1 1 1 1 1 1 1 1 1 1 1 1 1 1 1 1 1 1 1 1 1 1 1 1 1 1 1 1 1 1 1 1 1 1 1 1 1 1 1 1 1 1 1 1 1 1 1 1 1 1 1 1 1 1 1 1 1 1 1 1 1 1 1 1 1 1 1 1 1 1 1 1 1 1 1 1 1 1 1 1 1 1 1 1 1 1 1 1 1 1 1 1 1 1 1 1 1 1 1 1 1 1 1 1 1 1 1 1 1 1 1 1 1 1 1 1 1 1 1 1 1 1 1 1 1 1 1 1 1 1 1 1 1 1 1 1 1 1 1 1 1 1 1 1 1 1 1 1 1 1 1 1 1 1 1 1 1 1 1 1 1 1 1 1 1 1 1 1 1 1 1 1 1 1 1 1 1 1 1 1 1 1 1 1 1 1 1 1 1 1 1 1 1 1 1 1 1 1 1 1 1 100 1 100 1 100 1 100 1 100 1 100 1 100 1 100 1 100 1 1 1 1 1 1 1 1 1 1 1 1 1 1 1 1 1 1 1 1 1 1 1 1 1 1 1 1 1 1 1 1 1 1 1 1 1 1 1 1 1 1 1 1 1 1 1 1 1 1 1 1 1 1 1 1 1 1
staticfield java/util/concurrent/ConcurrentHashMap NCPU I 8
staticfield java/util/concurrent/ConcurrentHashMap serialPersistentFields [Ljava/io/ObjectStreamField; 3 [Ljava/io/ObjectStreamField;
staticfield java/util/concurrent/ConcurrentHashMap U Ljdk/internal/misc/Unsafe; jdk/internal/misc/Unsafe
staticfield java/util/concurrent/ConcurrentHashMap SIZECTL J 20
staticfield java/util/concurrent/ConcurrentHashMap TRANSFERINDEX J 32
staticfield java/util/concurrent/ConcurrentHashMap BASECOUNT J 24
staticfield java/util/concurrent/ConcurrentHashMap CELLSBUSY J 36
staticfield java/util/concurrent/ConcurrentHashMap CELLVALUE J 144
staticfield java/util/concurrent/ConcurrentHashMap ABASE I 16
staticfield java/util/concurrent/ConcurrentHashMap ASHIFT I 2
ciInstanceKlass java/lang/String 1 1 1396 10 7 12 1 1 1 8 1 9 7 12 1 1 1 9 12 1 1 9 12 1 1 10 12 1 10 12 1 1 10 12 1 1 9 12 1 1 10 7 12 1 1 1 10 7 1 10 7 12 1 1 1 10 12 1 1 10 12 1 1 10 12 1 10 12 1 1 10 12 1 10 7 12 1 1 1 9 7 12 1 1 1 10 7 12 1 1 1 10 12 1 1 10 12 1 1 10 12 1 1 10 12 1 1 10 12 1 1 9 7 12 1 1 10 12 9 7 12 1 1 3 10 7 12 1 1 1 7 1 11 12 1 1 11 12 1 11 12 1 1 10 100 12 1 1 1 10 12 1 1 9 100 12 1 1 1 10 12 1 1 10 12 1 11 12 1 1 10 12 1 1 10 12 10 12 1 1 10 100 12 1 1 1 10 7 12 1 1 1 10 12 1 1 100 1 100 1 10 12 1 10 12 1 10 12 1 1 100 1 10 12 1 1 100 1 10 12 1 1 10 12 1 1 10 10 12 1 100 1 100 1 100 1 10 12 1 10 12 1 1 10 12 1 1 10 12 1 10 12 1 1 10 12 1 1 10 7 12 1 1 7 1 11 11 12 1 11 12 1 10 12 1 1 10 12 1 10 12 10 12 1 1 10 10 100 12 1 1 1 10 100 12 1 1 10 12 1 1 10 100 12 1 1 10 12 1 10 12 1 1 10 12 1 1 10 12 1 10 12 1 10 12 1 1 100 1 10 12 1 1 10 12 10 12 1 10 12 1 1 10 100 12 1 1 1 10 12 1 10 12 1 1 10 12 1 10 12 1 3 3 10 12 1 10 12 1 1 10 12 1 1 10 12 1 1 10 12 1 10 12 1 1 10 12 1 1 10 12 1 10 12 1 10 12 1 10 12 1 1 10 12 1 10 12 1 10 12 1 10 12 1 10 12 1 10 12 1 10 100 1 10 8 1 10 12 1 1 10 12 1 8 1 10 12 1 1 10 12 10 12 1 8 1 10 10 12 1 1 10 12 1 1 10 12 1 10 12 1 1 10 12 10 100 1 10 10 12 1 10 12 1 10 12 1 10 10 12 1 10 12 1 1 10 12 1 100 1 10 10 12 1 100 1 10 10 12 1 10 12 1 1 10 12 1 10 12 1 1 10 10 12 1 1 10 100 1 10 10 12 1 10 12 1 1 10 12 1 1 10 100 1 10 12 1 10 12 1 10 12 1 10 12 1 1 10 12 1 11 7 1 11 12 10 12 1 10 12 1 1 10 12 1 1 10 10 12 1 10 12 1 9 12 1 1 11 7 12 1 1 1 10 10 12 1 10 12 1 1 10 10 12 1 10 12 1 10 12 1 1 9 12 1 10 12 1 1 10 10 12 1 1 10 12 10 10 12 1 10 12 10 10 12 10 10 12 1 10 12 1 10 12 10 10 12 10 12 1 10 12 10 12 10 10 12 1 10 12 1 1 10 12 1 10 10 12 1 10 7 12 1 1 1 10 12 1 1 10 10 100 12 1 1 1 11 10 12 1 10 12 1 1 10 12 1 1 10 100 12 1 1 1 10 12 1 10 10 12 1 10 12 1 10 12 1 10 100 12 1 1 10 12 1 100 1 100 1 8 1 10 10 10 12 1 8 1 10 12 1 3 3 7 1 10 10 12 1 10 12 1 10 12 1 1 10 12 1 1 11 7 12 1 1 1 7 1 10 12 1 1 10 12 1 10 12 1 1 10 12 1 1 8 1 10 12 1 1 10 12 1 11 100 12 1 1 1 11 100 12 1 1 11 12 1 1 10 12 1 10 12 1 1 10 10 7 12 1 1 1 10 12 1 10 12 1 10 10 12 10 12 1 1 10 10 12 1 10 10 12 1 10 10 12 1 10 10 12 1 10 12 1 1 10 10 12 1 8 1 10 12 1 1 18 12 1 1 11 100 12 1 1 1 100 1 3 18 12 1 18 12 1 8 1 10 100 12 1 1 1 11 12 1 1 10 12 10 10 12 1 10 11 12 1 1 10 12 1 1 11 12 1 18 3 11 10 12 1 11 11 10 12 1 10 12 1 1 8 1 10 12 1 10 12 1 10 12 1 1 10 10 12 1 11 100 12 1 100 1 100 1 10 12 1 100 1 10 10 100 12 1 1 1 100 1 10 100 1 10 10 12 1 10 10 12 1 8 1 10 10 12 1 8 1 8 1 10 12 1 10 12 1 10 10 12 10 100 12 1 1 10 100 12 1 1 10 100 12 1 1 8 1 10 12 1 10 12 1 1 10 10 12 8 1 8 1 10 8 1 8 1 8 1 8 1 10 12 1 10 12 1 8 1 10 100 12 1 1 1 10 12 10 12 1 1 10 12 10 10 12 10 12 7 1 9 12 1 1 7 1 10 100 1 100 1 100 1 100 1 1 1 1 1 1 5 0 1 1 1 1 1 3 1 3 1 1 1 1 1 1 1 1 1 1 1 1 1 1 1 100 1 1 1 100 1 1 1 1 1 1 1 1 1 1 1 1 1 1 1 1 1 1 1 1 1 1 1 1 1 1 1 100 1 1 1 1 1 1 1 1 1 100 1 1 1 1 1 1 1 1 1 1 1 1 1 1 1 1 1 1 1 1 1 1 1 1 1 1 1 1 1 1 1 1 1 1 1 1 1 1 1 1 1 1 1 1 1 1 1 1 1 1 1 1 1 1 1 1 1 1 1 1 1 1 1 1 1 1 1 1 1 1 1 1 1 1 1 1 1 1 1 1 1 1 1 1 1 1 1 1 1 1 1 1 1 1 1 1 1 1 1 1 1 1 1 1 1 1 1 1 1 1 1 1 1 1 1 1 1 1 1 1 1 1 1 1 1 1 1 1 1 1 1 1 1 1 1 1 1 1 1 1 1 1 1 1 1 1 1 1 1 1 1 1 1 1 1 1 1 1 1 1 1 1 1 1 1 1 1 1 1 100 1 1 1 1 1 1 1 1 1 1 1 1 1 1 1 1 1 1 1 1 1 1 1 1 100 1 1 1 1 1 1 1 1 1 1 1 1 1 100 1 1 1 1 1 1 1 1 1 1 1 1 1 1 1 15 10 100 12 1 1 1 16 15 10 12 16 15 10 12 15 10 12 15 10 12 1 1 1 1 100 1 100 1 1 1
staticfield java/lang/String COMPACT_STRINGS Z 1
staticfield java/lang/String serialPersistentFields [Ljava/io/ObjectStreamField; 0 [Ljava/io/ObjectStreamField;
staticfield java/lang/String CASE_INSENSITIVE_ORDER Ljava/util/Comparator; java/lang/String$CaseInsensitiveComparator
ciInstanceKlass java/security/ProtectionDomain 1 1 324 10 7 12 1 1 1 9 7 12 1 1 1 7 1 10 9 12 1 1 9 12 1 1 9 12 1 1 10 7 12 1 1 7 1 9 12 1 9 12 1 1 7 1 9 12 1 1 9 12 1 10 100 12 1 1 10 100 12 1 1 1 10 12 1 1 10 12 1 9 12 1 9 100 12 1 1 10 12 1 1 10 100 1 10 12 1 1 8 1 100 1 8 1 10 12 1 10 10 100 12 1 1 1 10 12 1 1 8 1 11 8 1 10 12 1 8 1 8 1 10 12 1 1 10 12 1 10 12 1 1 10 12 1 8 1 10 12 1 8 1 8 1 10 100 12 1 1 1 9 100 12 1 1 1 10 12 1 1 9 100 12 1 1 1 10 100 12 1 1 1 100 1 100 1 10 12 1 10 100 12 1 1 1 10 100 1 10 12 1 10 12 1 1 11 100 12 1 1 11 12 1 100 1 11 100 12 1 1 1 10 12 1 10 11 12 1 1 11 12 1 1 10 12 1 10 7 12 1 1 10 100 12 1 1 11 12 1 10 12 8 1 8 1 10 7 12 1 1 1 7 1 10 10 7 12 1 1 1 1 1 1 1 1 1 1 100 1 1 100 1 1 1 1 1 1 1 1 1 1 1 1 1 1 1 1 1 1 1 1 1 1 1 1 1 1 1 1 1 1 1 1 1 1 1 1 1 1 1 1 1 1 100 1 1 1 1 1 100 1 1 1 1 1
staticfield java/security/ProtectionDomain filePermCompatInPD Z 0
ciInstanceKlass java/security/CodeSource 1 1 395 10 7 12 1 1 1 9 7 12 1 1 1 9 12 1 1 9 12 1 1 9 12 1 1 10 7 12 1 1 1 9 12 1 1 10 7 12 1 1 10 7 10 100 12 1 1 1 10 100 12 1 1 1 10 12 1 1 7 1 10 10 7 12 1 1 1 10 7 12 1 1 1 10 12 1 1 10 12 1 7 1 10 12 1 1 10 12 1 1 10 12 1 1 10 12 1 10 10 10 12 1 1 10 100 12 1 1 1 10 12 1 10 12 1 10 12 1 8 1 10 12 1 10 12 1 10 12 1 1 10 12 1 8 1 10 12 1 1 10 100 1 10 10 12 1 1 8 1 10 12 1 10 12 1 10 12 1 8 1 8 1 9 12 1 1 100 1 8 1 10 12 1 10 12 1 1 8 1 10 12 1 8 1 8 1 8 1 10 100 12 1 1 10 12 1 1 10 12 1 10 12 1 1 10 12 1 1 10 12 1 1 100 1 100 1 10 12 1 10 12 10 12 1 1 10 100 12 1 1 10 12 1 100 1 10 12 10 8 1 10 12 1 10 12 1 10 12 1 1 100 1 10 12 1 1 100 1 100 1 8 1 8 1 10 10 12 1 1 10 100 12 1 1 1 100 1 10 12 10 12 1 1 11 100 12 1 1 10 10 12 1 11 10 12 1 8 1 100 1 10 12 1 10 12 1 1 10 12 1 11 12 1 1 11 100 1 1 1 1 5 0 1 1 1 1 1 1 1 1 1 1 1 1 1 1 1 1 1 1 1 1 1 1 1 1 1 1 1 1 1 1 1 1 1 1 1 1 1 1 1 1 1 1 1 1 1 1 1 1 1 1 1 1 1 1 1 1 1 1 1 1 1 1 1 1 1 100 1 1 1 1 1 1 1
ciInstanceKlass java/lang/StringBuilder 1 1 409 10 7 12 1 1 1 10 12 1 10 12 1 10 12 1 1 10 7 12 1 1 1 10 7 12 1 1 1 10 12 1 10 12 1 10 12 1 10 12 1 10 12 1 10 12 1 10 12 1 10 12 1 10 12 1 10 12 1 10 12 1 10 12 1 10 12 1 10 12 1 1 10 12 1 10 12 1 1 10 12 1 1 10 12 1 10 12 1 10 12 1 10 12 1 10 12 1 10 12 1 10 12 1 10 12 10 12 1 10 12 1 10 12 1 10 12 1 1 10 12 1 10 12 1 10 12 10 12 1 1 10 12 1 1 9 12 1 1 9 12 1 1 10 7 12 1 1 1 10 100 1 10 100 12 1 1 1 10 12 1 10 12 1 1 10 12 1 1 10 10 12 1 1 10 100 12 1 1 10 12 1 10 12 1 1 100 1 100 1 8 1 10 10 12 1 1 10 12 1 1 10 12 1 10 12 1 10 12 1 10 12 1 10 12 1 10 12 1 10 12 1 10 12 1 10 12 1 10 12 1 10 12 1 10 12 1 10 12 1 10 12 1 10 12 1 1 10 12 1 1 10 12 1 10 12 1 10 12 1 10 12 10 12 10 12 1 10 12 1 10 12 1 10 12 10 12 1 10 12 1 10 12 1 10 12 1 10 12 1 10 12 1 10 12 1 10 12 1 10 12 1 1 10 12 1 10 12 1 1 10 12 1 10 12 1 1 10 12 1 10 12 1 1 10 12 1 10 12 1 10 12 1 10 10 12 1 10 12 1 100 1 100 1 100 1 1 1 1 5 0 1 1 1 1 1 1 1 1 1 1 1 1 1 1 1 1 1 1 1 1 1 1 1 1 1 1 1 1 1 1 1 1 1 1 1 1 1 1 1 1 1 1 1 100 1 1 1 100 1 1 1 1 1 1 1 1 1 1
ciInstanceKlass jdk/internal/loader/ClassLoaders 1 1 183 10 100 12 1 1 1 10 7 12 1 1 1 10 12 1 1 10 100 12 1 1 1 9 7 12 1 1 1 9 12 1 1 9 12 1 1 7 1 11 100 12 1 1 1 100 1 11 12 1 1 11 12 1 1 10 100 12 1 1 1 10 100 12 1 1 1 100 1 100 1 10 7 12 1 1 1 9 12 1 1 10 12 1 1 7 1 10 12 1 1 10 12 1 7 1 8 1 10 7 12 1 1 1 10 12 1 1 7 1 10 12 1 10 12 1 10 12 1 8 1 10 7 12 1 1 8 1 8 1 10 12 1 7 1 10 12 1 10 12 1 10 12 1 1 1 1 1 1 1 1 1 1 1 1 1 1 1 1 1 1 1 1 100 1 1 1 1 1 1 1 1 1 1 1 1 1 1 1 1 1 1 1
staticfield jdk/internal/loader/ClassLoaders JLA Ljdk/internal/access/JavaLangAccess; java/lang/System$2
staticfield jdk/internal/loader/ClassLoaders BOOT_LOADER Ljdk/internal/loader/ClassLoaders$BootClassLoader; jdk/internal/loader/ClassLoaders$BootClassLoader
staticfield jdk/internal/loader/ClassLoaders PLATFORM_LOADER Ljdk/internal/loader/ClassLoaders$PlatformClassLoader; jdk/internal/loader/ClassLoaders$PlatformClassLoader
staticfield jdk/internal/loader/ClassLoaders APP_LOADER Ljdk/internal/loader/ClassLoaders$AppClassLoader; jdk/internal/loader/ClassLoaders$AppClassLoader
ciInstanceKlass jdk/internal/misc/Unsafe 1 1 1285 10 7 12 1 1 1 9 7 12 1 1 1 9 12 1 1 10 12 1 1 10 7 12 1 1 1 10 12 1 1 10 12 1 1 10 12 1 1 10 12 1 1 10 12 1 1 10 12 1 1 10 12 1 1 10 12 1 1 10 12 1 1 10 12 1 1 10 12 1 1 10 12 1 1 10 12 1 1 10 12 1 10 12 1 100 1 10 10 12 1 1 10 12 1 1 5 0 10 12 1 1 10 12 1 1 10 7 12 1 1 1 10 12 1 1 10 12 1 10 12 1 10 12 1 1 10 12 1 1 10 12 1 10 12 1 100 1 100 1 10 8 1 10 12 1 1 10 12 1 8 1 10 12 1 1 10 12 1 10 12 1 10 12 1 1 10 12 1 10 12 1 1 10 12 1 1 10 12 1 10 12 1 10 12 1 10 12 1 1 10 12 1 10 12 1 10 12 1 1 10 12 1 5 0 5 0 5 0 10 12 1 10 12 1 10 12 1 10 12 1 10 12 1 10 12 1 10 12 1 10 12 1 10 12 1 1 10 12 1 10 12 1 100 1 8 1 10 100 1 10 10 12 1 1 10 12 1 1 10 12 1 10 12 1 1 10 12 1 1 10 12 1 10 12 1 1 10 12 1 9 7 12 1 1 9 12 1 100 1 10 10 12 1 1 8 1 10 8 1 8 1 10 12 1 1 9 7 12 1 1 1 9 100 1 9 100 1 9 7 1 9 9 100 1 9 100 1 9 100 1 10 12 1 1 10 12 1 1 10 12 1 1 10 12 1 1 5 0 5 0 9 12 1 1 10 12 1 10 12 1 10 12 1 1 10 12 1 1 10 12 1 8 1 3 10 12 1 1 10 12 1 1 10 12 1 10 12 1 1 10 12 1 1 10 12 1 10 12 1 10 12 1 10 12 1 10 12 1 10 12 1 1 10 12 1 1 10 12 1 10 12 1 10 12 1 10 12 1 10 12 1 10 12 1 1 10 12 1 1 10 12 1 10 12 1 10 12 1 10 12 1 10 12 1 10 12 1 1 10 12 1 1 10 12 1 1 10 12 1 1 10 12 1 10 12 1 10 12 1 10 12 1 10 12 1 10 12 1 10 12 1 1 10 12 1 1 10 12 1 10 12 1 10 12 1 10 12 1 10 12 1 10 12 1 10 12 1 1 10 12 1 1 10 12 1 10 12 1 10 12 1 10 12 1 10 12 1 10 12 1 10 12 1 10 12 1 1 10 12 1 10 12 1 10 12 1 10 12 1 10 12 1 1 10 12 1 10 12 1 10 12 1 10 12 1 10 12 1 10 12 1 10 12 1 10 12 1 1 10 12 1 10 12 1 10 12 1 10 12 1 10 12 1 10 12 1 1 10 12 1 10 12 1 10 12 1 1 10 12 1 10 12 1 10 12 1 10 12 1 10 12 1 10 12 1 10 12 1 10 12 1 10 12 1 10 12 1 10 12 1 10 12 1 10 12 1 10 12 1 10 12 1 10 12 1 10 12 1 10 12 1 10 12 1 10 12 1 10 12 1 10 12 1 100 1 10 100 1 10 9 12 1 5 0 10 12 1 1 5 0 10 12 1 5 0 10 12 1 10 12 1 10 12 1 1 10 12 1 1 10 12 1 10 12 1 10 12 1 10 12 1 1 10 12 1 10 12 1 10 12 1 10 12 1 10 12 1 1 10 12 1 10 12 1 10 12 1 10 12 1 1 10 12 1 10 12 1 10 12 1 1 10 12 1 10 12 1 10 12 1 10 12 1 1 10 12 1 10 10 12 1 1 10 12 1 10 12 1 1 10 12 1 10 12 5 0 5 0 5 0 10 12 1 1 10 12 1 10 12 1 10 12 10 100 12 1 1 8 1 100 1 11 12 1 1 8 1 11 12 1 1 10 100 12 1 1 10 12 1 10 12 1 10 12 1 10 12 1 10 12 1 1 10 12 1 10 12 1 10 12 1 10 12 1 10 12 1 10 12 1 10 7 1 10 12 1 9 12 1 7 1 9 12 1 7 1 9 12 1 7 1 9 12 1 7 1 9 12 1 7 1 9 12 1 7 1 9 12 1 7 1 9 12 1 7 1 9 12 1 10 12 1 9 12 1 9 12 1 9 12 1 9 12 1 9 12 1 9 12 1 9 12 1 9 12 1 9 12 1 9 12 1 1 1 3 1 1 1 1 1 1 1 1 1 1 1 1 1 1 1 1 1 1 1 1 1 1 1 1 1 1 1 1 1 1 1 1 1 1 1 1 1 1 1 1 1 1 1 1 1 1 1 1 1 1 1 1 1 1 1 1 1 1 1 1 1 1 1 1 1 1 1 1 1 1 1 1 1 1 1 1 1 1 1 1 1 1 1 1 1 1 1 1 1 100 1 1 1 1 1 1 1 1 1 1 1 1 1 1 1 1 1 1 1 1 1 1 1 1 1 1 1 1 1 1 1 1 1 1 1 1 1 1 1 1 1 1 1 1 1 1 1 1 1 1 1 1 1 1 1 1 1 1 1 1 1 1 1 1 1 1 1 1 1 1 1 1 1 1 1 1 1 1 1 1 1 1 1 1 1 1 1 1 1 1 1 1 1 1 1 1 1 1 1 1 1 1 1 1 1 1 1 1 1 1 1 1 1 1 1 1 1 1 1 1 1 1 1 1 1 1 1 1 1 1 1 1 1 1 1 1 1 1 1 1 1 1 1 1 1 1 1 1 1 1 1 1 1 1 1 1 1 1 1 1 1 1 1 1 1 1 1 1 1 1 1 1 1 1 1 1 1 1 1 1 1 1 1 1 1 1 1 1 1 1 1 1 1 1 1 1 1 1 1 1 1 1 1 1 1 1 1 3 1 1 1 1 1 1 1 1 1 1 1 1 1 1 1 1 1 1 1 1 1
staticfield jdk/internal/misc/Unsafe theUnsafe Ljdk/internal/misc/Unsafe; jdk/internal/misc/Unsafe
staticfield jdk/internal/misc/Unsafe ARRAY_BOOLEAN_BASE_OFFSET I 16
staticfield jdk/internal/misc/Unsafe ARRAY_BYTE_BASE_OFFSET I 16
staticfield jdk/internal/misc/Unsafe ARRAY_SHORT_BASE_OFFSET I 16
staticfield jdk/internal/misc/Unsafe ARRAY_CHAR_BASE_OFFSET I 16
staticfield jdk/internal/misc/Unsafe ARRAY_INT_BASE_OFFSET I 16
staticfield jdk/internal/misc/Unsafe ARRAY_LONG_BASE_OFFSET I 16
staticfield jdk/internal/misc/Unsafe ARRAY_FLOAT_BASE_OFFSET I 16
staticfield jdk/internal/misc/Unsafe ARRAY_DOUBLE_BASE_OFFSET I 16
staticfield jdk/internal/misc/Unsafe ARRAY_OBJECT_BASE_OFFSET I 16
staticfield jdk/internal/misc/Unsafe ARRAY_BOOLEAN_INDEX_SCALE I 1
staticfield jdk/internal/misc/Unsafe ARRAY_BYTE_INDEX_SCALE I 1
staticfield jdk/internal/misc/Unsafe ARRAY_SHORT_INDEX_SCALE I 2
staticfield jdk/internal/misc/Unsafe ARRAY_CHAR_INDEX_SCALE I 2
staticfield jdk/internal/misc/Unsafe ARRAY_INT_INDEX_SCALE I 4
staticfield jdk/internal/misc/Unsafe ARRAY_LONG_INDEX_SCALE I 8
staticfield jdk/internal/misc/Unsafe ARRAY_FLOAT_INDEX_SCALE I 4
staticfield jdk/internal/misc/Unsafe ARRAY_DOUBLE_INDEX_SCALE I 8
staticfield jdk/internal/misc/Unsafe ARRAY_OBJECT_INDEX_SCALE I 4
staticfield jdk/internal/misc/Unsafe ADDRESS_SIZE I 8
ciInstanceKlass java/util/Map 1 1 259 11 7 12 1 1 1 11 12 1 1 10 7 12 1 1 11 12 1 1 11 7 12 1 1 1 11 7 12 1 1 1 11 12 1 1 7 1 11 12 1 11 12 1 100 1 100 1 10 12 1 1 11 7 12 1 1 1 11 100 12 1 1 1 11 12 1 11 12 1 10 12 1 1 11 12 1 11 7 12 1 9 7 12 1 1 1 100 1 10 12 7 1 7 1 10 12 1 7 1 10 7 1 11 12 1 1 7 1 11 12 1 1 1 1 1 1 1 1 1 1 1 1 1 1 1 1 1 1 1 1 1 1 1 1 1 1 1 1 1 1 1 1 1 1 1 1 1 1 1 1 1 1 1 1 1 1 1 1 1 1 1 1 1 1 1 1 1 1 1 1 1 1 1 1 1 1 1 1 1 1 1 1 1 1 1 1 1 1 1 1 1 1 1 1 1 1 1 1 1 1 1 1 1 1 1 1 1 1 1 1 1 1 1 1 1 1 1 1 1 1 1 1 1 1 1 1 1 1 1 1 1 1 1 1 1 1 1 1 1 100 1 1 1 1 1 1 1 1 1 1 1 1 1 1 1 1 1 1
ciInstanceKlass java/lang/ThreadGroup 1 1 293 10 7 12 1 1 1 9 7 12 1 1 1 8 1 9 12 1 1 7 1 9 12 1 9 12 1 1 10 12 1 1 10 12 1 1 10 12 1 10 12 1 1 10 12 1 9 12 1 1 10 12 1 1 10 12 1 9 12 1 10 100 12 1 1 1 9 12 1 9 12 1 1 10 7 12 1 1 1 100 10 12 1 1 10 7 12 1 1 1 10 100 12 1 9 12 1 10 12 1 1 10 12 1 1 9 12 1 1 10 12 1 1 10 12 1 10 12 1 10 12 1 1 10 12 1 1 10 12 1 10 12 1 10 10 12 1 10 12 1 10 100 1 10 10 12 1 10 12 1 10 12 1 7 10 12 1 9 12 1 1 10 12 1 1 8 1 10 100 12 1 1 1 10 12 1 1 10 12 1 1 10 12 1 1 11 100 1 100 1 9 12 1 100 1 10 8 1 10 12 1 1 10 12 1 1 8 1 10 12 1 10 100 12 1 1 1 10 12 1 1 10 100 1 8 1 10 8 1 10 12 1 8 1 1 1 1 1 1 1 1 1 1 1 1 1 1 1 1 1 3 1 1 1 1 1 1 1 1 1 1 1 1 1 1 1 1 1 1 1 1 1 1 1 1 1 1 1 1 1 1 1 1 1 1 1 1 1 1 1 1 1 1
instanceKlass java/security/Provider
ciInstanceKlass java/util/Properties 1 1 651 10 7 12 1 1 1 100 1 10 7 12 1 1 7 1 10 12 1 9 12 1 1 9 12 1 1 9 12 1 1 10 7 12 1 1 1 10 12 1 1 8 1 10 7 12 1 1 1 7 1 10 12 1 10 12 1 1 8 1 10 12 1 7 1 10 12 10 12 1 1 9 12 1 1 10 12 1 1 7 1 10 12 1 10 12 1 10 12 1 1 100 1 8 1 10 12 1 10 12 1 10 12 1 1 10 12 1 100 1 3 10 10 100 12 1 1 1 10 12 1 10 12 1 1 8 1 10 12 1 10 12 1 1 8 1 10 100 12 1 1 10 12 1 1 10 12 1 10 12 1 1 100 1 10 12 1 10 12 1 1 100 1 9 100 12 1 1 1 10 12 1 10 12 1 1 100 1 10 10 10 12 1 1 11 7 12 1 1 1 11 7 12 1 1 1 11 12 1 1 7 1 11 12 1 11 12 1 10 12 1 1 8 1 10 12 1 10 12 1 100 1 10 10 12 1 1 10 100 12 1 1 9 100 12 1 1 10 12 1 1 10 100 12 1 1 1 100 1 100 1 100 1 10 8 1 8 1 10 12 1 10 12 1 10 12 1 1 10 10 12 1 1 10 12 1 1 7 1 10 10 12 1 11 7 12 1 1 10 7 12 1 1 1 8 1 10 100 12 1 1 11 8 1 10 100 1 11 10 12 1 10 12 1 10 12 1 10 12 1 1 10 12 1 1 10 12 1 1 10 12 1 10 12 1 10 10 12 1 10 12 1 10 12 1 10 10 12 1 1 10 12 1 1 7 1 10 10 12 1 10 12 1 10 12 1 10 12 1 10 12 1 1 10 12 1 1 10 12 1 10 12 1 10 12 1 1 10 12 10 12 1 1 10 12 1 1 10 12 1 10 12 1 1 10 12 1 1 10 12 100 1 10 11 100 12 1 1 4 11 10 12 1 1 10 100 12 1 1 11 12 1 10 12 1 1 10 100 12 1 1 10 12 1 100 1 8 1 10 12 1 10 10 100 12 1 1 1 100 1 6 0 10 12 1 1 11 100 12 1 1 1 10 12 1 10 12 1 1 1 1 1 5 0 1 1 1 1 1 1 1 1 1 1 1 1 1 1 1 1 1 1 1 1 1 1 1 1 1 1 1 1 1 1 1 1 1 1 1 1 1 1 1 1 100 1 1 1 1 1 1 1 1 1 1 1 1 1 1 1 1 1 1 1 1 100 1 1 1 1 1 1 1 100 1 100 1 1 1 1 100 1 1 1 1 1 1 1 1 1 1 1 1 1 1 1 1 1 1 1 1 1 1 1 1 1 1 1 1 1 1 1 1 1 1 1 1 1 1 1 1 1 1 1 1 1 1 1 1 1 1 1 1 1 1 1 1 1 1 1 1 1 1 1 1 1 1 1 1 1 1 1 1 1 1 1 1 100 1 1 1 1 1 1 1 1 1 100 1 1 1
staticfield java/util/Properties UNSAFE Ljdk/internal/misc/Unsafe; jdk/internal/misc/Unsafe
instanceKlass java/util/Hashtable
ciInstanceKlass java/util/Dictionary 1 1 36 10 7 12 1 1 1 100 1 1 1 1 1 1 1 1 1 1 1 1 1 1 1 1 1 1 1 1 1 1 1 1 1 1 1 1
instanceKlass java/util/Properties
ciInstanceKlass java/util/Hashtable 1 1 512 100 1 10 7 12 1 1 1 9 7 12 1 1 1 100 1 100 1 10 8 1 10 12 1 1 10 12 1 10 12 1 1 10 12 1 10 7 12 1 1 1 8 1 10 12 1 9 12 1 1 7 1 9 12 1 1 4 10 7 12 1 1 1 9 12 1 4 10 12 1 11 100 12 1 1 1 10 12 1 1 10 12 1 1 9 12 1 10 12 1 1 100 1 10 9 12 1 1 10 7 12 1 1 1 9 12 1 1 10 12 1 10 12 1 3 9 12 1 9 12 1 3 10 12 1 10 12 1 10 12 1 1 11 12 1 1 11 100 12 1 1 1 11 100 12 1 1 1 11 12 1 100 1 11 12 1 11 12 1 10 12 1 1 10 12 1 1 10 12 1 9 12 1 1 9 12 9 12 1 1 10 100 1 100 1 10 12 1 10 8 1 10 10 12 1 8 1 10 8 1 10 100 12 1 1 1 7 1 10 12 1 10 12 1 100 1 10 12 1 10 12 1 1 100 1 10 100 1 10 10 12 1 1 11 12 1 1 11 12 1 100 1 10 10 10 100 12 1 1 11 100 12 1 1 1 100 1 10 11 100 12 1 1 11 100 12 1 10 12 1 10 12 1 1 10 100 12 1 1 10 12 1 1 10 12 1 1 10 12 1 1 10 100 12 1 1 1 8 10 100 12 1 1 100 1 8 1 10 4 10 12 4 10 12 1 8 1 10 12 10 100 12 1 1 1 100 1 11 100 12 1 1 1 10 100 12 1 1 1 10 12 1 10 12 1 1 10 100 1 100 1 1 1 1 1 1 5 0 1 1 1 1 1 3 1 3 1 3 1 1 1 1 1 1 1 1 1 1 1 1 1 1 1 1 1 1 1 1 1 1 1 1 1 100 1 1 1 1 1 1 1 1 1 1 1 1 1 1 1 1 1 1 1 1 1 1 1 1 1 1 1 1 1 100 1 1 1 1 1 1 1 1 1 1 1 1 1 1 1 1 1 1 1 1 1 1 1 1 1 1 1 1 1 1 1 1 1 1 1 1 1 1 1 1 1 1 1 1 1 1 1 1 1 1 1 1 1 1 1 1 1 1 100 1 1 1 100 1 1 1 1 1 100 1 1 1 1 1 1 1 1 1 1 1 1 1 1 1 1 1 1
ciInstanceKlass java/util/Set 1 1 140 100 1 10 100 12 1 1 1 9 7 12 1 1 1 7 1 10 12 1 1 10 12 1 7 1 7 1 10 12 1 7 1 7 1 100 1 10 12 1 10 12 1 1 11 12 1 1 100 1 1 1 1 1 1 1 1 1 1 1 1 1 1 1 1 1 1 1 1 1 1 1 1 1 1 1 1 1 1 1 1 1 1 1 1 1 1 1 1 1 1 1 1 1 1 1 1 1 1 1 1 1 1 1 1 1 1 1 1 1 1 1 1 1 1 1 1 1 1 1 1 1 1 1 1 1 1 1 1 1 1 1 1 1 1 1 1 1 1 1
ciInstanceKlass java/util/Map$Entry 1 0 178 18 12 1 1 100 1 100 1 18 10 100 12 1 1 1 18 12 1 18 100 1 11 100 12 1 1 1 11 12 1 11 100 12 1 1 1 10 100 12 1 1 1 10 100 12 1 1 1 8 1 10 12 1 1 8 1 8 1 8 1 10 12 1 10 12 1 8 10 100 1 10 12 1 8 10 12 1 8 1 10 12 1 8 10 12 1 8 1 10 12 1 1 8 1 100 1 8 1 10 12 1 1 11 12 100 1 11 12 1 1 1 1 1 1 1 1 1 1 1 1 1 1 1 1 1 1 1 1 1 1 1 1 1 1 1 1 1 1 1 1 1 1 1 1 1 1 1 15 10 100 12 1 1 1 16 15 11 12 16 3 3 15 11 12 15 11 12 15 11 12 1 1 100 1 100 1 1
instanceKlass java/util/HashMap$ValueIterator
instanceKlass java/util/HashMap$KeyIterator
instanceKlass java/util/HashMap$EntryIterator
ciInstanceKlass java/util/HashMap$HashIterator 1 1 90 9 7 12 1 1 1 10 7 12 1 1 1 9 7 12 1 1 1 9 12 1 9 12 1 1 9 12 1 1 9 12 1 9 12 1 9 12 1 100 1 10 100 1 10 9 7 1 100 1 10 9 12 1 9 12 1 1 10 12 1 1 1 1 1 1 1 1 1 1 1 1 1 1 1 100 1 1 1 1 1 1 1 1 1 1 1 1 1 1
ciInstanceKlass java/util/HashMap$EntryIterator 1 1 50 9 7 12 1 1 1 10 7 12 1 1 1 10 12 1 1 10 12 1 1 100 1 1 1 1 1 1 1 1 1 1 1 1 1 1 1 100 1 1 1 1 100 1 1 100 1 100 1 1
instanceKlass java/util/jar/JarVerifier$VerifierStream
instanceKlass java/util/zip/ZipFile$ZipFileInputStream
instanceKlass java/io/FilterInputStream
instanceKlass java/io/FileInputStream
instanceKlass java/io/ByteArrayInputStream
ciInstanceKlass java/io/InputStream 1 1 184 100 1 10 7 12 1 1 1 100 1 10 10 7 12 1 1 1 10 7 12 1 1 1 10 12 1 100 1 3 10 12 1 1 100 1 8 1 10 12 1 10 7 12 1 1 1 3 100 1 8 1 10 10 7 12 1 1 1 7 1 10 11 7 12 1 1 1 10 12 1 1 11 12 1 1 11 7 12 1 1 1 11 12 1 1 7 1 10 7 12 1 1 1 5 0 10 12 1 10 12 1 1 100 1 10 8 1 10 8 1 8 1 10 12 1 1 10 100 12 1 1 1 100 1 1 1 1 3 1 3 1 1 1 1 1 1 1 1 1 1 1 1 1 1 1 1 1 1 1 1 1 1 1 1 1 1 1 1 1 1 1 1 1 1 1 1 1 1 1 1 1 1 1 1 1 1 1 1 1 1 1 1 1
ciInstanceKlass java/io/ByteArrayInputStream 1 1 96 10 7 12 1 1 1 9 7 12 1 1 1 9 12 1 1 9 12 1 9 12 1 10 100 12 1 1 1 10 7 12 1 1 1 10 7 12 1 1 1 10 100 12 1 1 1 10 12 1 1 10 100 12 1 1 1 1 1 1 1 1 1 1 1 1 1 1 1 1 1 1 1 1 1 1 1 1 1 1 1 100 1 1 1 1 1 1 1 1 1 1 1 1 1 1
instanceKlass java/util/concurrent/ForkJoinWorkerThread
instanceKlass java/util/logging/LogManager$Cleaner
instanceKlass jdk/internal/misc/InnocuousThread
instanceKlass java/lang/ref/Finalizer$FinalizerThread
instanceKlass java/lang/ref/Reference$ReferenceHandler
ciInstanceKlass java/lang/Thread 1 1 612 9 7 12 1 1 1 9 12 1 1 10 12 1 1 9 12 1 1 9 12 1 1 100 1 8 1 10 12 1 1 3 8 1 100 1 5 0 10 12 1 1 10 7 12 1 1 9 12 1 1 9 12 1 9 12 1 1 9 12 1 100 1 8 1 10 9 12 1 1 10 7 12 1 1 1 10 100 12 1 1 1 10 10 7 12 1 1 10 12 1 1 10 12 1 1 9 100 12 1 1 1 10 12 1 1 10 12 1 9 12 1 1 10 12 1 1 10 12 1 1 9 12 1 10 12 1 1 9 12 1 1 10 7 12 1 1 1 9 12 1 1 9 12 1 1 10 12 1 1 10 100 12 1 1 1 9 12 1 10 12 1 1 9 12 1 100 1 10 100 1 10 8 1 10 12 1 1 10 12 1 10 12 1 10 12 1 1 10 12 1 10 12 1 9 12 1 100 1 10 10 12 1 1 10 12 1 10 12 1 100 1 11 7 12 1 1 9 100 12 1 1 1 10 12 1 10 12 1 10 12 9 12 1 1 10 9 12 1 10 12 1 100 1 10 10 12 1 1 9 12 1 10 12 1 11 100 12 1 1 10 12 1 9 12 1 10 12 1 10 12 1 10 10 12 1 10 12 1 10 12 1 10 12 1 10 12 1 1 100 1 10 10 12 1 10 12 1 10 12 1 9 100 12 1 1 1 10 12 1 1 10 12 1 100 1 8 1 10 10 12 1 10 12 8 1 10 12 1 8 1 10 8 1 8 1 10 100 12 1 1 10 100 12 1 1 1 100 1 8 1 10 9 12 1 9 12 1 1 10 12 1 1 10 10 12 1 1 9 12 1 10 12 1 1 100 1 10 12 11 100 12 1 1 1 9 100 12 1 1 1 9 12 1 1 10 12 1 1 100 1 10 12 1 11 100 12 1 1 1 100 1 10 12 1 10 12 1 1 11 12 1 10 12 1 100 1 10 12 1 10 12 1 1 10 100 12 1 1 1 8 1 9 12 1 10 12 1 1 11 100 12 1 1 1 10 100 12 1 1 1 11 12 1 10 12 1 7 1 1 1 1 3 1 3 1 3 1 1 1 1 1 1 1 1 1 1 1 1 1 1 1 1 1 1 1 100 1 1 1 1 1 1 1 1 1 1 1 1 100 1 100 1 1 1 1 1 1 1 1 1 1 1 1 1 1 1 1 1 1 1 1 1 1 1 1 1 1 1 1 1 1 1 1 1 1 1 1 1 1 1 1 1 1 1 100 100 1 1 1 1 1 1 1 1 1 100 1 1 1 1 1 1 1 1 1 1 1 1 1 1 1 1 1 1 1 1 1 1 1 1 1 1 1 1 100 1 1 1 1 1 1 100 1 1 100 1 1 1 1 1 1
staticfield java/lang/Thread EMPTY_STACK_TRACE [Ljava/lang/StackTraceElement; 0 [Ljava/lang/StackTraceElement;
ciMethod java/lang/System arraycopy (Ljava/lang/Object;ILjava/lang/Object;II)V 256 0 128 0 -1
instanceKlass java/lang/Exception
instanceKlass java/lang/Error
ciInstanceKlass java/lang/Throwable 1 1 393 10 7 12 1 1 1 9 7 12 1 1 1 9 12 1 1 9 12 1 9 12 1 1 9 12 1 10 12 1 1 9 12 1 1 10 12 1 1 10 12 1 100 1 100 1 10 8 1 10 12 1 1 8 1 10 100 12 1 1 10 10 12 1 100 1 8 1 10 10 12 1 1 10 7 12 1 1 10 12 1 8 1 9 100 12 1 1 1 10 12 1 1 100 1 10 12 10 12 1 100 1 10 10 7 12 1 1 1 11 100 12 1 1 1 10 100 12 1 1 1 10 12 1 1 10 12 1 1 8 1 10 12 1 10 12 1 1 8 1 8 1 10 12 1 1 10 12 1 8 1 8 1 9 12 1 1 10 100 12 1 1 100 1 10 11 12 1 8 1 8 1 10 7 12 1 1 8 1 10 12 1 8 1 100 1 10 12 1 9 12 1 1 10 12 1 10 100 12 1 9 12 1 1 10 12 1 1 100 1 8 1 10 12 1 10 100 12 1 1 10 12 1 1 100 1 10 100 12 1 1 1 10 12 1 11 100 12 1 1 1 11 100 12 1 1 1 11 12 1 8 1 10 12 1 1 8 1 10 10 9 100 12 1 1 1 8 1 10 12 1 1 10 100 1 8 1 10 11 12 1 1 8 1 9 12 1 10 100 12 1 1 11 9 12 1 1 11 12 1 1 100 10 12 1 10 12 1 1 100 1 1 1 1 5 0 1 1 1 1 1 1 1 1 1 1 1 1 1 100 1 1 1 1 1 1 1 1 1 1 1 1 1 1 1 1 1 1 1 1 1 1 1 1 1 1 1 1 1 1 1 1 1 1 1 1 1 1 1 1 1 1 100 1 100 1 1 1 1 1 1 1 1 1 1 1 1 1 1 1 1 1 1
staticfield java/lang/Throwable UNASSIGNED_STACK [Ljava/lang/StackTraceElement; 0 [Ljava/lang/StackTraceElement;
staticfield java/lang/Throwable SUPPRESSED_SENTINEL Ljava/util/List; java/util/Collections$EmptyList
staticfield java/lang/Throwable EMPTY_THROWABLE_ARRAY [Ljava/lang/Throwable; 0 [Ljava/lang/Throwable;
staticfield java/lang/Throwable $assertionsDisabled Z 1
instanceKlass java/security/GeneralSecurityException
instanceKlass java/lang/InterruptedException
instanceKlass com/android/tools/r8/shaking/H3
instanceKlass java/lang/CloneNotSupportedException
instanceKlass com/android/tools/r8/internal/WS
instanceKlass sun/nio/fs/WindowsException
instanceKlass com/android/tools/r8/ResourceException
instanceKlass com/android/tools/r8/CompilationFailedException
instanceKlass java/util/concurrent/ExecutionException
instanceKlass java/io/IOException
instanceKlass java/lang/ReflectiveOperationException
instanceKlass java/lang/RuntimeException
ciInstanceKlass java/lang/Exception 1 1 40 10 7 12 1 1 1 10 12 1 10 12 1 10 12 1 10 12 1 100 1 1 1 1 5 0 1 1 1 1 1 1 1 1 1 1 1 1 1 1
instanceKlass java/lang/NoSuchFieldException
instanceKlass java/lang/NoSuchMethodException
instanceKlass java/lang/ClassNotFoundException
ciInstanceKlass java/lang/ReflectiveOperationException 0 0 34 10 100 12 1 1 1 10 12 1 10 12 1 10 12 1 100 1 1 1 1 5 0 1 1 1 1 1 1 1 1 1 1 1
instanceKlass java/lang/AssertionError
instanceKlass java/lang/VirtualMachineError
instanceKlass java/lang/LinkageError
instanceKlass java/lang/ThreadDeath
ciInstanceKlass java/lang/Error 1 1 40 10 7 12 1 1 1 10 12 1 10 12 1 10 12 1 10 12 1 100 1 1 1 1 5 0 1 1 1 1 1 1 1 1 1 1 1 1 1 1
ciInstanceKlass java/lang/ThreadDeath 0 0 21 10 100 12 1 1 1 100 1 1 1 1 5 0 1 1 1 1 1 1 1
ciInstanceKlass java/lang/ClassNotFoundException 0 0 96 100 1 10 100 12 1 1 1 10 12 1 10 12 1 1 10 100 12 1 1 1 8 1 10 100 12 1 1 1 10 100 12 1 1 10 100 12 1 1 1 10 100 12 1 1 1 10 12 1 1 100 1 10 12 1 9 12 1 1 1 1 1 5 0 1 1 1 1 1 1 1 1 1 1 1 1 1 1 1 1 1 1 100 1 1 1 1 1 1 1 1 1 1 1 1
instanceKlass java/lang/ClassFormatError
instanceKlass java/lang/IncompatibleClassChangeError
instanceKlass java/lang/BootstrapMethodError
instanceKlass java/lang/NoClassDefFoundError
ciInstanceKlass java/lang/LinkageError 1 1 31 10 7 12 1 1 1 10 12 1 10 12 1 100 1 1 1 1 5 0 1 1 1 1 1 1 1 1 1 1 1
instanceKlass jdk/internal/misc/ThreadTracker$ThreadRef
instanceKlass sun/security/pkcs/SignerInfo$AlgorithmInfo
ciInstanceKlass java/lang/Record 1 1 22 10 7 12 1 1 1 100 1 1 1 1 1 1 1 1 1 1 1 1 1 1
ciInstanceKlass java/lang/Math 1 1 395 10 100 12 1 1 1 10 7 12 1 1 1 10 12 1 10 12 1 10 12 1 10 12 1 10 12 1 7 1 6 0 6 0 10 12 1 10 12 1 10 12 1 10 12 1 10 12 1 10 12 1 1 10 12 1 10 12 1 10 12 1 10 12 1 10 12 1 10 7 12 1 1 1 100 1 3 3 3 10 7 12 1 1 1 100 1 5 0 5 0 5 0 5 0 5 0 9 100 12 1 1 1 10 100 12 1 1 1 100 1 8 1 10 12 1 8 1 10 12 1 1 10 12 1 1 100 1 5 0 5 0 100 1 3 5 0 3 5 0 10 12 1 10 12 1 8 1 10 12 1 8 1 9 12 1 1 9 12 1 10 12 1 1 6 0 10 12 1 9 12 1 1 100 1 10 10 12 1 100 1 10 12 1 10 12 1 1 10 12 1 10 12 1 10 12 1 10 12 1 1 10 12 1 1 10 12 1 1 10 12 6 0 10 12 1 1 10 12 1 1 10 12 10 12 1 4 10 12 1 1 10 12 1 10 12 1 10 12 10 12 1 10 12 1 10 12 1 10 12 1 10 12 1 10 12 1 10 12 1 5 0 6 0 4 6 0 4 6 0 4 10 12 1 1 9 12 1 1 10 12 1 9 12 1 10 7 12 1 1 1 4 6 0 1 1 6 0 1 6 0 1 1 1 1 1 1 1 1 1 1 1 1 1 1 1 1 1 1 1 1 1 1 1 1 1 1 1 1 1 1 1 1 1 1 1 1 1 1 1 1 1 1 1 1 1 1 1 1 1 1 1 1 1 1 1 1 1 1 1 1 1 1 1 1 1 1 1 1 1 1 1 1 1 1 1 1 1 1 1 1 1 1 1 1 1 1 1 1 1 1 1 1 1 1
staticfield java/lang/Math negativeZeroFloatBits J -2147483648
staticfield java/lang/Math negativeZeroDoubleBits J -9223372036854775808
staticfield java/lang/Math $assertionsDisabled Z 1
ciInstanceKlass java/util/Arrays 1 1 988 10 7 12 1 1 1 10 100 12 1 1 1 10 7 12 1 1 1 10 12 1 10 12 1 10 12 1 10 12 1 10 12 1 10 12 1 10 100 12 1 1 1 100 1 100 1 10 8 1 10 12 1 1 10 12 1 8 1 8 1 10 12 1 1 10 12 1 100 1 10 12 1 9 100 12 1 1 1 10 7 12 1 1 100 1 10 12 1 1 10 7 12 1 1 10 7 12 1 1 1 100 1 10 12 1 10 12 1 1 7 1 9 7 12 1 1 1 10 12 1 1 10 100 12 1 1 10 12 1 10 12 1 1 10 12 1 10 12 1 1 100 1 11 12 1 1 10 12 1 10 7 12 1 1 1 10 12 10 12 1 10 12 1 10 12 10 12 1 11 100 12 1 1 1 10 7 12 1 1 1 100 1 10 12 1 10 100 1 10 12 1 10 100 1 10 12 1 10 100 1 10 12 1 10 10 12 1 1 10 12 1 10 12 1 10 12 1 10 12 1 10 12 1 10 100 12 1 1 1 10 12 1 10 100 12 1 1 1 10 12 1 10 12 1 10 7 12 1 1 1 10 12 1 10 12 1 10 12 1 10 12 1 10 12 1 10 12 1 10 12 1 10 12 1 10 12 1 10 12 1 10 12 1 10 12 1 10 12 1 10 12 1 10 12 1 10 12 1 1 10 12 1 1 10 7 12 1 1 1 10 12 1 8 1 7 1 10 12 10 12 1 10 12 1 1 10 12 1 1 9 100 12 1 1 1 100 1 10 12 1 9 100 1 100 1 10 12 1 9 100 1 100 1 10 12 1 9 100 1 100 1 10 12 1 9 100 1 100 1 10 12 1 9 100 1 100 1 10 12 1 9 100 1 10 12 1 100 1 10 12 1 10 12 1 9 12 1 100 1 10 10 12 1 1 10 12 1 10 12 1 10 12 1 10 12 1 10 12 1 10 12 1 10 12 1 10 12 1 10 12 1 8 1 8 1 10 12 1 10 12 1 8 1 10 12 1 10 12 1 10 12 1 10 100 12 1 1 1 3 10 100 1 10 10 12 1 1 11 100 12 1 1 10 12 1 1 10 12 1 10 12 1 10 12 1 10 12 1 10 12 1 10 12 1 10 12 1 10 12 1 11 12 1 8 1 10 11 12 1 11 100 12 1 1 1 11 100 12 1 1 1 11 12 1 1 18 12 1 1 11 12 1 1 11 100 12 1 1 1 18 12 1 11 100 12 1 1 1 18 12 1 11 100 12 1 1 1 18 12 1 100 1 10 100 12 1 1 1 10 12 1 10 12 1 10 12 1 10 12 1 10 12 1 10 12 1 10 12 1 10 12 1 1 10 12 1 10 100 12 1 1 10 12 1 10 12 1 10 12 1 1 10 12 1 10 12 1 10 12 1 1 10 12 1 10 12 1 10 12 1 1 10 12 1 10 12 1 10 12 1 10 12 1 10 12 10 12 1 10 12 10 12 10 12 1 10 12 10 12 1 10 12 1 10 12 1 1 1 1 3 1 3 1 1 1 1 1 1 1 1 1 1 1 1 1 1 1 1 1 1 1 1 1 1 1 1 1 1 1 1 1 1 1 1 1 1 1 1 1 1 1 1 1 1 1 1 1 1 1 1 1 1 1 1 1 1 1 1 1 1 1 1 1 1 1 1 1 1 1 1 1 1 1 1 1 1 1 1 1 1 1 1 1 1 1 1 1 1 1 1 1 1 1 1 1 1 1 1 1 1 1 1 1 1 1 1 1 1 1 1 1 1 1 1 1 1 1 1 1 1 1 1 1 1 1 1 1 1 1 1 1 1 1 1 1 1 1 1 1 1 1 1 1 1 1 1 1 1 1 1 1 1 1 1 1 1 1 1 1 1 1 1 1 1 1 1 1 1 1 1 1 1 1 1 1 1 1 1 1 1 1 1 1 1 1 1 1 1 1 1 1 1 1 1 1 1 1 1 1 1 1 1 1 1 1 1 1 1 1 1 1 1 1 1 1 1 1 1 1 1 1 1 1 1 1 1 1 1 1 1 1 1 1 1 1 1 1 1 1 1 1 1 1 1 1 1 1 1 1 1 1 1 1 1 1 1 1 1 1 1 1 1 1 100 1 1 15 10 100 12 1 1 1 16 15 10 12 15 10 12 15 10 12 15 10 12 1 1 100 1 100 1 1 1 1 100 1 1 1 1 1 1 100 1 1 100 1 1 100 1 1 1 100 1 100 1 1
staticfield java/util/Arrays $assertionsDisabled Z 1
ciInstanceKlass java/lang/Boolean 1 1 151 10 7 12 1 1 1 9 7 12 1 1 1 10 12 1 1 10 12 1 8 1 10 7 12 1 1 9 12 1 1 9 12 1 8 1 10 12 1 1 10 12 1 1 10 7 12 1 1 1 100 1 100 1 10 12 1 1 9 100 12 1 1 9 12 10 100 12 1 1 1 10 12 1 1 8 1 10 7 12 1 1 1 9 12 1 1 100 1 100 1 100 1 1 1 1 1 1 5 0 1 1 1 1 1 1 1 1 1 1 3 1 1 1 1 1 1 1 1 1 1 1 1 1 1 1 1 1 1 1 1 100 1 1 1 1 1 1 1 1 1 1 100 1 1 1 1 1 1 1 1
staticfield java/lang/Boolean TRUE Ljava/lang/Boolean; java/lang/Boolean
staticfield java/lang/Boolean FALSE Ljava/lang/Boolean; java/lang/Boolean
staticfield java/lang/Boolean TYPE Ljava/lang/Class; java/lang/Class
instanceKlass java/util/concurrent/locks/AbstractQueuedSynchronizer
ciInstanceKlass java/util/concurrent/locks/AbstractOwnableSynchronizer 1 1 32 10 7 12 1 1 1 9 7 12 1 1 1 100 1 1 1 1 5 0 1 1 1 1 1 1 1 1 1 1 1 1
instanceKlass java/math/BigInteger
instanceKlass java/util/concurrent/atomic/AtomicLong
instanceKlass java/util/concurrent/atomic/AtomicInteger
instanceKlass java/lang/Long
instanceKlass java/lang/Integer
instanceKlass java/lang/Short
instanceKlass java/lang/Byte
instanceKlass java/lang/Double
instanceKlass java/lang/Float
ciInstanceKlass java/lang/Number 1 1 37 10 7 12 1 1 1 10 100 12 1 1 1 100 1 1 1 1 5 0 1 1 1 1 1 1 1 1 1 1 1 1 1 1 1 1 1
instanceKlass java/lang/LiveStackFrameInfo
ciInstanceKlass java/lang/StackFrameInfo 0 0 132 10 100 12 1 1 1 9 100 12 1 1 1 9 100 1 9 12 1 1 11 100 12 1 1 1 9 12 1 1 11 12 1 1 10 12 1 1 10 100 12 1 1 1 10 12 1 11 12 1 11 12 1 1 11 12 1 10 12 1 1 9 12 1 1 10 12 1 1 10 100 12 1 1 10 12 1 1 11 12 1 1 10 12 1 9 12 1 1 10 12 1 1 100 1 8 1 10 12 1 10 100 12 1 1 1 100 1 1 1 1 1 1 1 1 1 1 1 1 1 1 1 1 1 1 100 1 1 1 1 1 1
ciInstanceKlass java/lang/LiveStackFrameInfo 0 0 97 10 100 12 1 1 1 9 100 12 1 1 1 9 12 1 9 12 1 9 12 1 9 12 1 1 100 1 10 12 1 1 10 12 1 8 1 10 12 1 1 8 1 8 1 8 1 10 100 1 10 12 1 100 1 10 12 1 100 1 100 1 1 1 3 1 3 1 1 1 1 1 1 1 1 1 1 1 1 1 1 1 1 1 1 1 1 1 1 1 1 1 1 1 100 1 1
ciInstanceKlass java/lang/Character 1 1 576 7 1 100 1 100 1 9 12 1 1 8 1 9 12 1 1 100 1 9 12 1 1 10 100 12 1 1 1 10 100 12 1 1 1 10 100 12 1 1 1 10 7 12 1 1 1 9 7 12 1 1 1 10 12 1 10 12 1 1 10 12 1 1 10 7 12 1 1 10 12 1 1 3 3 3 3 3 10 12 1 1 10 12 1 3 11 7 12 1 1 1 11 12 1 1 10 12 1 1 10 12 1 1 100 1 10 10 12 1 3 10 12 1 1 10 12 1 10 12 1 1 100 1 8 1 10 12 1 1 10 12 1 10 12 1 10 12 1 10 12 1 10 12 1 1 10 12 1 10 7 12 1 1 10 10 12 1 10 10 12 1 10 12 1 1 10 12 1 10 10 12 1 10 12 1 10 12 1 10 12 1 10 12 1 10 12 1 10 12 1 10 12 10 10 12 10 10 12 1 10 10 12 1 10 10 12 1 10 10 12 1 10 10 12 1 10 10 12 1 10 10 12 1 1 10 10 12 1 10 5 0 10 12 1 10 12 1 10 10 12 1 10 10 12 1 1 10 10 12 1 10 10 12 1 9 12 1 1 100 1 10 10 12 1 10 12 1 1 3 10 100 12 1 1 1 10 12 1 10 100 12 1 1 100 1 10 10 12 1 1 10 12 1 1 10 12 1 1 8 1 10 12 1 9 100 12 1 1 1 10 12 1 10 10 12 1 10 12 1 1 10 12 1 10 10 12 1 1 10 10 12 1 1 100 1 8 1 10 12 1 1 10 7 12 1 1 1 8 1 10 12 1 1 9 12 1 1 100 1 100 1 100 1 1 1 1 3 1 3 1 3 1 3 1 1 1 1 1 3 1 1 3 1 3 1 3 1 3 1 3 1 3 1 3 1 3 1 3 1 3 1 3 1 3 1 3 1 3 1 3 1 3 1 3 1 3 1 3 1 3 1 3 1 3 1 3 1 3 1 3 1 3 1 3 1 3 1 1 1 1 1 1 1 1 1 1 1 1 1 1 1 1 1 1 1 3 1 1 1 1 1 1 1 3 1 1 3 1 1 1 1 1 3 1 1 5 0 1 1 1 1 1 1 1 1 1 1 1 1 1 1 1 1 1 1 1 1 1 1 1 1 1 1 1 1 1 1 1 1 1 1 1 1 1 1 1 1 1 1 1 1 1 1 1 1 1 1 1 1 1 1 1 1 1 1 1 1 1 1 1 1 1 1 1 1 1 1 1 1 1 1 1 1 1 1 1 1 1 1 1 1 1 1 1 1 1 100 1 100 1 1 1 1 1 1
staticfield java/lang/Character TYPE Ljava/lang/Class; java/lang/Class
staticfield java/lang/Character $assertionsDisabled Z 1
ciInstanceKlass java/lang/Float 1 1 223 7 1 100 1 10 100 12 1 1 1 10 100 12 1 1 1 4 100 1 10 12 1 1 10 12 1 1 8 1 8 1 10 100 12 1 1 1 10 12 1 1 10 12 1 1 10 4 4 4 10 7 12 1 1 9 12 1 1 10 12 1 1 10 12 1 10 12 1 10 12 1 1 10 12 1 10 12 1 3 10 12 1 1 10 12 1 1 10 12 1 10 100 12 1 1 1 10 12 1 1 10 12 1 1 8 1 10 7 12 1 1 1 9 12 1 1 100 1 100 1 100 1 1 1 1 1 4 1 1 1 4 1 1 3 1 3 1 3 1 3 1 1 1 1 5 0 1 1 1 1 1 1 1 1 1 1 100 1 1 1 1 1 1 1 1 1 1 1 1 1 3 1 1 1 1 1 1 1 1 1 1 1 1 1 1 1 1 1 1 1 1 1 1 1 1 1 1 1 1 1 1 1 1 1 1 1 1 1 1 100 1 1 1 1 1 1 1 100 1 100 1 1
staticfield java/lang/Float TYPE Ljava/lang/Class; java/lang/Class
ciInstanceKlass java/lang/Double 1 1 285 7 1 100 1 10 7 12 1 1 1 10 12 1 1 10 12 1 100 1 10 12 1 1 10 100 12 1 1 1 6 0 8 1 10 12 1 1 8 1 10 12 1 1 8 1 6 0 10 12 1 1 100 1 5 0 5 0 8 1 8 1 10 100 12 1 1 1 10 100 12 1 1 1 8 1 10 12 1 1 8 1 8 1 8 1 10 12 1 1 10 12 1 10 12 1 1 10 12 1 10 12 1 10 12 1 1 10 12 1 10 6 0 6 0 6 0 10 7 12 1 1 9 12 1 1 10 12 1 10 12 1 10 12 1 10 12 1 5 0 10 12 1 1 10 12 1 10 12 1 10 100 12 1 1 1 10 12 1 1 10 12 1 1 8 1 10 7 12 1 1 1 9 12 1 1 100 1 100 1 100 1 1 1 1 1 6 0 1 1 1 6 0 1 1 3 1 3 1 3 1 3 1 1 1 1 5 0 1 1 1 1 1 1 1 1 1 1 1 1 1 1 1 1 100 1 1 1 1 1 1 1 1 1 1 1 1 3 1 1 1 1 1 1 1 1 1 1 1 1 1 1 1 1 1 1 1 1 1 1 1 1 1 1 1 1 1 1 1 1 1 1 100 1 1 1 1 1 1 1 100 1 100 1 1
staticfield java/lang/Double TYPE Ljava/lang/Class; java/lang/Class
ciInstanceKlass java/lang/Byte 1 1 215 7 1 100 1 10 100 12 1 1 1 9 12 1 1 8 1 9 12 1 1 100 1 10 12 1 1 10 12 1 1 10 100 12 1 1 1 10 100 12 1 1 1 9 7 12 1 1 1 10 12 1 1 100 1 100 1 10 12 1 1 8 1 10 12 1 1 8 1 10 12 1 10 12 1 10 12 1 10 12 1 1 10 12 1 10 12 1 10 12 1 1 10 8 1 8 1 10 7 1 9 12 1 1 10 12 1 10 12 1 1 10 12 1 1 10 12 1 1 10 12 1 5 0 10 12 1 1 8 1 10 7 12 1 1 1 9 12 1 1 100 1 100 1 1 1 3 1 3 1 1 1 1 3 1 3 1 1 5 0 1 1 1 1 1 1 1 1 1 1 1 1 1 1 1 1 1 1 1 1 1 1 1 1 1 1 1 1 1 1 1 1 1 1 1 1 1 1 1 1 1 1 1 1 1 1 1 1 1 1 1 1 1 1 1
staticfield java/lang/Byte TYPE Ljava/lang/Class; java/lang/Class
ciInstanceKlass java/lang/Short 1 1 224 7 1 100 1 100 1 10 100 12 1 1 1 10 12 1 1 100 1 100 1 10 12 1 1 8 1 10 12 1 1 8 1 10 12 1 10 12 1 10 12 1 10 12 1 1 10 12 1 1 10 12 1 9 12 1 1 8 1 9 12 1 1 100 1 10 12 1 1 10 12 1 10 100 12 1 1 1 10 100 12 1 1 1 9 100 12 1 1 1 10 12 1 10 12 1 1 10 8 1 8 1 10 100 1 9 12 1 1 10 12 1 10 12 1 1 10 12 1 1 10 12 1 1 10 12 1 3 3 5 0 10 12 1 1 8 1 10 7 12 1 1 1 9 12 1 1 100 1 100 1 1 1 3 1 3 1 1 1 1 3 1 3 1 1 5 0 1 1 1 1 1 1 1 1 1 1 1 1 1 1 1 1 1 1 1 1 1 1 1 1 1 1 1 3 1 1 1 1 1 1 1 1 1 1 1 1 1 1 1 1 1 1 1 1 1 1 1 1 1 1 1 1 1
staticfield java/lang/Short TYPE Ljava/lang/Class; java/lang/Class
ciInstanceKlass java/lang/Integer 1 1 445 7 1 100 1 7 1 7 1 10 12 1 1 9 12 1 1 9 12 1 1 10 100 12 1 1 1 10 12 1 1 10 100 12 1 1 1 10 10 12 1 1 10 100 12 1 1 1 10 12 1 10 12 1 1 10 7 12 1 1 1 10 12 1 1 10 12 1 1 10 12 1 10 12 1 10 12 1 1 10 10 12 1 9 12 1 1 9 12 1 100 1 8 1 10 12 1 100 1 10 12 1 8 1 10 12 1 1 10 12 1 8 1 10 12 1 8 1 10 12 1 1 3 10 12 1 1 3 10 12 1 1 10 12 1 1 10 7 12 1 1 1 11 7 1 100 1 10 11 10 12 1 1 8 1 10 12 1 1 8 1 100 1 10 12 1 1 10 12 1 1 5 0 8 1 10 12 1 10 12 1 10 12 1 10 12 1 1 7 1 9 12 1 1 9 12 1 1 10 12 1 10 7 1 9 12 1 10 12 1 10 12 1 10 12 1 1 10 7 12 1 1 1 100 1 100 1 10 12 1 1 10 12 1 1 8 1 8 1 10 12 1 1 8 1 8 1 8 1 8 1 8 1 8 1 10 12 1 10 12 1 10 12 1 5 0 3 3 3 3 10 12 1 3 10 12 1 10 100 12 1 1 1 10 12 1 1 10 12 1 1 8 1 10 7 12 1 1 1 9 12 1 1 3 3 3 3 3 3 9 12 1 1 100 1 100 1 100 1 1 1 1 1 1 1 3 1 3 1 1 5 0 1 1 1 1 1 1 1 1 1 100 1 1 1 1 1 1 1 1 1 1 1 1 1 1 1 1 1 1 1 1 1 1 1 1 1 1 1 1 1 1 1 1 1 1 1 1 1 1 1 3 1 1 1 1 1 1 1 1 1 1 1 1 1 1 1 1 100 1 1 1 1 1 1 1 1 1 1 1 1 1 1 1 1 1 1 1 1 1 1 1 1 1 1 1 1 1 1 1 100 1 1 1 1 1 1 1 1 1 100 1 100 1 1
staticfield java/lang/Integer TYPE Ljava/lang/Class; java/lang/Class
staticfield java/lang/Integer digits [C 36
staticfield java/lang/Integer DigitTens [B 100
staticfield java/lang/Integer DigitOnes [B 100
staticfield java/lang/Integer sizeTable [I 10
ciMethod java/lang/Integer intValue ()I 270 0 135 0 -1
ciMethod java/lang/Integer valueOf (I)Ljava/lang/Integer; 5368 0 5431224 0 -1
ciInstanceKlass java/lang/Long 1 1 506 7 1 100 1 7 1 7 1 10 12 1 1 9 12 1 1 9 100 12 1 1 1 10 100 12 1 1 1 10 12 1 1 10 100 12 1 1 1 10 10 12 10 12 1 10 12 1 10 12 1 5 0 5 0 100 1 10 12 1 1 10 12 1 1 10 12 1 10 12 1 10 12 1 10 12 1 1 10 100 12 1 1 10 12 1 10 12 1 1 10 12 1 1 10 12 1 1 10 12 1 1 10 100 12 1 1 1 10 12 1 1 10 12 1 10 12 1 10 12 1 10 12 1 1 10 10 12 1 5 0 5 0 9 12 1 1 9 12 1 5 0 100 1 8 1 10 12 1 8 1 10 12 1 8 1 8 1 10 12 1 1 5 0 10 12 1 1 5 0 10 12 1 1 10 12 1 1 10 100 12 1 1 1 11 100 1 100 1 10 11 10 12 1 1 8 1 10 12 1 1 8 1 100 1 10 12 1 1 10 12 1 8 1 8 1 11 12 1 1 10 12 1 10 12 1 10 12 1 5 0 5 0 9 7 12 1 1 1 10 12 1 10 12 1 1 8 1 8 1 10 12 1 1 8 1 8 1 8 1 8 1 8 1 8 1 10 12 1 10 12 1 10 12 1 1 10 7 1 9 12 1 1 10 12 1 10 12 1 1 10 100 12 1 1 1 100 1 100 1 10 12 1 1 10 12 1 1 5 0 10 12 1 10 12 1 5 0 5 0 5 0 10 12 1 1 5 0 5 0 10 12 1 10 12 1 10 100 12 1 1 1 10 12 1 1 10 12 1 1 8 1 10 7 12 1 1 1 9 12 1 1 100 1 100 1 100 1 1 1 1 5 0 1 1 1 1 3 1 3 1 5 0 1 1 1 1 1 1 1 1 1 100 1 1 1 1 1 1 1 1 1 1 1 1 1 1 1 1 1 1 1 1 1 1 1 1 1 1 1 1 1 1 1 1 1 1 1 1 1 1 1 1 1 1 1 1 1 1 1 1 1 1 1 1 1 1 3 1 1 1 1 1 1 1 1 1 1 1 1 1 1 1 100 1 1 1 1 1 1 1 1 1 1 1 1 1 1 1 1 1 1 1 1 1 1 1 1 1 1 1 100 1 1 1 1 1 1 1 1 1 100 1 100 1 1
staticfield java/lang/Long TYPE Ljava/lang/Class; java/lang/Class
instanceKlass java/lang/ref/PhantomReference
instanceKlass java/lang/ref/FinalReference
instanceKlass java/lang/ref/WeakReference
instanceKlass java/lang/ref/SoftReference
ciInstanceKlass java/lang/ref/Reference 1 1 195 9 7 12 1 1 1 9 7 12 1 1 10 12 1 1 10 12 1 1 9 12 1 1 10 12 1 1 9 12 1 1 9 12 1 1 7 1 10 12 1 10 7 12 1 1 10 12 1 10 12 1 1 10 12 1 9 12 1 10 12 1 1 10 12 1 10 12 1 9 12 1 100 1 100 1 10 12 1 9 12 1 9 12 1 100 1 10 10 12 1 10 10 7 12 1 1 10 7 12 1 1 1 10 12 1 1 10 7 12 1 1 7 1 8 1 10 12 1 10 12 1 1 10 12 1 1 10 12 1 7 1 10 10 7 12 1 1 1 1 1 1 1 1 1 1 1 1 1 1 1 1 1 1 1 100 1 1 1 100 1 1 1 1 1 1 1 1 1 1 1 1 1 1 1 1 1 1 1 1 1 1 1 1 1 1 1 1 1 1 1 1 1 1 1
staticfield java/lang/ref/Reference processPendingLock Ljava/lang/Object; java/lang/Object
staticfield java/lang/ref/Reference $assertionsDisabled Z 1
instanceKlass sun/security/util/MemoryCache$SoftCacheEntry
instanceKlass java/lang/invoke/LambdaFormEditor$Transform
ciInstanceKlass java/lang/ref/SoftReference 1 1 47 10 7 12 1 1 1 9 7 12 1 1 1 9 12 1 10 12 1 10 12 1 1 1 1 1 1 1 1 1 1 1 1 1 1 1 1 1 1 1 1 100 1 1 1 1 1
instanceKlass java/util/logging/LogManager$LoggerWeakRef
instanceKlass java/util/logging/Level$KnownLevel
instanceKlass java/lang/invoke/MethodType$ConcurrentWeakInternSet$WeakEntry
instanceKlass java/lang/ThreadLocal$ThreadLocalMap$Entry
instanceKlass java/util/WeakHashMap$Entry
ciInstanceKlass java/lang/ref/WeakReference 1 1 31 10 7 12 1 1 1 10 12 1 100 1 1 1 1 1 1 1 1 1 1 1 1 1 1 1 1 1 1 1 1
instanceKlass java/lang/ref/Finalizer
ciInstanceKlass java/lang/ref/FinalReference 1 1 47 10 100 12 1 1 1 10 100 12 1 1 1 10 12 1 1 100 1 8 1 10 12 1 1 1 1 1 1 1 1 1 1 1 1 1 1 1 1 1 1 1 1 1 1 1 1
ciInstanceKlass java/lang/ref/Finalizer 1 1 152 9 7 12 1 1 1 10 100 12 1 1 1 9 12 1 1 9 12 1 1 9 12 1 9 12 1 10 12 1 10 12 1 1 9 12 1 1 100 1 10 12 1 100 1 11 100 12 1 1 100 1 10 12 1 100 1 10 12 1 10 100 12 1 1 1 10 100 12 1 1 1 100 1 10 10 12 1 10 7 12 1 1 1 7 1 10 7 1 10 10 7 12 1 1 1 10 12 1 1 10 7 12 1 1 7 1 10 12 1 10 12 1 1 10 12 1 1 10 12 1 1 1 1 1 1 1 1 1 1 1 1 1 1 1 1 1 1 1 1 1 1 1 1 1 1 1 1 1 1 1 1
staticfield java/lang/ref/Finalizer lock Ljava/lang/Object; java/lang/Object
staticfield java/lang/ref/Finalizer $assertionsDisabled Z 1
instanceKlass jdk/internal/ref/PhantomCleanable
instanceKlass jdk/internal/ref/Cleaner
ciInstanceKlass java/lang/ref/PhantomReference 1 1 39 10 100 12 1 1 1 10 7 12 1 1 1 1 1 1 1 1 1 1 1 1 1 1 1 1 1 1 1 1 1 1 1 1 1 1 1 1 1
instanceKlass java/lang/reflect/Executable
instanceKlass java/lang/reflect/Field
ciInstanceKlass java/lang/reflect/AccessibleObject 1 1 398 10 7 12 1 1 1 9 100 12 1 1 1 10 100 12 1 1 1 10 7 12 1 1 10 7 12 1 1 1 10 100 12 1 1 1 10 12 1 1 10 12 1 1 9 12 1 1 100 1 10 7 12 1 1 1 11 12 1 100 1 10 12 1 7 1 100 1 10 12 1 10 12 1 1 7 1 10 100 12 1 1 1 10 12 1 1 100 1 10 12 1 1 100 1 10 10 10 7 12 1 1 1 10 12 1 1 10 12 1 10 12 1 10 12 1 1 10 12 1 8 1 100 1 10 10 12 1 1 8 1 10 12 1 10 12 1 8 1 8 1 8 1 8 1 8 1 8 1 100 1 10 12 1 10 12 1 9 12 1 1 10 12 1 1 10 12 1 10 11 100 1 100 1 8 1 10 10 12 1 10 12 1 1 8 1 10 12 1 8 1 10 12 1 1 10 100 1 8 1 10 11 7 12 1 1 10 12 1 1 10 12 1 1 10 12 1 1 9 12 1 1 100 1 10 12 1 7 1 10 12 1 10 12 1 1 10 100 1 10 12 1 10 12 10 12 1 10 12 1 1 10 12 1 10 12 1 1 10 12 1 9 12 1 10 100 12 1 1 8 1 10 100 12 1 1 1 8 1 10 100 12 1 1 1 9 12 1 100 1 10 7 1 10 10 7 12 1 1 1 7 1 10 10 7 12 1 1 1 7 1 9 12 1 1 1 1 1 1 1 1 1 1 1 1 1 1 1 1 1 1 1 1 1 1 1 1 1 1 1 1 1 1 1 1 1 1 1 1 1 1 1 1 1 1 1 1 1 1 1 1 1 1 1 1 1 1 1 1 1 1 1 1 1 1 1 1 1 1 1 1 1 1 1 1 1 1 1 1 1 1 1 1 1 1 1 1 1
staticfield java/lang/reflect/AccessibleObject reflectionFactory Ljdk/internal/reflect/ReflectionFactory; jdk/internal/reflect/ReflectionFactory
instanceKlass java/lang/reflect/Constructor
instanceKlass java/lang/reflect/Method
ciInstanceKlass java/lang/reflect/Executable 1 1 548 10 7 12 1 1 1 10 7 12 1 1 1 10 7 12 1 1 1 11 7 12 1 1 1 10 7 12 1 1 1 10 12 1 1 10 100 12 1 1 1 10 100 12 1 1 1 10 12 1 8 1 10 10 12 1 1 10 12 1 1 10 100 12 1 1 1 18 12 1 1 11 100 12 1 1 1 8 1 8 1 8 1 10 100 12 1 1 1 11 12 1 1 100 1 8 1 8 1 10 12 1 100 1 8 1 10 12 1 8 1 11 100 12 1 1 1 100 1 10 12 1 1 11 12 1 8 1 18 8 1 10 12 1 10 12 1 1 18 8 1 10 12 1 100 1 10 12 1 10 12 1 11 100 12 1 1 10 12 1 1 8 1 8 1 10 12 1 1 10 12 1 1 10 10 12 1 100 1 10 10 12 1 10 12 1 1 10 100 12 1 1 10 12 1 10 12 1 10 12 1 1 10 100 12 1 1 10 12 1 10 12 1 10 100 12 1 1 1 10 12 1 8 1 10 12 1 10 12 1 3 100 1 8 1 10 12 1 10 12 1 10 10 12 1 10 12 1 1 8 1 8 1 8 1 9 12 1 10 12 1 100 1 8 1 9 12 1 10 12 1 10 12 1 1 10 12 1 1 10 12 1 10 12 10 12 1 100 1 10 12 1 10 12 1 1 100 1 10 100 12 1 1 1 100 1 10 7 12 1 1 1 10 12 1 1 11 7 12 1 1 10 7 12 1 1 10 100 12 1 1 1 10 12 1 1 9 12 1 10 12 1 1 10 12 1 10 12 1 1 9 100 12 1 1 1 10 100 12 1 1 1 10 12 1 10 12 1 1 9 12 1 10 10 10 10 100 12 1 1 1 10 12 1 9 12 1 10 12 1 1 9 12 1 100 1 100 1 1 1 1 1 1 1 1 1 1 1 1 1 1 1 1 1 1 1 1 1 1 1 1 1 1 1 1 1 1 1 1 1 1 100 1 1 1 1 1 1 1 1 100 1 1 1 1 1 1 1 1 1 1 1 1 100 1 1 1 1 1 1 1 1 1 1 1 1 1 1 1 1 1 1 1 1 1 1 1 1 1 1 1 1 1 1 1 1 1 1 1 1 1 1 1 1 1 100 1 1 1 1 1 1 1 1 1 1 1 1 1 1 1 1 1 1 1 1 1 100 1 100 1 1 15 10 100 12 1 1 1 16 15 16 1 16 1 15 10 12 16 1 100 1 1 100 1 100 1 1
ciInstanceKlass java/lang/reflect/Constructor 1 1 433 10 100 12 1 1 1 10 100 12 1 1 9 7 12 1 1 1 10 12 1 1 10 12 1 1 10 100 12 1 1 9 12 1 1 10 7 12 1 1 1 9 12 1 1 9 12 1 1 9 12 1 9 12 1 1 9 12 1 9 12 1 1 9 12 1 1 9 12 1 100 1 8 1 10 12 1 10 12 1 9 12 1 1 10 7 12 1 1 10 7 12 1 1 1 10 12 1 1 10 12 1 1 10 12 1 7 1 100 1 8 1 10 10 12 1 10 12 1 10 12 1 1 10 12 1 1 9 100 12 1 1 1 10 7 12 1 1 10 12 1 1 10 12 1 10 12 1 1 10 100 12 1 1 1 10 100 12 1 1 10 12 1 1 10 12 1 10 100 12 1 1 1 8 1 10 10 12 1 100 1 8 1 10 12 1 10 12 1 1 10 12 1 1 10 12 1 10 12 1 10 12 1 1 10 12 1 1 9 12 1 1 10 12 1 1 10 12 1 1 10 12 1 8 1 10 12 1 1 11 7 12 1 1 1 10 12 1 1 10 12 1 10 12 1 9 12 1 1 10 7 12 1 1 1 10 12 1 1 10 12 1 1 10 12 1 1 10 12 1 1 10 12 1 9 100 12 1 1 10 12 1 10 12 1 10 12 1 100 1 8 1 10 10 12 1 1 10 12 1 10 10 12 1 1 10 12 1 1 10 100 12 1 1 1 11 100 12 1 1 1 10 12 1 1 9 100 12 1 1 1 10 100 12 1 1 1 10 12 1 1 1 1 1 1 1 1 1 1 1 1 1 1 1 1 1 1 1 1 1 1 1 1 1 1 1 1 1 1 1 1 1 1 1 1 1 1 1 1 1 1 1 1 1 1 1 1 1 1 1 100 1 100 1 100 1 100 1 1 1 1 1 1 1 1 1 1 1 1 1 1 1 1 1 1 1 1 1 1 1 1 1 1 1 1 1 1 1 1 1 100 1 1
ciInstanceKlass java/lang/reflect/Method 1 1 450 9 7 12 1 1 1 10 100 12 1 1 1 10 100 12 1 1 9 12 1 1 10 12 1 1 10 12 1 1 10 100 12 1 1 10 7 12 1 1 1 9 12 1 1 9 12 1 9 12 1 1 9 12 1 9 12 1 9 12 1 1 9 12 1 9 12 1 1 9 12 1 9 12 1 9 12 1 1 100 1 8 1 10 12 1 10 12 1 9 12 1 1 8 1 10 7 12 1 1 10 7 12 1 1 1 10 12 1 1 10 12 1 1 10 12 1 10 12 1 1 10 12 1 1 9 100 12 1 1 1 10 12 1 1 10 12 10 100 12 1 1 10 12 1 1 10 12 1 10 12 1 10 12 1 10 100 12 1 1 1 10 12 1 1 10 100 1 10 100 12 1 1 1 10 100 12 1 1 10 12 1 1 10 12 1 1 10 12 1 10 100 12 1 1 1 10 12 1 10 8 1 10 12 1 10 12 1 100 1 8 1 8 1 8 1 10 12 1 10 12 1 1 10 12 1 1 10 10 12 1 1 10 12 1 11 100 1 9 12 1 1 10 12 1 1 10 12 1 10 12 1 1 10 12 1 1 11 7 12 1 1 1 10 12 1 10 12 1 10 12 1 10 12 1 10 12 1 9 12 1 1 10 7 12 1 1 1 10 12 1 1 10 100 12 1 1 1 10 100 12 1 1 1 10 100 12 1 1 1 11 100 12 1 1 1 10 100 12 1 1 1 100 1 100 1 100 1 10 12 1 10 12 1 1 10 12 1 100 1 8 1 10 12 1 10 10 12 1 1 10 12 1 1 10 12 1 1 10 12 1 1 8 1 10 12 1 1 1 1 1 1 1 1 1 1 1 1 1 1 1 1 1 1 1 1 1 1 1 1 1 1 1 1 1 1 1 1 1 1 1 1 1 1 1 1 1 1 1 1 1 1 1 1 1 1 1 1 1 100 1 100 1 100 1 1 1 1 1 1 1 1 1 1 1 1 1 1 1 1 1 1 1 1 1 1 1 1 1 1
ciInstanceKlass java/lang/reflect/Field 1 1 437 9 7 12 1 1 1 10 12 1 1 10 100 12 1 1 1 10 100 12 1 1 9 12 1 1 10 12 1 1 10 12 1 1 10 100 12 1 1 10 7 12 1 1 1 9 12 1 1 9 12 1 9 12 1 9 12 1 1 9 12 1 1 9 12 1 9 12 1 1 9 12 1 1 100 1 8 1 10 12 1 10 12 1 9 12 1 1 9 12 1 10 12 1 10 7 12 1 1 10 12 1 1 10 12 1 1 10 12 1 10 12 1 1 100 1 10 12 1 1 10 12 1 1 10 12 1 1 10 12 1 10 12 1 10 100 1 10 100 12 1 1 100 1 10 8 1 10 12 1 1 10 12 1 1 8 1 10 12 10 12 1 8 1 8 1 10 11 100 1 9 12 1 10 12 1 1 10 12 1 1 11 100 12 1 1 1 11 12 1 1 11 12 1 1 11 12 1 1 11 12 1 1 11 12 1 1 11 12 1 1 11 12 1 1 11 12 1 1 11 12 1 1 11 12 1 1 11 12 1 1 11 12 1 1 11 12 1 1 11 12 1 1 11 12 1 1 11 12 1 1 11 12 1 1 10 12 1 10 100 12 1 1 10 12 1 10 12 1 1 10 12 9 12 1 1 10 100 12 1 1 1 10 12 1 1 10 100 12 1 1 10 12 1 1 11 100 1 10 12 1 100 1 10 100 12 1 1 1 10 100 12 1 1 1 9 12 1 10 100 12 1 1 1 11 100 12 1 1 1 10 12 1 1 10 12 1 1 9 100 12 1 1 1 10 100 12 1 1 1 10 12 1 1 100 1 1 1 1 1 1 1 1 1 1 1 1 1 1 1 1 1 1 1 1 1 1 1 1 1 1 1 1 1 1 1 1 1 1 1 100 1 1 1 1 1 1 1 1 1 1 1 1 1 1 1 1 1 1 1 1 1 1 1 1 1 1 1 1 1 1 1 1 1 1 100 1 1 1 1 1 1 1 1 100 1 1
ciInstanceKlass java/lang/reflect/Parameter 0 0 226 10 100 12 1 1 1 9 100 12 1 1 1 9 12 1 1 9 12 1 1 9 12 1 10 12 1 1 10 12 1 1 10 100 12 1 1 1 100 1 10 10 12 1 1 11 100 12 1 1 1 10 12 1 10 100 12 1 1 1 10 12 1 1 10 12 1 10 12 1 8 1 8 1 10 100 12 1 1 1 10 12 1 10 12 10 12 1 8 1 10 12 1 9 12 1 1 10 12 1 1 9 12 1 1 10 12 1 1 10 12 1 1 10 12 1 1 10 12 1 10 10 12 1 10 100 12 1 1 1 10 12 1 1 11 100 12 1 1 10 100 12 1 1 100 1 10 100 12 1 1 1 10 12 1 1 10 12 1 1 10 12 1 1 10 12 1 1 9 12 1 100 1 10 11 12 1 1 11 12 1 1 100 1 1 1 1 1 1 1 1 1 1 1 1 1 1 1 1 1 1 1 1 1 1 1 1 1 1 1 1 1 1 1 1 1 1 1 1 1 1 100 1 1 1 1
ciInstanceKlass java/lang/reflect/Array 1 1 83 10 100 12 1 1 1 10 7 12 1 1 1 10 12 1 1 1 1 1 1 1 1 1 1 1 1 1 1 1 100 1 1 1 1 1 100 1 1 1 1 1 1 1 1 100 1 1 1 1 1 1 1 1 1 1 1 1 1 1 1 1 1 1 1 1 1 1 1 1 1 1 1 1 1 1 1 1 1 1 1 1 1
ciInstanceKlass java/util/function/Function 1 1 77 10 7 12 1 1 1 18 12 1 1 18 18 12 1 11 7 12 1 100 1 1 1 1 1 1 1 1 1 1 1 1 1 1 1 1 1 1 1 1 1 1 1 1 1 1 1 1 1 1 1 1 1 1 15 10 7 12 1 1 1 16 15 11 12 15 11 12 15 11 12 1 100 1 100 1 1
ciMethod java/lang/reflect/Array newArray (Ljava/lang/Class;I)Ljava/lang/Object; 258 0 129 0 -1
ciMethod java/lang/reflect/Array newInstance (Ljava/lang/Class;I)Ljava/lang/Object; 154 0 78983 0 416
ciInstanceKlass java/lang/StringBuffer 0 0 470 10 100 12 1 1 1 10 12 1 10 12 1 10 12 1 1 9 100 12 1 1 1 10 12 1 1 10 12 1 10 12 1 1 9 12 1 1 10 12 1 10 12 1 1 10 12 1 1 10 12 1 10 12 1 1 10 12 1 10 12 1 1 10 12 1 1 10 100 12 1 1 1 10 12 1 1 10 12 1 10 12 1 10 12 1 10 12 1 10 12 1 10 12 1 10 12 1 10 12 1 10 12 1 10 12 1 10 12 1 10 12 1 10 12 1 10 12 1 1 10 12 1 10 12 1 1 10 12 1 1 10 10 12 1 1 10 12 1 10 12 1 10 12 1 10 12 1 10 12 1 10 12 1 10 12 10 12 1 10 12 1 10 12 1 10 12 1 1 10 12 1 10 12 1 10 10 12 1 1 10 12 1 1 9 12 1 1 10 100 12 1 1 1 10 100 1 10 10 100 12 1 1 1 10 10 12 1 10 8 10 100 12 1 1 1 8 10 12 1 8 1 10 12 1 10 12 1 10 100 12 1 1 1 10 100 12 1 1 1 100 1 10 12 100 1 8 1 10 10 12 1 1 10 12 1 1 10 12 1 1 10 12 1 10 12 1 10 12 1 10 12 1 10 12 1 10 12 1 10 12 1 10 12 1 10 12 1 10 12 1 10 12 1 10 12 1 10 12 1 10 12 1 10 12 1 10 12 1 10 12 10 12 10 12 1 10 12 1 10 12 1 10 12 10 12 1 10 12 1 10 12 1 10 12 1 10 12 1 10 12 1 10 12 1 10 12 1 10 12 1 10 12 1 10 12 1 100 1 10 12 1 9 100 12 1 1 1 9 100 1 9 12 1 1 100 1 100 1 100 1 1 1 1 5 0 1 1 1 1 1 1 1 1 1 1 1 1 1 1 1 1 1 1 1 1 1 1 1 1 1 1 1 1 1 1 1 1 1 1 1 1 1 1 1 1 1 1 1 1 1 1 1 1 1 1 1 1 1 1 1 1 1 1 1 1 100 1 1 1 1 1 100 1 1 1 1 1 1 1 1 1 1 1 1 1 1 1 1 1
instanceKlass java/lang/StringBuilder
instanceKlass java/lang/StringBuffer
ciInstanceKlass java/lang/AbstractStringBuilder 1 1 547 7 1 7 1 10 7 12 1 1 1 9 7 12 1 1 1 9 12 1 9 12 1 1 9 12 1 1 10 100 12 1 1 1 10 12 1 1 3 3 10 12 1 10 12 1 1 11 7 1 100 1 100 1 10 8 1 10 12 1 10 12 1 10 12 1 1 10 12 1 10 12 1 10 12 1 9 12 1 1 10 12 1 1 10 7 12 1 1 1 10 10 12 1 10 12 1 10 12 1 1 10 12 1 1 10 7 12 1 1 1 10 7 12 1 1 1 100 1 8 1 10 10 12 1 1 100 1 10 12 10 12 1 1 10 10 12 1 1 10 12 1 1 10 12 1 1 10 12 1 1 100 1 10 10 12 1 10 100 12 1 1 1 10 12 1 1 10 12 1 10 12 1 1 10 10 12 1 1 10 12 10 12 1 10 12 1 1 10 12 1 1 10 12 1 1 10 12 1 10 10 12 1 1 10 12 1 10 12 1 1 8 1 10 12 1 1 10 12 1 10 12 1 10 12 1 10 12 1 10 12 1 10 12 1 10 100 12 1 1 10 12 1 10 12 1 10 100 12 1 1 1 10 12 1 10 12 1 10 12 1 10 12 1 10 12 1 1 10 12 1 10 12 1 1 10 12 1 1 10 10 7 12 1 1 1 10 12 1 10 12 1 10 12 1 1 10 12 1 10 12 1 10 12 1 10 12 1 10 12 1 10 12 1 10 12 1 10 12 1 10 12 1 1 10 12 1 10 12 1 10 12 10 12 1 1 18 12 1 1 100 1 10 100 12 1 1 1 18 10 12 1 1 10 12 1 10 12 1 1 11 12 1 10 12 1 10 12 1 10 10 12 1 10 8 1 8 1 8 1 10 10 100 1 10 12 1 100 1 10 100 1 10 100 1 1 1 3 1 1 1 1 1 1 1 1 1 1 100 1 1 1 1 1 1 1 1 1 1 1 1 1 1 1 1 1 1 1 1 1 1 1 1 1 1 1 1 1 1 1 1 1 1 1 1 1 1 1 1 1 1 1 1 1 1 1 1 1 1 1 1 1 1 1 1 1 1 1 1 1 1 1 1 1 1 1 1 1 1 1 1 1 1 1 1 1 1 1 1 1 1 1 1 1 1 1 1 1 1 1 1 1 1 1 1 1 100 1 1 100 1 1 1 1 1 100 1 1 1 1 1 1 15 10 100 12 1 1 1 16 1 15 10 12 16 15 10 12 1 1 1 1 100 1 100 1 1
staticfield java/lang/AbstractStringBuilder EMPTYVALUE [B 0
ciInstanceKlass java/lang/SecurityManager 0 0 576 10 100 12 1 1 1 9 100 12 1 1 1 10 100 12 1 1 1 100 1 8 1 10 12 1 10 12 1 1 10 100 12 1 1 1 10 100 1 10 100 1 10 9 100 12 1 1 1 10 100 12 1 1 1 10 12 1 1 10 100 12 1 1 100 1 8 1 10 9 12 1 1 9 12 1 8 1 9 12 1 100 1 10 8 1 10 12 1 1 10 12 1 10 12 1 1 100 1 10 10 12 1 1 100 1 8 1 10 12 1 8 1 8 1 8 1 8 1 8 1 8 1 10 12 1 8 1 8 1 8 1 8 1 8 1 10 100 12 1 1 1 10 12 1 1 8 1 100 1 8 1 10 8 1 8 1 8 1 8 1 8 1 10 100 12 1 1 8 1 100 1 8 1 8 1 10 8 1 10 12 1 100 1 8 1 10 10 12 1 1 10 12 1 10 12 1 10 12 1 10 100 12 1 1 1 10 12 1 10 100 12 1 1 11 100 12 1 1 1 18 12 1 1 11 100 12 1 1 1 18 12 1 1 11 12 1 1 18 18 11 12 1 18 12 1 11 12 1 1 9 12 1 1 9 12 1 9 12 1 9 12 1 100 1 10 100 12 1 1 10 12 1 10 12 1 18 12 1 18 10 100 12 1 1 1 18 12 1 10 12 1 18 18 8 1 10 12 1 9 12 1 1 11 100 12 1 1 1 8 1 100 1 10 12 1 10 12 1 1 10 12 1 1 9 12 1 1 10 12 1 10 12 1 1 8 1 100 1 10 9 12 1 8 1 10 12 1 8 1 100 1 10 10 100 12 1 1 10 100 1 9 100 12 1 1 1 11 12 1 1 10 12 1 11 12 1 10 12 1 100 1 10 10 12 1 1 10 12 1 1 1 1 1 1 1 1 1 1 1 100 1 1 1 1 1 1 1 1 1 1 1 1 1 1 1 1 1 1 1 1 1 1 1 1 1 1 1 1 1 1 1 1 1 1 1 1 1 1 1 1 1 1 1 1 1 1 1 1 1 1 1 1 1 1 1 1 3 1 1 1 1 1 1 1 1 1 1 100 1 1 1 1 1 1 1 1 1 1 1 1 1 1 1 1 1 1 1 1 1 1 1 1 1 1 1 1 1 1 1 1 1 1 1 1 1 1 15 10 100 12 1 1 1 16 15 10 100 12 1 1 1 16 1 16 15 10 12 16 1 15 10 12 16 15 11 100 1 16 1 16 1 15 10 12 16 15 10 12 16 15 10 12 1 16 1 15 11 12 1 15 10 12 16 15 10 16 1 1 1 1 100 1 100 1 1
instanceKlass com/android/tools/r8/graph/i4
instanceKlass com/android/tools/r8/internal/n10
instanceKlass com/android/tools/r8/internal/gu
instanceKlass com/android/tools/r8/internal/Vs
instanceKlass java/util/ConcurrentModificationException
instanceKlass java/util/NoSuchElementException
instanceKlass com/android/tools/r8/internal/Ws
instanceKlass com/android/tools/r8/utils/b
instanceKlass com/android/tools/r8/internal/vc
instanceKlass java/lang/UnsupportedOperationException
instanceKlass java/lang/IllegalStateException
instanceKlass com/android/tools/r8/utils/U0
instanceKlass com/android/tools/r8/utils/P
instanceKlass java/lang/IndexOutOfBoundsException
instanceKlass java/lang/IllegalArgumentException
instanceKlass java/lang/ArithmeticException
instanceKlass java/lang/NullPointerException
instanceKlass java/lang/IllegalMonitorStateException
instanceKlass java/lang/ArrayStoreException
instanceKlass java/lang/ClassCastException
ciInstanceKlass java/lang/RuntimeException 1 1 40 10 7 12 1 1 1 10 12 1 10 12 1 10 12 1 10 12 1 100 1 1 1 1 5 0 1 1 1 1 1 1 1 1 1 1 1 1 1 1
instanceKlass java/lang/NumberFormatException
ciInstanceKlass java/lang/IllegalArgumentException 1 1 35 10 7 12 1 1 1 10 12 1 10 12 1 10 12 1 100 1 1 1 1 5 0 1 1 1 1 1 1 1 1 1 1 1 1
ciInstanceKlass java/lang/ArithmeticException 1 1 26 10 100 12 1 1 1 10 12 1 100 1 1 1 1 5 0 1 1 1 1 1 1 1 1 1
ciInstanceKlass java/lang/NullPointerException 1 1 52 10 100 12 1 1 1 10 12 1 9 100 12 1 1 1 10 12 1 1 9 12 1 1 10 12 1 1 10 12 1 1 1 1 5 0 1 1 1 1 1 1 1 1 100 1 100 1 100 1 1 1
instanceKlass java/util/EnumMap
instanceKlass com/android/tools/r8/internal/mE
instanceKlass java/util/TreeMap
instanceKlass java/util/IdentityHashMap
instanceKlass java/util/WeakHashMap
instanceKlass java/util/Collections$EmptyMap
instanceKlass sun/util/PreHashedMap
instanceKlass java/util/HashMap
instanceKlass java/util/ImmutableCollections$AbstractImmutableMap
instanceKlass java/util/concurrent/ConcurrentHashMap
ciInstanceKlass java/util/AbstractMap 1 1 192 10 7 12 1 1 1 10 7 12 1 1 1 11 7 12 1 1 1 10 11 12 1 1 11 7 12 1 1 1 11 12 1 1 7 1 11 12 1 10 12 1 1 11 12 1 100 1 10 11 12 1 11 7 1 10 12 1 1 11 12 1 9 12 1 1 7 1 10 12 1 9 12 1 1 100 1 10 11 11 12 1 1 11 12 1 100 1 100 1 11 12 1 8 1 100 1 10 10 12 1 1 8 1 10 12 1 10 12 1 1 10 12 1 1 1 1 1 1 1 1 1 1 1 1 1 1 1 1 1 1 1 1 1 1 1 1 1 1 1 1 1 1 1 1 1 1 1 1 1 1 1 1 100 1 1 1 1 1 1 1 1 1 1 1 1 1 1 1 1 100 1 1 1 1 1 1 1 1 1 100 1 100 1 100 1 100 1 1 1 1 1
ciInstanceKlass java/security/AccessControlContext 1 1 373 9 7 12 1 1 1 9 12 1 1 10 100 12 1 1 1 8 1 10 100 12 1 1 1 10 7 12 1 1 1 9 12 1 9 12 1 1 9 12 1 1 10 7 12 1 1 100 1 10 12 1 11 100 12 1 1 1 11 12 1 11 12 1 11 12 1 1 100 1 11 12 1 1 10 12 1 10 100 12 1 1 1 9 100 12 1 1 1 10 100 12 1 1 1 11 100 12 1 1 1 10 7 1 100 1 8 1 10 12 1 10 12 1 1 7 1 10 7 12 1 1 1 9 12 1 9 12 1 9 12 1 9 12 1 1 9 12 1 1 9 12 1 9 12 1 10 7 12 1 1 1 9 12 1 10 12 1 1 10 12 1 1 8 1 10 12 1 1 10 12 1 1 10 100 12 1 1 1 100 1 10 10 12 1 1 10 100 12 1 1 1 10 8 1 10 100 12 1 1 8 1 10 100 12 1 1 8 1 8 1 10 12 1 8 1 10 12 1 8 1 10 12 1 10 12 1 10 12 1 1 8 1 8 1 100 1 10 12 1 10 12 1 1 100 1 10 12 1 8 1 10 12 1 10 12 1 10 8 1 10 12 1 1 10 12 1 1 10 12 1 1 10 12 1 1 10 12 1 10 12 1 10 12 1 10 12 1 1 10 10 10 12 1 1 1 1 1 1 1 1 1 1 1 1 1 1 1 1 1 1 1 1 1 1 1 1 100 1 1 1 1 1 1 1 1 1 1 1 1 1 1 1 1 1 1 1 1 1 1 1 1 1 1 1 1 1 1 1 1 1 1 1 1 1 1 1 1 1 1 1 1 1 1 1 1 1 1 1 1 3 1 1
ciInstanceKlass java/net/URL 1 1 743 10 7 12 1 1 1 10 12 1 10 7 12 1 1 9 12 1 1 9 12 1 10 7 12 1 1 1 10 12 1 1 10 12 1 1 9 12 1 1 10 7 12 1 1 1 8 1 10 12 1 1 100 1 10 10 12 1 1 8 1 10 12 1 1 9 12 1 100 1 8 1 10 12 1 10 12 1 8 1 9 12 1 10 12 1 1 9 12 1 10 12 1 10 12 1 9 12 1 9 12 1 8 1 9 12 1 10 12 1 1 8 1 9 12 1 1 10 12 1 1 10 7 12 1 1 1 8 1 10 12 1 7 1 10 12 1 10 12 1 10 12 1 10 12 1 1 10 12 1 1 8 1 10 12 1 1 10 12 1 8 1 9 12 1 8 1 10 12 1 10 7 12 1 1 1 100 1 10 12 1 10 12 1 1 10 100 12 1 1 1 100 1 8 1 10 10 12 1 8 1 10 12 1 1 10 12 1 10 12 1 10 12 1 10 12 1 10 12 1 8 1 10 12 1 10 10 7 12 1 1 1 10 12 1 9 100 12 1 1 1 10 100 12 1 1 1 9 12 1 1 10 12 1 10 100 12 1 1 1 100 1 100 1 10 12 1 10 12 1 10 12 1 10 12 1 10 12 1 10 12 10 10 10 12 1 100 1 10 12 1 10 12 1 1 8 1 9 100 12 1 1 1 10 100 12 1 1 1 10 12 1 1 9 100 12 1 1 1 10 12 1 1 100 1 10 12 1 10 12 1 10 10 12 1 1 10 12 1 1 10 12 1 10 12 1 10 12 1 10 7 12 1 1 1 10 12 1 1 10 12 1 9 12 1 1 9 12 1 1 100 1 8 1 10 10 12 1 9 12 1 1 10 7 12 1 1 8 1 10 100 12 1 1 8 1 10 12 1 1 10 12 1 8 1 8 1 10 7 12 1 1 1 100 1 10 100 12 1 1 1 10 12 1 10 12 1 100 1 10 9 12 1 1 10 7 12 1 1 8 1 10 12 1 1 100 1 10 10 100 12 1 1 1 8 9 100 12 1 1 1 10 12 1 10 12 1 10 12 1 10 12 1 10 100 12 1 1 11 7 12 1 1 10 12 1 10 12 1 9 12 1 10 12 1 1 10 100 12 1 1 10 100 12 1 1 1 8 10 100 12 1 1 100 1 10 8 8 10 12 1 8 8 8 100 1 10 12 1 9 12 1 1 10 12 1 10 12 1 1 10 12 1 10 12 10 12 1 1 10 12 1 1 10 10 10 12 1 10 12 1 10 12 1 10 12 1 10 12 1 10 10 12 1 100 1 8 1 10 10 10 12 1 1 10 12 1 10 12 1 1 8 1 7 1 10 10 10 7 1 10 12 1 9 7 12 1 1 1 9 12 1 1 7 1 10 10 7 12 1 1 1 100 1 1 1 1 1 5 0 1 1 1 1 1 1 1 1 1 1 1 1 1 1 1 1 1 1 1 1 1 1 1 1 1 1 1 1 1 1 1 1 1 1 1 1 1 1 1 100 1 1 1 1 1 1 1 1 1 1 1 1 1 1 1 1 1 1 1 1 1 1 1 1 1 1 1 1 1 1 1 1 1 1 1 1 1 100 1 1 1 1 1 1 1 1 1 1 1 1 1 1 1 1 100 1 1 1 1 1 1 1 1 1 1 1 1 1 1 1 1 1 1
staticfield java/net/URL defaultFactory Ljava/net/URLStreamHandlerFactory; java/net/URL$DefaultFactory
staticfield java/net/URL streamHandlerLock Ljava/lang/Object; java/lang/Object
staticfield java/net/URL serialPersistentFields [Ljava/io/ObjectStreamField; 7 [Ljava/io/ObjectStreamField;
ciInstanceKlass java/util/jar/Manifest 1 1 336 10 7 12 1 1 1 7 1 10 9 7 12 1 1 1 7 1 10 9 12 1 1 9 12 1 1 10 12 1 10 12 1 1 10 12 1 1 10 12 1 1 10 12 1 1 11 7 1 11 12 1 1 10 12 1 1 10 100 12 1 1 1 100 1 100 1 10 8 1 10 12 1 1 10 12 1 1 10 12 1 10 12 1 11 100 1 10 12 1 10 12 1 1 11 12 1 1 10 12 1 11 12 1 1 11 100 12 1 1 1 11 100 12 1 1 11 12 1 1 100 1 10 12 1 8 1 11 12 1 7 1 10 12 1 1 11 12 1 10 12 1 10 12 1 10 100 12 1 1 1 8 1 10 12 1 1 10 9 7 12 1 1 1 10 12 1 1 10 100 12 1 10 12 1 10 12 1 9 100 12 1 1 1 8 1 10 12 1 8 1 8 1 7 1 10 12 1 10 12 1 10 12 1 1 100 1 8 1 10 12 1 1 8 1 10 10 12 1 1 8 1 10 12 1 1 10 7 12 1 1 1 10 12 1 10 11 12 1 1 10 12 1 10 7 12 1 1 1 10 12 1 1 10 12 1 1 11 10 12 1 11 10 12 1 100 1 1 1 1 1 1 1 1 1 1 1 1 1 1 1 1 1 1 1 1 1 1 1 1 1 1 1 1 1 1 1 1 1 1 1 1 1 1 1 1 1 1 1 100 1 1 1 1 1 1 1 1 1 1 1 1 1 1 100 1 1 1 1 1 1 1 1 1 1 1
ciInstanceKlass java/lang/module/ModuleDescriptor 1 1 496 10 7 12 1 1 1 9 7 12 1 1 1 100 1 10 9 12 1 1 9 12 1 1 9 12 1 11 7 12 1 1 1 9 12 1 1 9 7 12 1 1 1 11 12 1 1 9 12 1 9 12 1 9 12 1 11 12 1 1 18 12 1 1 11 100 12 1 1 1 11 12 1 11 12 1 1 11 12 1 1 9 12 1 9 12 1 9 12 1 9 12 1 9 12 1 9 12 1 9 12 1 9 12 1 1 10 7 12 1 1 1 10 100 12 1 1 1 10 12 1 100 1 10 10 12 10 12 1 1 8 1 10 12 1 10 10 7 12 1 1 1 10 12 1 1 10 12 1 10 12 1 1 10 100 12 1 1 10 12 1 10 12 1 11 10 100 12 1 1 10 12 1 10 12 1 1 11 10 12 1 10 12 1 1 8 1 8 1 10 12 1 11 12 1 8 1 8 1 8 1 8 1 8 1 8 1 100 1 10 12 1 100 1 8 1 10 12 1 100 1 10 12 1 11 12 11 12 1 10 12 1 1 100 1 10 100 12 1 1 1 10 100 12 1 1 1 10 12 1 10 12 1 1 8 1 10 12 1 1 18 11 12 1 11 12 1 1 8 1 10 100 12 1 1 1 11 12 1 1 11 7 12 1 1 1 11 7 12 1 1 11 12 1 1 7 1 10 100 1 11 12 11 12 1 1 10 100 12 1 1 1 10 12 1 11 10 12 1 10 12 1 10 9 100 12 1 1 1 10 12 1 1 10 7 12 1 1 7 1 10 10 7 12 1 1 1 1 1 1 1 1 1 1 1 1 1 1 1 1 1 1 1 1 1 1 1 1 1 1 1 1 1 1 1 1 1 1 1 1 1 1 1 1 1 1 1 1 1 1 1 1 1 1 1 1 1 1 1 1 1 1 100 1 1 1 1 1 1 1 1 1 1 1 1 1 1 1 1 1 1 1 1 1 1 1 1 1 1 1 1 1 1 1 1 1 1 1 1 1 1 1 1 1 1 1 1 1 1 1 1 100 1 100 1 100 1 100 1 100 1 100 1 100 1 1 15 10 100 12 1 1 1 16 15 10 16 1 15 10 12 16 1 1 1 1 1 1 1 1 1 100 1 100 1 1
staticfield java/lang/module/ModuleDescriptor $assertionsDisabled Z 1
ciInstanceKlass java/util/Objects 1 1 151 10 7 12 1 1 1 100 1 8 1 10 12 1 10 12 1 1 10 7 12 1 1 1 10 12 1 1 10 12 1 10 100 12 1 1 1 10 12 1 1 11 100 12 1 1 1 100 1 10 10 12 1 8 1 10 100 12 1 1 1 8 1 100 1 11 12 1 1 8 1 10 7 12 1 1 1 10 12 1 1 10 12 1 10 12 1 10 12 1 10 12 1 1 1 1 1 1 1 1 1 1 1 1 1 1 1 1 1 1 1 1 1 1 1 1 1 1 1 1 1 1 1 1 1 1 1 1 1 1 1 1 1 1 1 1 1 1 1 1 1 1 1 1 1 1 1 1 1 1 1
ciInstanceKlass java/util/Collection 1 1 115 11 100 12 1 1 1 100 1 11 7 12 1 1 1 10 7 12 1 1 1 11 12 1 1 11 7 12 1 1 1 11 12 1 1 11 7 12 1 1 1 11 12 1 1 10 100 12 1 1 1 11 12 1 10 7 12 1 1 1 100 1 100 1 1 1 1 1 1 1 1 1 1 1 1 1 1 1 1 1 1 1 1 1 1 1 1 1 1 1 1 1 1 1 1 1 1 1 1 1 1 1 1 1 1 1 1 1 1 1 1 1 1 1 1
instanceKlass com/android/tools/r8/internal/F0
instanceKlass com/android/tools/r8/internal/m0
instanceKlass com/android/tools/r8/internal/H
instanceKlass com/android/tools/r8/internal/o1
instanceKlass com/android/tools/r8/internal/R0
instanceKlass java/util/AbstractQueue
instanceKlass java/util/IdentityHashMap$Values
instanceKlass java/util/HashMap$Values
instanceKlass com/android/tools/r8/internal/sm
instanceKlass java/util/LinkedHashMap$LinkedValues
instanceKlass java/util/ArrayDeque
instanceKlass java/util/AbstractSet
instanceKlass java/util/ImmutableCollections$AbstractImmutableCollection
instanceKlass java/util/AbstractList
ciInstanceKlass java/util/AbstractCollection 1 1 160 10 7 12 1 1 1 10 7 12 1 1 1 10 12 1 1 11 7 12 1 1 1 11 12 1 1 10 12 1 1 10 100 12 1 1 1 10 12 1 1 10 12 1 1 10 7 12 1 1 10 7 12 1 1 1 7 1 10 100 12 1 1 1 10 100 12 1 1 1 100 1 10 11 12 1 11 7 1 10 12 1 10 12 1 10 7 12 1 1 1 11 8 1 100 1 10 10 12 1 1 8 1 10 12 1 10 12 1 1 1 1 1 1 1 1 1 1 1 1 1 1 1 1 1 1 1 1 1 1 1 1 1 1 1 1 1 1 1 1 1 1 1 1 1 1 1 1 1 1 1 1 1 1 1 1 1 1 1 1
ciInstanceKlass java/util/IdentityHashMap$Values 1 1 123 9 7 12 1 1 1 10 7 12 1 1 1 7 1 10 12 1 9 7 12 1 1 1 10 12 1 1 10 12 1 1 11 100 12 1 1 1 11 12 1 1 11 12 1 10 12 1 100 1 10 12 1 1 9 12 1 10 12 1 10 12 1 1 10 100 12 1 1 10 100 12 1 1 1 100 1 9 12 1 100 1 10 100 1 10 12 1 1 1 1 1 1 1 1 1 1 1 1 1 1 1 1 1 1 1 1 1 1 1 1 1 1 1 1 1 1 1 1 1 1 1 1
ciMethod java/util/AbstractCollection isEmpty ()Z 694 0 2527238 0 96
ciInstanceKlass java/util/RandomAccess 1 0 7 100 1 100 1 1 1
ciInstanceKlass java/util/List 1 1 217 10 100 12 1 1 1 11 100 12 1 1 1 11 100 12 1 1 1 11 12 1 1 11 100 12 1 1 11 12 1 1 11 12 1 1 10 100 12 1 1 1 100 1 100 1 10 12 1 1 100 1 10 100 12 1 1 1 9 7 12 1 1 1 7 1 10 12 10 12 1 7 1 10 12 1 1 10 12 1 10 12 1 1 100 1 1 1 1 1 1 1 1 1 1 1 1 1 1 1 1 1 1 1 1 1 1 1 1 1 1 1 1 1 1 1 1 1 1 1 1 1 1 1 1 1 1 1 1 1 1 1 1 1 1 100 1 100 1 1 1 1 1 1 1 1 1 1 1 1 1 1 1 1 1 1 1 1 1 1 1 1 1 1 1 1 1 1 1 1 1 1 1 1 1 1 1 1 1 1 1 1 1 1 1 1 1 1 1 1 1 1 1 1 1 1 1 1 1 1 1 1 1 1 1 1 1 1 1 1 100 1 1 100 1 1 1
ciMethod java/util/AbstractCollection size ()I 0 0 1 0 -1
ciMethod java/util/AbstractCollection iterator ()Ljava/util/Iterator; 0 0 1 0 -1
ciMethod java/util/AbstractCollection <init> ()V 538 0 11978977 0 64
instanceKlass com/android/tools/r8/internal/QC
instanceKlass java/util/AbstractList$SubList
instanceKlass java/util/Collections$CopiesList
instanceKlass java/util/AbstractSequentialList
instanceKlass java/util/Collections$SingletonList
instanceKlass java/util/ArrayList$SubList
instanceKlass java/util/Vector
instanceKlass sun/security/jca/ProviderList$ServiceList
instanceKlass sun/security/jca/ProviderList$3
instanceKlass java/util/Arrays$ArrayList
instanceKlass java/util/Collections$EmptyList
instanceKlass java/util/ArrayList
ciInstanceKlass java/util/AbstractList 1 1 218 10 7 12 1 1 1 9 7 12 1 1 1 10 12 1 1 10 12 1 1 100 1 10 10 12 1 1 11 100 12 1 1 1 11 12 1 1 11 12 1 10 100 12 1 1 1 10 12 1 11 12 1 11 12 1 11 12 1 10 12 1 1 10 12 1 1 11 100 12 1 1 1 11 100 1 11 100 1 10 12 1 100 1 10 12 1 10 12 1 1 7 1 100 1 10 12 1 7 1 10 100 1 100 1 10 8 1 10 12 1 1 10 12 1 10 12 1 1 10 12 1 8 1 100 1 8 1 8 1 8 1 10 100 1 11 10 10 12 1 11 12 1 10 12 1 1 8 1 8 1 1 1 1 1 1 1 1 1 1 1 1 1 1 1 1 1 1 1 1 1 1 1 1 1 1 1 1 1 1 1 1 1 1 1 1 1 1 1 1 1 1 1 1 1 1 1 1 1 1 1 1 1 1 1 1 1 1 100 1 100 1 1 1 1 1 1 1
ciMethod java/util/AbstractList iterator ()Ljava/util/Iterator; 0 0 1 0 -1
ciMethod java/util/AbstractList listIterator ()Ljava/util/ListIterator; 1024 0 3402956 0 512
ciMethod java/util/AbstractList listIterator (I)Ljava/util/ListIterator; 0 0 1 0 -1
ciInstanceKlass jdk/internal/util/Preconditions 1 1 170 10 100 12 1 1 1 11 100 12 1 1 1 11 100 12 1 1 1 100 1 100 1 10 100 12 1 1 1 10 12 1 8 1 100 1 10 100 12 1 1 1 10 12 1 1 8 1 8 1 10 100 12 1 1 7 1 10 12 1 8 1 10 100 12 1 1 1 8 1 10 12 1 1 10 12 1 1 11 12 1 8 1 8 1 11 12 1 1 8 1 8 1 8 1 10 12 1 1 10 12 1 1 10 12 1 10 12 1 10 12 1 10 12 1 1 1 1 1 1 1 1 1 1 1 1 1 1 1 1 1 1 1 1 1 1 1 1 1 1 1 1 1 1 1 1 1 1 1 1 1 1 1 1 1 1 1 1 1 1 1 1 1 1 1 1 1 1 1 1
ciMethod java/util/Objects equals (Ljava/lang/Object;Ljava/lang/Object;)Z 678 0 136643 0 0
ciMethod java/util/Objects checkIndex (II)I 1024 0 5398247 0 -1
ciInstanceKlass java/lang/AssertionStatusDirectives 0 0 24 10 100 12 1 1 1 100 1 1 1 1 1 1 1 1 1 1 1 1 1 1 1 1
ciInstanceKlass java/lang/invoke/MethodHandleNatives$CallSiteContext 1 1 49 10 7 12 1 1 1 7 1 10 10 7 12 1 1 1 10 7 12 1 1 1 10 7 12 1 1 1 100 1 1 1 1 1 1 1 1 1 1 1 1 1 1 1 1 1 100 1 1
ciInstanceKlass jdk/internal/invoke/NativeEntryPoint 0 0 92 10 100 12 1 1 1 9 100 12 1 1 1 10 100 12 1 1 1 100 1 9 12 1 9 12 1 9 12 1 1 9 12 1 1 9 12 1 1 100 1 8 1 10 12 1 11 100 12 1 1 1 10 12 1 1 10 12 1 11 100 12 1 1 11 12 1 10 12 1 1 10 12 1 1 1 1 1 1 1 1 1 1 1 1 1 1 1 1 1 1 1
instanceKlass java/lang/invoke/VolatileCallSite
instanceKlass java/lang/invoke/MutableCallSite
instanceKlass java/lang/invoke/ConstantCallSite
ciInstanceKlass java/lang/invoke/CallSite 1 1 302 10 7 12 1 1 1 10 7 12 1 1 1 9 7 12 1 1 1 10 12 1 1 9 12 1 1 10 7 12 1 1 1 10 12 1 100 1 10 12 1 1 10 12 1 1 9 100 12 1 1 1 10 100 12 1 1 10 12 1 1 100 1 100 1 10 10 100 12 1 1 1 10 12 1 1 8 1 10 12 1 10 12 1 1 10 12 1 10 12 1 1 10 12 1 1 10 10 100 12 1 1 10 12 1 1 9 12 1 9 100 12 1 1 1 8 1 10 7 12 1 1 1 10 12 1 1 100 1 10 12 1 1 9 12 1 8 1 100 1 10 12 1 10 12 1 100 1 8 1 10 10 12 1 10 12 1 1 100 1 10 12 1 1 10 12 1 10 12 1 10 12 1 1 10 12 1 1 9 12 1 1 8 10 12 1 1 9 12 1 1 100 1 10 10 12 1 10 100 12 1 1 1 10 12 1 1 10 12 1 1 10 12 1 10 7 12 1 1 1 100 1 8 1 10 10 12 10 12 1 1 100 1 100 1 100 1 8 1 10 12 1 10 7 12 1 1 1 1 1 1 1 1 1 1 1 1 1 1 1 1 1 1 1 1 1 1 1 1 1 1 1 1 1 1 1 1 1 1 1 1 1 1 1 1 1 1 1 1 1 1 1 1 1 1 1 1 1 1 1 1 1
staticfield java/lang/invoke/CallSite $assertionsDisabled Z 1
ciInstanceKlass java/lang/invoke/VolatileCallSite 0 0 37 10 100 12 1 1 1 10 12 1 10 100 12 1 1 1 10 12 1 10 12 1 1 1 1 1 1 1 1 1 1 1 1 1 1 1 1
ciInstanceKlass java/lang/invoke/MethodType 1 1 771 7 1 10 7 12 1 1 1 9 12 1 1 9 12 1 1 9 12 1 1 10 7 12 1 1 1 9 7 12 1 1 8 1 10 100 12 1 1 1 9 7 1 9 7 1 10 12 1 1 100 1 10 8 1 10 12 1 1 10 12 1 10 12 1 1 100 1 8 1 10 12 1 100 1 10 10 12 1 10 12 1 1 10 12 1 1 11 7 12 1 1 1 9 12 1 11 12 1 1 7 7 1 10 7 12 1 1 1 10 12 1 9 12 1 1 10 7 12 1 1 10 12 1 1 10 7 12 1 1 1 10 7 12 1 1 1 10 12 1 9 12 1 1 10 12 1 1 100 1 10 12 1 1 10 12 1 1 10 12 1 1 10 12 1 1 10 12 1 1 10 12 1 10 12 1 10 12 1 1 10 12 1 8 1 8 1 10 12 1 1 9 12 1 1 100 1 10 10 12 1 1 10 12 1 10 12 1 1 10 12 1 1 10 12 1 10 12 1 1 10 12 1 8 1 10 12 1 1 10 100 12 1 1 1 10 12 1 10 12 1 1 10 12 1 10 12 1 10 12 1 1 10 12 1 10 12 1 9 12 1 10 12 1 10 10 12 1 1 10 12 1 9 12 1 1 10 12 1 1 10 12 1 1 10 12 1 1 10 12 1 1 7 1 10 12 10 12 1 10 12 1 100 1 8 1 8 1 8 1 10 12 1 10 12 1 10 12 1 10 11 12 1 1 11 12 1 10 100 12 1 1 1 9 12 1 10 12 1 10 12 1 1 10 12 1 1 10 12 1 10 12 1 10 100 12 1 1 1 10 12 1 1 10 12 1 10 12 1 10 12 1 10 9 12 1 1 7 1 10 12 1 10 12 1 1 9 100 12 1 1 1 10 100 12 1 1 1 10 100 12 1 1 1 10 12 1 1 10 100 12 1 1 1 10 12 1 1 8 1 10 7 12 1 1 1 11 12 1 1 9 12 1 1 10 12 1 1 10 12 1 10 12 1 1 10 12 1 1 10 100 12 1 1 100 1 10 12 1 1 11 100 12 1 1 1 18 12 1 1 11 12 1 1 18 12 1 11 12 1 100 1 11 100 12 1 1 10 12 1 100 1 10 12 1 10 100 12 1 1 10 12 1 1 9 12 1 1 9 100 12 1 1 1 10 100 12 1 1 1 9 12 1 10 100 12 1 1 10 12 1 100 10 12 1 1 10 12 1 10 7 1 7 1 9 12 1 1 100 1 100 1 100 1 1 1 5 0 1 1 1 1 1 1 1 3 1 3 1 3 1 1 1 1 1 1 1 1 1 1 1 1 1 1 1 1 1 1 1 1 1 1 1 1 1 1 1 1 1 1 1 1 1 1 1 1 1 1 1 1 1 1 1 1 1 1 1 1 1 1 1 1 1 1 1 1 1 1 1 1 1 1 1 1 1 1 1 1 1 1 1 1 1 1 1 1 1 1 1 1 1 1 1 1 1 1 1 1 1 1 1 1 1 1 1 1 1 1 1 1 1 1 1 1 1 1 1 1 1 1 1 1 1 1 1 1 1 1 1 1 1 1 1 1 1 1 1 100 1 100 1 1 1 1 1 1 1 1 1 1 1 1 1 100 1 1 1 100 1 1 1 1 1 1 1 1 1 1 1 1 1 1 1 1 1 1 1 1 1 15 10 100 12 1 1 1 16 15 10 12 16 16 15 10 12 16 1 1 1 1 100 1 1 100 1 1 100 1 100 1 1
staticfield java/lang/invoke/MethodType internTable Ljava/lang/invoke/MethodType$ConcurrentWeakInternSet; java/lang/invoke/MethodType$ConcurrentWeakInternSet
staticfield java/lang/invoke/MethodType NO_PTYPES [Ljava/lang/Class; 0 [Ljava/lang/Class;
staticfield java/lang/invoke/MethodType objectOnlyTypes [Ljava/lang/invoke/MethodType; 20 [Ljava/lang/invoke/MethodType;
staticfield java/lang/invoke/MethodType METHOD_HANDLE_ARRAY [Ljava/lang/Class; 1 [Ljava/lang/Class;
staticfield java/lang/invoke/MethodType serialPersistentFields [Ljava/io/ObjectStreamField; 0 [Ljava/io/ObjectStreamField;
staticfield java/lang/invoke/MethodType $assertionsDisabled Z 1
ciInstanceKlass java/lang/BootstrapMethodError 0 0 45 10 100 12 1 1 1 10 12 1 10 12 1 10 100 12 1 1 1 10 100 12 1 1 1 1 1 1 5 0 1 1 1 1 1 1 1 1 1 1 1 100 1 1 1
ciInstanceKlass jdk/internal/loader/ClassLoaders$AppClassLoader 1 1 119 8 1 10 7 12 1 1 1 10 7 12 1 1 1 10 100 12 1 1 1 10 12 1 1 10 100 12 1 1 1 10 12 1 1 10 12 1 1 7 1 8 1 10 12 10 7 12 1 1 1 10 100 12 1 1 10 12 1 1 10 12 1 1 10 7 12 1 1 1 100 1 10 12 1 1 1 1 1 1 1 1 1 1 1 1 1 1 1 1 1 1 1 1 1 100 1 1 1 1 1 1 1 1 1 1 1 1 1 1 1 1 1 1 1 100 1 1 1
ciInstanceKlass jdk/internal/loader/ClassLoaders$PlatformClassLoader 1 1 42 8 1 10 7 12 1 1 1 10 7 12 1 1 1 100 1 10 12 1 100 1 1 1 1 1 1 1 1 1 1 1 1 1 1 100 1 1 1 100 1 1
ciInstanceKlass java/lang/ArrayStoreException 1 1 26 10 100 12 1 1 1 10 12 1 100 1 1 1 1 5 0 1 1 1 1 1 1 1 1 1
ciInstanceKlass java/lang/ClassCastException 1 1 26 10 100 12 1 1 1 10 12 1 100 1 1 1 1 5 0 1 1 1 1 1 1 1 1 1
ciInstanceKlass java/lang/NoClassDefFoundError 0 0 26 10 100 12 1 1 1 10 12 1 100 1 1 1 1 5 0 1 1 1 1 1 1 1 1 1
ciInstanceKlass java/lang/IllegalMonitorStateException 1 1 26 10 100 12 1 1 1 10 12 1 100 1 1 1 1 5 0 1 1 1 1 1 1 1 1 1
ciInstanceKlass java/lang/StackOverflowError 1 1 26 10 100 12 1 1 1 10 12 1 100 1 1 1 1 5 0 1 1 1 1 1 1 1 1 1
instanceKlass java/lang/StackOverflowError
instanceKlass java/lang/OutOfMemoryError
instanceKlass java/lang/InternalError
ciInstanceKlass java/lang/VirtualMachineError 1 1 34 10 100 12 1 1 1 10 12 1 10 12 1 10 12 1 100 1 1 1 1 5 0 1 1 1 1 1 1 1 1 1 1 1
ciInstanceKlass java/lang/OutOfMemoryError 1 1 26 10 100 12 1 1 1 10 12 1 100 1 1 1 1 5 0 1 1 1 1 1 1 1 1 1
ciInstanceKlass java/lang/InternalError 0 0 34 10 100 12 1 1 1 10 12 1 10 12 1 10 12 1 100 1 1 1 1 5 0 1 1 1 1 1 1 1 1 1 1 1
ciInstanceKlass java/lang/StackTraceElement 0 0 224 10 100 12 1 1 1 10 100 12 1 1 9 12 1 1 9 12 1 1 9 12 1 9 12 1 8 1 10 100 12 1 1 1 100 1 9 12 1 8 1 9 12 1 9 12 1 9 12 1 1 8 1 10 12 1 1 10 12 1 100 1 10 10 12 1 1 8 1 10 12 1 1 10 12 1 8 1 8 1 8 1 10 12 1 8 1 8 1 10 12 1 8 1 8 1 10 12 1 1 10 12 1 10 12 1 1 10 12 1 9 12 1 1 10 100 12 1 1 1 10 12 1 1 100 1 10 12 1 1 10 100 12 1 1 10 100 12 1 1 1 10 100 12 1 1 10 100 12 1 1 10 10 12 1 1 10 12 1 10 12 1 1 100 1 1 1 1 1 3 1 3 1 1 5 0 1 1 1 1 1 1 1 1 1 1 1 1 1 1 1 1 1 1 1 1 1 1 1 1 1 1 100 1 100 1 1 1 1 1 1 1 1 1 1 100 1 1 1 1 1 1 1 1
instanceKlass java/nio/IntBuffer
instanceKlass java/nio/LongBuffer
instanceKlass java/nio/CharBuffer
instanceKlass java/nio/ByteBuffer
ciInstanceKlass java/nio/Buffer 1 1 224 100 1 10 7 12 1 1 1 9 7 12 1 1 1 9 12 1 9 12 1 1 9 12 1 9 12 1 1 10 12 1 1 10 12 1 1 10 12 100 1 100 1 10 8 1 10 12 1 1 10 12 1 8 1 8 1 10 12 1 1 10 12 1 8 1 9 12 1 1 100 1 8 1 10 12 1 8 1 8 1 9 12 10 12 1 8 1 8 1 8 1 10 12 1 8 1 8 1 8 1 100 1 10 100 1 10 100 1 10 100 1 10 10 100 12 1 1 1 10 11 100 12 1 1 10 7 12 1 1 1 10 7 12 1 1 1 9 12 1 1 10 7 12 1 1 1 9 12 1 1 7 1 10 10 7 12 1 1 1 1 1 3 1 1 1 1 1 1 1 1 1 1 1 1 1 1 1 1 1 1 100 1 1 1 1 1 1 1 1 1 1 1 1 1 1 1 1 1 1 1 1 1 1 1 1 1 1 1 1 1 1 1 1 1 1 1 1 1 1 1 1 1 1
staticfield java/nio/Buffer UNSAFE Ljdk/internal/misc/Unsafe; jdk/internal/misc/Unsafe
staticfield java/nio/Buffer SCOPED_MEMORY_ACCESS Ljdk/internal/misc/ScopedMemoryAccess; jdk/internal/misc/ScopedMemoryAccess
staticfield java/nio/Buffer $assertionsDisabled Z 1
ciInstanceKlass jdk/internal/util/ArraysSupport 1 1 271 7 1 100 1 8 1 10 12 1 1 10 12 1 1 10 100 12 1 1 9 7 12 1 1 1 9 12 1 1 10 7 12 1 1 1 9 12 1 1 10 100 12 1 1 1 9 12 1 10 12 9 12 1 10 12 1 1 10 12 9 12 1 9 12 1 10 12 1 1 9 12 1 9 12 1 9 12 1 9 12 1 9 12 1 9 12 1 9 12 1 10 12 1 1 10 100 12 1 1 1 9 12 1 9 12 1 10 12 1 1 10 12 1 9 12 1 10 12 1 10 100 12 1 1 1 9 12 1 9 12 1 10 12 1 10 12 1 10 7 12 1 1 1 3 10 12 1 100 1 100 1 10 8 1 10 12 1 1 10 12 1 8 1 8 1 10 12 1 1 10 10 12 1 1 10 12 1 1 9 12 1 10 12 1 9 12 1 9 12 1 9 12 1 9 12 1 9 12 1 9 12 1 9 12 1 100 1 1 1 1 1 1 1 1 1 1 1 1 1 1 1 1 1 1 1 1 1 1 1 1 1 1 1 1 1 1 1 1 1 1 1 1 1 1 1 1 1 1 1 1 1 1 1 1 1 1 1 1 1 1 1 1 1 1 1 1 1 1 1 1
staticfield jdk/internal/util/ArraysSupport U Ljdk/internal/misc/Unsafe; jdk/internal/misc/Unsafe
staticfield jdk/internal/util/ArraysSupport BIG_ENDIAN Z 0
staticfield jdk/internal/util/ArraysSupport LOG2_ARRAY_BOOLEAN_INDEX_SCALE I 0
staticfield jdk/internal/util/ArraysSupport LOG2_ARRAY_BYTE_INDEX_SCALE I 0
staticfield jdk/internal/util/ArraysSupport LOG2_ARRAY_CHAR_INDEX_SCALE I 1
staticfield jdk/internal/util/ArraysSupport LOG2_ARRAY_SHORT_INDEX_SCALE I 1
staticfield jdk/internal/util/ArraysSupport LOG2_ARRAY_INT_INDEX_SCALE I 2
staticfield jdk/internal/util/ArraysSupport LOG2_ARRAY_LONG_INDEX_SCALE I 3
staticfield jdk/internal/util/ArraysSupport LOG2_ARRAY_FLOAT_INDEX_SCALE I 2
staticfield jdk/internal/util/ArraysSupport LOG2_ARRAY_DOUBLE_INDEX_SCALE I 3
staticfield jdk/internal/util/ArraysSupport LOG2_BYTE_BIT_SIZE I 3
ciMethod jdk/internal/util/ArraysSupport newLength (III)I 518 0 13772 0 0
ciMethod jdk/internal/util/ArraysSupport hugeLength (II)I 0 0 1 0 -1
ciInstanceKlass jdk/internal/misc/UnsafeConstants 1 1 34 10 100 12 1 1 1 9 7 12 1 1 1 9 12 1 9 12 1 1 9 12 1 9 12 1 1 1 1 1 1 1 1 1
staticfield jdk/internal/misc/UnsafeConstants ADDRESS_SIZE0 I 8
staticfield jdk/internal/misc/UnsafeConstants PAGE_SIZE I 4096
staticfield jdk/internal/misc/UnsafeConstants BIG_ENDIAN Z 0
staticfield jdk/internal/misc/UnsafeConstants UNALIGNED_ACCESS Z 1
staticfield jdk/internal/misc/UnsafeConstants DATA_CACHE_LINE_FLUSH_SIZE I 0
instanceKlass java/lang/invoke/DelegatingMethodHandle
instanceKlass java/lang/invoke/BoundMethodHandle
instanceKlass java/lang/invoke/DirectMethodHandle
ciInstanceKlass java/lang/invoke/MethodHandle 1 1 641 100 1 9 7 12 1 1 1 10 7 12 1 1 1 10 7 12 1 1 1 7 1 7 1 10 12 1 1 9 12 1 1 10 12 1 10 12 1 1 10 12 1 1 10 100 12 1 1 1 10 12 1 1 10 12 1 1 11 100 12 1 1 1 10 12 1 1 10 12 1 10 12 1 9 12 1 1 10 12 1 1 100 1 100 1 10 8 1 10 12 1 1 10 12 1 8 1 10 12 1 1 10 12 1 10 7 12 1 1 1 10 12 1 10 12 1 1 10 12 1 1 10 12 1 1 10 12 1 1 10 7 12 1 1 1 10 100 12 1 1 1 7 1 10 12 1 1 10 12 1 1 10 12 1 1 8 1 10 7 12 1 1 1 8 1 10 12 1 1 10 12 1 1 10 12 1 1 10 12 1 8 1 10 12 1 1 8 1 10 12 1 8 1 10 100 12 1 1 1 9 12 1 1 100 1 10 9 100 12 1 1 1 9 100 1 8 1 10 12 1 1 10 12 1 10 12 1 1 10 12 1 10 12 1 1 10 12 1 10 12 1 1 10 12 1 10 12 1 1 10 12 1 1 8 1 10 12 1 1 8 1 10 12 1 10 12 1 1 10 12 1 10 12 1 10 12 1 1 9 100 12 1 1 1 10 12 1 1 11 12 1 10 12 1 10 12 1 1 10 100 12 1 1 1 100 1 11 12 1 10 100 1 11 12 1 100 1 10 12 1 11 12 1 9 100 12 1 1 1 11 12 1 1 11 100 12 1 1 1 10 12 1 1 9 12 1 11 12 1 9 12 1 9 12 1 9 12 1 11 12 1 1 9 12 1 9 12 1 9 12 1 9 12 1 9 12 1 9 12 1 9 12 1 8 1 10 12 1 10 12 1 8 1 10 12 1 10 12 1 10 10 7 12 1 1 10 12 1 1 100 1 8 1 10 12 1 1 10 12 1 1 10 12 1 10 12 1 100 1 10 100 12 1 1 1 10 12 1 9 7 12 1 1 1 10 12 1 1 10 12 1 1 8 1 9 12 1 9 12 1 1 9 12 1 1 10 12 1 7 1 10 12 1 10 12 1 1 9 12 1 1 9 12 1 1 10 7 12 1 1 1 11 7 12 1 1 9 12 1 10 12 1 1 9 12 1 10 12 1 8 10 12 1 1 8 1 1 1 1 1 1 100 1 1 1 1 1 1 1 1 1 1 1 1 1 1 1 1 1 1 1 1 1 1 1 1 1 1 1 1 1 1 1 1 1 1 1 1 1 1 1 1 1 1 1 1 1 1 1 1 1 1 1 1 1 1 1 1 1 1 1 1 1 1 1 1 1 1 1 1 1 100 1 1 1 1 1 1 1 1 1 100 1 1 1 1 1 1 1 1 1 1 1 1 1 1 1 1 1 1 1 1 1 1 1 1 1 1 1 100 1 1 100 1 1 100 1 1 1 1
staticfield java/lang/invoke/MethodHandle FORM_OFFSET J 20
staticfield java/lang/invoke/MethodHandle UPDATE_OFFSET J 13
staticfield java/lang/invoke/MethodHandle $assertionsDisabled Z 1
instanceKlass java/util/LinkedHashMap
ciInstanceKlass java/util/HashMap 1 1 610 10 7 12 1 1 1 7 1 10 12 1 1 7 1 10 100 12 1 1 1 100 1 11 12 1 1 11 12 1 11 12 1 1 10 7 12 1 1 1 7 1 3 10 7 12 1 1 1 100 1 100 1 10 8 1 10 12 1 1 10 12 1 10 12 1 1 10 12 1 10 7 12 1 1 1 8 1 10 12 1 9 12 1 1 10 12 1 9 12 1 1 4 10 12 1 10 12 1 1 11 7 12 1 1 9 12 1 1 4 10 12 1 1 11 12 1 1 11 7 12 1 1 1 11 7 12 1 1 1 11 12 1 1 7 1 11 12 1 11 12 1 10 12 1 10 12 1 1 9 12 10 12 1 1 9 7 12 1 1 1 9 12 9 12 1 10 12 1 1 9 12 1 7 1 10 12 1 1 10 12 1 1 10 12 1 1 10 12 1 1 10 12 1 1 9 12 1 10 12 1 1 3 10 12 1 1 10 12 1 1 9 12 1 1 9 10 12 1 1 10 12 1 1 10 12 1 1 10 12 1 9 12 1 1 7 1 10 12 1 10 12 1 10 100 12 1 1 1 100 1 9 12 1 1 7 1 10 9 12 7 1 10 100 1 10 11 7 12 1 1 1 100 1 10 11 100 12 1 1 11 100 12 1 1 1 10 12 1 100 1 100 1 10 12 1 10 12 1 10 12 1 10 100 12 1 1 10 12 1 1 10 12 1 1 10 100 12 1 1 1 8 10 100 12 1 1 1 100 1 10 4 10 100 12 1 1 1 4 10 12 1 10 100 12 1 1 1 10 12 1 8 1 4 10 100 12 1 1 1 100 1 11 100 12 1 1 1 10 12 1 10 12 1 10 10 12 1 1 100 1 100 1 1 1 1 5 0 1 3 1 1 1 3 1 3 1 3 1 1 1 1 1 1 1 1 1 1 1 1 1 1 1 1 1 1 1 1 1 1 100 1 1 1 1 1 1 1 1 1 1 1 1 1 1 1 1 1 1 1 1 1 1 1 1 1 1 1 1 1 1 1 1 100 1 1 1 1 1 1 1 1 1 1 1 1 1 1 1 1 1 1 1 1 1 1 1 1 1 1 1 1 1 1 1 1 1 1 1 1 1 1 1 1 1 1 1 1 1 1 1 1 1 1 100 1 1 1 1 1 1 1 1 1 1 1 1 1 1 1 1 1 1 1 1 1 1 1 1 1 1 1 1 1 1 1 1 1 1 1 1 1 1 1 1 1 1 1 1 1 1 1 1 100 1 1 1 1 1 1 1 1 100 1 1 1 1 1 1 1 1 1 1 1 1 1 1 100 1 100 1 100 1 100 1 100 1 100 1 100 1 100 1 1 1 1 1 1 1 1 1 1 1 1 1 1 1 1 1 1
ciMethod java/util/HashMap values ()Ljava/util/Collection; 4138 0 292717 0 384
ciMethod java/util/HashMap clear ()V 4104 8608 12509 0 -1
ciMethod java/util/HashMap entrySet ()Ljava/util/Set; 4134 0 161854 0 -1
ciMethod java/util/HashMap computeIfAbsent (Ljava/lang/Object;Ljava/util/function/Function;)Ljava/lang/Object; 1024 254 186107 0 -1
ciMethod java/util/HashMap newNode (ILjava/lang/Object;Ljava/lang/Object;Ljava/util/HashMap$Node;)Ljava/util/HashMap$Node; 1024 0 12554 0 -1
ciMethod java/util/HashMap afterNodeAccess (Ljava/util/HashMap$Node;)V 8366 0 5009 0 -1
ciMethod java/util/HashMap afterNodeInsertion (Z)V 1024 0 7318 0 -1
instanceKlass java/lang/invoke/DirectMethodHandle$Interface
instanceKlass java/lang/invoke/DirectMethodHandle$Special
instanceKlass java/lang/invoke/DirectMethodHandle$Constructor
instanceKlass java/lang/invoke/DirectMethodHandle$Accessor
ciInstanceKlass java/lang/invoke/DirectMethodHandle 1 1 940 7 1 7 1 100 1 7 1 7 1 10 7 12 1 1 1 10 7 12 1 1 1 100 1 10 12 1 10 12 1 1 10 7 12 1 1 10 12 1 1 10 12 1 10 12 1 7 1 10 12 1 1 10 12 1 1 10 12 1 10 12 1 1 10 7 12 1 1 1 10 12 1 9 12 1 1 100 1 10 9 12 1 1 9 12 1 10 12 1 10 12 1 10 12 1 1 10 12 1 10 12 1 10 12 1 10 7 12 1 1 1 10 12 1 10 12 1 1 8 1 10 12 1 1 7 1 10 12 1 7 1 10 10 12 1 10 12 1 10 12 1 10 7 12 1 1 1 10 12 1 1 100 1 10 12 1 10 12 1 7 1 10 12 1 10 12 1 1 10 12 1 1 10 12 1 8 10 100 12 1 1 1 10 12 1 10 12 1 10 12 1 1 10 12 1 9 7 12 1 1 1 7 1 10 12 1 10 7 12 1 1 1 10 12 1 10 12 1 1 9 12 1 1 100 1 10 8 1 10 12 1 1 10 12 1 10 12 1 10 10 12 1 10 12 1 10 12 1 10 12 1 10 12 1 1 10 12 1 10 12 1 1 10 12 1 10 12 1 1 10 10 7 12 1 1 1 10 12 1 10 12 1 1 10 12 1 10 12 1 1 8 1 9 7 12 1 1 1 8 1 9 12 1 9 12 1 8 1 9 12 1 9 12 1 8 1 9 12 1 9 12 1 8 1 10 12 1 10 12 1 1 9 12 1 1 7 1 10 12 1 1 100 1 10 7 12 1 1 1 10 12 1 1 10 12 1 10 12 1 1 7 1 10 12 1 1 10 12 1 10 12 1 1 7 1 10 12 1 1 10 7 12 1 1 1 10 12 1 10 12 1 10 12 1 9 12 1 1 10 7 1 9 12 9 12 1 10 7 12 1 1 1 10 12 1 7 1 7 1 7 1 9 12 1 1 10 7 12 1 10 12 1 1 10 12 1 100 1 10 12 1 10 12 1 1 9 100 12 1 1 1 10 12 1 1 100 1 10 100 12 1 1 1 10 12 1 10 12 1 8 1 9 12 1 9 12 1 10 12 1 9 12 1 1 10 100 12 1 1 1 9 12 1 1 9 12 1 1 10 12 1 10 12 1 10 12 1 10 12 1 10 12 1 1 10 12 1 10 7 12 1 1 9 12 1 10 12 1 10 12 1 10 12 1 10 12 1 1 10 12 1 1 9 12 1 1 10 12 1 1 9 7 12 1 1 1 9 12 1 9 12 1 9 12 1 9 12 1 9 12 1 9 12 1 9 12 1 9 12 1 9 12 1 9 12 1 9 12 1 9 12 1 9 12 1 9 12 1 9 12 1 9 12 1 9 12 1 9 12 1 9 12 1 9 12 1 9 12 1 9 12 1 9 12 1 9 12 1 9 12 1 9 12 1 9 12 1 9 12 1 9 12 1 9 12 1 9 12 1 9 12 1 9 12 1 9 12 1 9 12 1 9 12 1 8 1 9 12 1 1 9 12 1 1 10 12 1 10 12 1 1 9 7 1 10 12 1 9 12 1 1 10 12 10 12 1 10 12 1 10 12 1 10 8 1 8 1 8 1 8 1 10 12 1 1 9 12 1 1 10 12 1 10 100 12 1 1 1 8 9 12 1 1 10 12 1 1 8 1 8 8 9 12 1 8 1 8 8 8 8 8 1 8 10 12 1 10 12 1 8 1 8 1 10 12 1 10 12 1 10 12 1 10 12 1 1 7 1 1 1 1 3 1 3 1 3 1 3 1 3 1 3 1 3 1 3 1 3 1 3 1 1 1 1 1 1 1 1 1 1 3 1 3 1 1 1 1 3 1 1 1 1 1 1 1 1 1 1 1 1 1 1 1 1 1 1 1 1 1 1 1 1 1 1 1 1 1 1 1 1 1 1 1 1 1 1 1 1 1 1 1 1 1 1 1 1 1 1 1 1 1 1 1 1 100 1 1 1 1 1 1 1 1 1 1 1 1 100 1 1 1 1 1 1 1 1 1 1 1 1 1 1 1 1 1 1 1 1 1 1 1 1 1 1 1 1 1 1 1 1 1 1 1 1 1 1 1 1 1 1 1 1 1 1 1 1 1 1 1
staticfield java/lang/invoke/DirectMethodHandle IMPL_NAMES Ljava/lang/invoke/MemberName$Factory; java/lang/invoke/MemberName$Factory
staticfield java/lang/invoke/DirectMethodHandle FT_UNCHECKED_REF I 8
staticfield java/lang/invoke/DirectMethodHandle ACCESSOR_FORMS [Ljava/lang/invoke/LambdaForm; 132 [Ljava/lang/invoke/LambdaForm;
staticfield java/lang/invoke/DirectMethodHandle ALL_WRAPPERS [Lsun/invoke/util/Wrapper; 10 [Lsun/invoke/util/Wrapper;
staticfield java/lang/invoke/DirectMethodHandle NFS [Ljava/lang/invoke/LambdaForm$NamedFunction; 12 [Ljava/lang/invoke/LambdaForm$NamedFunction;
staticfield java/lang/invoke/DirectMethodHandle OBJ_OBJ_TYPE Ljava/lang/invoke/MethodType; java/lang/invoke/MethodType
staticfield java/lang/invoke/DirectMethodHandle LONG_OBJ_TYPE Ljava/lang/invoke/MethodType; java/lang/invoke/MethodType
staticfield java/lang/invoke/DirectMethodHandle $assertionsDisabled Z 1
ciInstanceKlass java/lang/invoke/LambdaForm 1 1 1052 100 1 9 7 12 1 1 1 10 7 12 1 1 1 10 7 12 1 1 9 12 1 1 9 12 1 1 10 12 1 1 100 1 10 9 12 1 10 12 1 1 9 12 1 10 7 12 1 1 1 9 12 1 9 12 1 9 12 1 1 9 12 1 10 12 1 1 7 1 10 12 1 10 100 12 1 1 1 10 100 12 1 1 1 10 12 1 10 12 1 1 9 100 12 1 1 1 10 12 1 1 9 12 1 10 12 1 1 10 12 1 10 12 1 1 10 12 1 1 10 100 12 1 1 1 7 1 10 10 12 1 1 8 1 10 12 1 10 12 1 10 12 1 1 7 1 10 7 12 1 1 1 10 12 1 1 10 12 1 10 12 1 1 9 12 1 1 9 12 1 9 12 1 1 10 12 1 9 12 1 10 100 12 1 1 1 10 12 1 1 10 12 1 9 12 1 1 10 100 12 1 1 1 10 12 1 10 12 1 10 12 1 10 12 1 10 12 1 10 12 1 1 10 12 1 10 12 1 1 8 1 10 12 1 10 12 1 8 1 8 1 9 12 1 9 12 1 9 12 1 1 10 12 1 1 10 12 1 9 12 1 10 12 1 1 10 7 12 1 1 1 10 12 1 1 10 12 1 10 12 1 10 12 1 1 9 12 1 10 12 1 8 1 8 1 8 1 8 1 8 1 8 1 8 1 8 1 10 12 1 9 12 1 7 1 10 12 1 1 9 12 1 10 12 1 10 12 1 1 10 12 10 12 1 10 12 1 1 10 12 1 1 10 10 12 1 1 10 12 1 1 7 1 8 1 10 12 1 1 10 12 1 10 12 1 1 10 8 1 10 12 1 1 8 1 8 1 8 1 10 12 1 9 12 1 1 10 12 1 1 10 12 1 1 100 1 10 12 1 1 10 12 1 10 7 12 1 1 1 10 12 1 1 9 12 1 1 8 1 10 100 12 1 1 1 10 7 12 1 1 10 12 10 10 12 1 1 9 12 1 8 10 12 1 1 100 1 10 12 1 1 10 12 1 9 7 12 1 1 9 12 1 1 8 1 10 100 12 1 1 10 12 1 1 100 1 100 1 10 10 12 1 1 10 12 1 1 8 1 8 1 100 1 8 1 10 12 10 12 1 10 12 1 10 12 1 1 8 1 8 1 9 100 12 1 1 1 10 12 1 10 12 1 1 8 1 8 1 8 1 100 1 8 1 100 1 8 1 100 1 8 1 10 12 1 8 1 9 10 7 12 1 1 1 10 12 1 9 12 1 1 10 12 1 10 10 12 1 10 12 1 10 12 1 10 12 1 1 10 12 1 10 12 1 1 10 12 1 1 10 12 1 1 8 1 100 10 12 1 10 12 1 9 12 1 1 10 7 12 1 1 8 1 8 1 100 1 8 1 8 1 8 1 8 1 8 1 8 1 8 1 8 1 10 12 1 1 10 12 1 1 10 12 1 10 12 1 8 1 8 1 8 1 10 12 1 8 1 10 12 1 8 1 8 1 8 1 8 1 8 1 10 12 1 10 12 1 10 12 1 1 10 7 12 1 1 1 10 12 1 10 12 1 10 12 1 10 12 1 10 12 1 10 12 1 10 12 1 9 12 1 1 8 1 10 12 1 1 9 12 1 1 10 12 1 1 9 12 1 9 12 1 1 9 12 1 9 12 1 1 7 1 10 7 12 1 1 1 9 12 1 10 12 1 10 12 1 8 1 10 12 1 9 12 1 1 7 1 10 7 12 1 1 1 8 1 100 1 10 12 1 9 12 1 9 12 1 10 12 1 10 12 1 10 7 12 1 1 1 10 12 1 9 7 12 1 1 10 12 1 1 10 12 1 10 12 1 9 12 10 12 1 10 10 12 1 9 9 12 1 7 9 12 1 1 10 12 1 1 9 12 1 10 12 1 10 7 1 9 1 1 1 1 3 1 3 1 3 1 1 1 1 1 1 1 1 1 1 1 1 1 1 1 1 1 1 1 1 1 1 1 1 1 1 1 1 1 1 1 1 1 1 1 1 1 1 1 1 1 1 1 1 1 1 1 1 1 1 1 1 1 1 1 1 100 1 1 1 1 1 1 1 1 1 1 1 1 1 1 1 1 1 1 1 1 1 1 1 1 1 1 1 1 1 1 1 1 1 1 1 1 1 1 1 1 1 1 1 1 1 1 1 1 1 1 1 1 1 1 1 1 1 1 1 100 1 1 1 1 1 1 1 1 1 1 1 1 1 1 1 1 1 1 1 1 1 1 1 1 1 1 1 1 1 1 1 1 1 1 100 1 1 1 1 1 1 1 1 1 1 1 1 1 1 1 1 1 1 1 1 1 1 100 1 1 1 100 1 1 100 1 1 1 1 1 1 1 1 1 1 1
staticfield java/lang/invoke/LambdaForm COMPILE_THRESHOLD I 0
staticfield java/lang/invoke/LambdaForm INTERNED_ARGUMENTS [[Ljava/lang/invoke/LambdaForm$Name; 5 [[Ljava/lang/invoke/LambdaForm$Name;
staticfield java/lang/invoke/LambdaForm IMPL_NAMES Ljava/lang/invoke/MemberName$Factory; java/lang/invoke/MemberName$Factory
staticfield java/lang/invoke/LambdaForm LF_identity [Ljava/lang/invoke/LambdaForm; 6 [Ljava/lang/invoke/LambdaForm;
staticfield java/lang/invoke/LambdaForm LF_zero [Ljava/lang/invoke/LambdaForm; 6 [Ljava/lang/invoke/LambdaForm;
staticfield java/lang/invoke/LambdaForm NF_identity [Ljava/lang/invoke/LambdaForm$NamedFunction; 6 [Ljava/lang/invoke/LambdaForm$NamedFunction;
staticfield java/lang/invoke/LambdaForm NF_zero [Ljava/lang/invoke/LambdaForm$NamedFunction; 6 [Ljava/lang/invoke/LambdaForm$NamedFunction;
staticfield java/lang/invoke/LambdaForm createFormsLock Ljava/lang/Object; java/lang/Object
staticfield java/lang/invoke/LambdaForm DEBUG_NAME_COUNTERS Ljava/util/HashMap; null
staticfield java/lang/invoke/LambdaForm DEBUG_NAMES Ljava/util/HashMap; null
staticfield java/lang/invoke/LambdaForm TRACE_INTERPRETER Z 0
staticfield java/lang/invoke/LambdaForm $assertionsDisabled Z 1
ciInstanceKlass java/lang/invoke/MethodHandleNatives 1 1 684 100 1 10 7 12 1 1 1 9 7 12 1 1 1 10 12 1 1 100 1 10 10 12 1 1 10 12 1 10 12 1 8 1 8 1 8 1 8 1 8 1 8 1 8 1 8 1 8 1 8 1 10 12 1 1 7 1 10 7 12 1 1 1 10 100 12 1 1 1 7 1 10 10 12 1 1 8 1 10 12 1 8 1 10 12 1 1 8 1 10 12 1 1 9 100 12 1 1 1 8 1 10 100 12 1 1 1 100 1 10 12 100 1 100 1 8 1 7 1 10 10 12 1 7 1 9 7 12 1 1 10 12 1 1 10 12 1 10 7 12 1 1 1 7 1 10 12 1 1 10 7 12 1 1 1 10 12 1 10 12 1 1 10 12 1 1 9 12 1 8 1 10 12 1 8 1 10 12 1 8 1 8 1 8 1 100 1 10 12 1 8 1 10 12 1 1 10 12 1 10 100 12 1 1 1 100 1 8 1 10 100 12 1 1 1 7 1 8 1 10 12 1 8 1 8 1 8 1 8 1 8 1 10 12 1 1 10 12 1 1 10 12 1 10 12 1 1 10 12 1 1 7 1 10 12 1 100 1 100 1 10 12 1 10 12 1 8 1 8 1 10 10 12 1 1 10 12 1 1 8 1 10 100 12 1 1 1 8 1 8 1 10 12 1 1 10 7 12 1 1 1 100 1 10 12 1 1 7 1 9 12 1 1 10 7 12 1 1 1 10 10 12 1 9 12 1 10 12 1 1 9 12 1 9 12 1 10 12 1 1 10 12 1 10 12 1 1 7 1 7 1 10 12 1 1 10 12 1 10 12 1 1 10 7 12 1 1 1 10 12 1 8 1 10 12 1 10 12 1 10 12 1 1 10 12 1 10 7 12 1 1 1 10 12 1 1 100 1 8 1 10 9 7 12 1 1 1 10 12 1 1 10 12 1 1 100 1 10 12 1 1 10 12 1 1 100 1 100 1 10 10 100 1 100 1 10 100 1 10 10 12 1 1 10 100 1 10 12 1 10 12 1 10 12 1 1 10 12 1 1 10 12 1 1 10 12 1 10 12 1 1 10 8 1 100 1 10 12 1 10 12 1 10 12 1 10 12 1 10 12 1 1 10 12 1 9 12 1 1 10 7 12 1 1 1 9 12 1 1 11 7 12 1 1 1 10 12 1 10 12 1 10 10 12 1 10 7 12 1 1 1 1 1 1 1 1 1 1 1 1 1 1 1 100 1 1 1 1 1 1 1 1 1 1 1 1 1 1 1 1 1 1 1 1 1 1 1 1 1 1 1 1 1 1 1 1 1 1 1 1 1 1 1 1 1 1 1 1 1 1 1 1 1 1 1 1 1 1 1 1 1 1 1 1 1 1 1 1 1 1 1 1 1 1 1 1 1 1 1 1 1 1 1 1 1 1 1 1 1 1 1 1 1 1 1 1 1 1 1 1 1 1 100 1 1 1 1 1 1 1 1 1 1 1 1 1 1 1 1 1 1 1 1 1 1 1 1 1 1 1 1 100 1 1 1 1 1 1 1 100 1 1 1
staticfield java/lang/invoke/MethodHandleNatives JLA Ljdk/internal/access/JavaLangAccess; java/lang/System$2
staticfield java/lang/invoke/MethodHandleNatives $assertionsDisabled Z 1
ciInstanceKlass java/util/Collections 1 1 851 10 7 12 1 1 1 11 100 12 1 1 1 7 1 11 12 1 1 7 1 10 12 1 1 10 12 1 11 12 1 1 100 1 11 12 1 1 11 12 1 1 10 12 1 11 100 12 1 1 11 12 1 1 11 12 1 10 12 1 10 12 1 10 12 11 100 12 1 1 1 10 12 1 1 11 12 1 11 12 1 1 9 12 1 1 100 1 10 10 12 1 1 10 12 1 1 11 12 1 1 10 12 1 11 12 1 100 1 8 1 10 12 1 11 7 12 1 1 1 11 100 1 11 12 1 1 10 12 1 1 10 12 1 10 12 1 1 10 12 1 11 12 1 1 10 12 1 1 10 12 1 1 10 12 1 1 10 12 1 1 7 1 10 12 1 7 1 10 12 1 100 1 10 12 1 100 1 10 12 1 7 1 7 1 10 12 10 7 1 10 12 1 100 1 10 12 1 100 1 10 12 1 100 1 10 10 12 1 7 1 10 10 12 1 100 1 10 100 1 10 7 1 10 100 1 10 10 12 1 10 7 1 10 100 1 10 100 1 10 100 1 10 12 1 10 100 12 1 1 1 100 1 100 1 10 12 1 100 1 10 12 1 100 1 10 12 1 100 1 10 12 1 100 1 10 12 1 100 1 10 100 1 10 12 1 100 1 10 12 1 100 1 10 12 1 9 7 12 1 1 1 9 100 12 1 1 9 7 12 1 1 1 9 12 1 1 9 12 1 1 9 12 1 1 9 12 1 1 9 12 1 1 7 1 10 12 7 1 10 7 1 10 7 1 10 100 1 10 12 1 100 1 100 1 10 8 1 10 12 1 1 10 12 1 10 12 1 1 10 7 1 10 12 1 9 100 12 1 1 1 9 100 12 1 1 1 100 1 9 12 1 1 10 12 7 1 10 100 1 10 11 100 12 1 1 11 12 1 10 12 1 100 1 11 11 12 1 11 7 1 10 100 1 10 100 12 1 1 1 100 1 10 12 1 7 1 10 7 1 10 7 1 10 1 1 1 3 1 3 1 3 1 3 1 3 1 3 1 3 1 3 1 1 1 1 1 1 1 1 1 1 1 1 1 1 1 1 1 1 1 1 1 1 1 1 1 1 1 1 1 1 1 1 1 1 1 1 1 1 1 1 1 1 1 1 1 1 1 1 1 1 1 1 1 1 1 1 1 1 1 1 1 1 1 1 1 1 1 1 1 1 1 1 1 1 1 1 1 1 1 1 1 1 1 1 1 1 1 1 1 1 1 1 1 1 1 1 1 1 1 1 1 1 1 1 1 1 1 1 1 1 1 1 1 1 1 1 1 1 1 1 1 1 1 1 1 1 1 1 1 1 1 1 1 1 1 1 1 1 1 1 1 1 1 1 1 1 1 1 1 1 1 1 1 1 1 1 1 1 1 1 1 1 1 1 1 1 1 1 1 1 1 1 1 1 1 1 1 1 1 1 1 1 1 1 1 1 1 1 1 1 1 1 1 1 1 1 1 1 1 1 1 1 1 1 1 1 1 1 1 1 1 1 1 1 1 1 1 1 1 1 1 1 1 1 1 1 1 1 1 1 1 1 1 1 1 1 1 1 1 1 1 1 1 1 1 1 1 1 1 1 1 1 1 1 1 1 1 1 1 1 1 1 1 1 1 1 1 1 1 1 1 1 1 1 1 1 1 1 1 1 1 1 1 1 1 1 1 1 1 1 1 1 1 1 1 1 1 1 1 1 1 1 1 1 1 1 1 1 1 1 100 1 100 1 100 1 100 1 100 1 100 1 100 1 100 1 100 1 100 1 100 1 100 1 100 1 1 1 1 1 1 1 1 1 1 1 1 1 1 1 1 1 1 1 1 1 1 1 1 1 1 1 1 1 1 1 1 1 1 1 1 1 1 1 100 1 1 1 1 1 1 1 1 1 1 1 1 1 1
staticfield java/util/Collections EMPTY_SET Ljava/util/Set; java/util/Collections$EmptySet
staticfield java/util/Collections EMPTY_LIST Ljava/util/List; java/util/Collections$EmptyList
staticfield java/util/Collections EMPTY_MAP Ljava/util/Map; java/util/Collections$EmptyMap
ciInstanceKlass jdk/internal/reflect/CallerSensitive 0 0 17 100 1 100 1 100 1 1 1 1 1 1 1 1 1 1 1
ciInstanceKlass jdk/internal/reflect/ConstantPool 1 1 142 10 100 12 1 1 1 9 7 12 1 1 1 10 12 1 1 10 12 1 1 10 12 1 10 12 1 1 10 12 1 1 10 12 1 10 12 1 1 10 12 1 10 12 1 1 10 12 1 10 12 1 10 12 1 10 12 1 1 10 12 1 1 10 12 1 1 10 12 1 1 10 12 1 10 12 1 1 10 100 12 1 1 1 8 11 7 12 1 1 1 10 7 12 1 1 1 1 1 1 1 1 1 1 1 1 1 1 1 1 1 1 1 1 1 1 1 1 1 1 1 1 1 1 1 1 1 1 1 1 1 1 1 1 1 1 1 1 1 1 1 1
ciInstanceKlass jdk/internal/reflect/UnsafeStaticFieldAccessorImpl 0 0 47 10 100 12 1 1 1 9 100 12 1 1 1 10 100 12 1 1 1 9 12 1 1 8 11 100 12 1 1 1 10 100 12 1 1 1 1 1 1 1 1 1 1 1 1 1 1
instanceKlass jdk/internal/reflect/UnsafeFieldAccessorImpl
ciInstanceKlass jdk/internal/reflect/FieldAccessorImpl 1 1 59 10 100 12 1 1 1 100 1 100 1 1 1 1 1 1 1 1 1 100 1 1 1 1 1 1 1 1 1 1 1 1 1 1 1 1 1 1 1 100 1 1 1 1 1 1 1 1 1 1 1 1 1 1 1 1 1 1 1
instanceKlass jdk/internal/reflect/UnsafeStaticFieldAccessorImpl
ciInstanceKlass jdk/internal/reflect/UnsafeFieldAccessorImpl 1 1 254 10 100 12 1 1 1 9 7 12 1 1 1 10 100 12 1 1 1 10 100 12 1 1 1 9 12 1 1 10 7 12 1 1 1 9 12 1 1 10 12 1 10 12 1 9 12 1 10 12 1 1 10 100 12 1 1 10 100 12 1 1 1 10 12 1 1 100 1 10 10 12 1 1 10 12 1 1 8 1 10 10 12 1 100 1 8 1 10 12 1 8 1 10 12 1 8 1 10 12 1 100 1 10 12 1 1 10 8 1 10 12 1 1 8 1 10 100 12 1 1 8 1 10 100 12 1 1 8 1 10 100 12 1 1 8 1 10 100 12 1 1 8 1 10 100 12 1 1 8 1 10 100 12 1 1 8 1 10 100 12 1 1 8 1 10 100 12 1 1 10 12 1 1 8 1 8 1 8 1 8 1 8 1 8 1 10 100 12 1 1 1 8 1 8 1 8 1 10 12 10 12 1 1 1 1 1 1 1 1 1 1 1 1 1 1 1 1 1 1 1 1 1 1 1 1 1 1 1 1 1 1 1 1 1 1 1 1 1 1 1 1 1 1 1 1 1 1 1 1 1 1 1 1
staticfield jdk/internal/reflect/UnsafeFieldAccessorImpl unsafe Ljdk/internal/misc/Unsafe; jdk/internal/misc/Unsafe
ciInstanceKlass jdk/internal/reflect/NativeConstructorAccessorImpl 1 1 126 10 7 12 1 1 1 9 7 12 1 1 1 9 12 1 1 10 7 12 1 1 1 10 7 12 1 1 1 10 7 12 1 1 1 9 12 1 9 12 1 1 9 12 1 1 10 7 12 1 1 1 7 1 10 10 12 1 1 10 12 1 10 12 1 10 12 1 1 9 12 1 1 10 7 12 1 1 1 100 1 10 12 1 1 10 12 1 1 8 10 12 1 1 1 1 1 1 1 1 1 1 1 1 1 1 1 1 1 1 1 1 1 1 100 1 100 1 100 1 1 1 1 1 1 1
staticfield jdk/internal/reflect/NativeConstructorAccessorImpl U Ljdk/internal/misc/Unsafe; jdk/internal/misc/Unsafe
staticfield jdk/internal/reflect/NativeConstructorAccessorImpl GENERATED_OFFSET J 16
ciInstanceKlass java/lang/invoke/ConstantCallSite 1 1 65 10 7 12 1 1 1 9 7 12 1 1 1 9 12 1 1 10 7 12 1 1 1 10 12 1 100 1 10 12 9 12 1 1 100 1 10 10 12 1 1 10 12 1 1 1 1 1 1 1 1 1 1 1 1 1 100 1 1 1 1 1 1 1 1
staticfield java/lang/invoke/ConstantCallSite UNSAFE Ljdk/internal/misc/Unsafe; jdk/internal/misc/Unsafe
ciInstanceKlass java/lang/invoke/MutableCallSite 0 0 63 10 100 12 1 1 1 10 12 1 9 100 12 1 1 1 10 12 1 10 12 1 1 9 12 1 1 10 100 12 1 1 1 10 100 12 1 1 1 10 12 1 1 1 1 1 1 1 1 1 1 1 1 1 1 1 1 1 1 100 1 1 1
instanceKlass java/lang/invoke/VarHandleReferences$Array
instanceKlass java/lang/invoke/VarHandleReferences$FieldInstanceReadOnly
instanceKlass java/lang/invoke/VarHandleInts$FieldStaticReadOnly
instanceKlass java/lang/invoke/VarHandleLongs$FieldInstanceReadOnly
instanceKlass java/lang/invoke/VarHandleInts$FieldInstanceReadOnly
instanceKlass java/lang/invoke/VarHandleByteArrayAsLongs$ByteArrayViewVarHandle
instanceKlass java/lang/invoke/VarHandleByteArrayAsInts$ByteArrayViewVarHandle
instanceKlass java/lang/invoke/VarHandleReferences$FieldStaticReadOnly
ciInstanceKlass java/lang/invoke/VarHandle 1 1 390 10 7 12 1 1 1 10 7 12 1 1 9 12 1 1 9 12 1 1 100 1 10 8 1 10 12 1 1 10 7 12 1 1 1 10 12 1 1 10 100 12 1 1 1 9 100 12 1 1 1 10 12 1 1 10 100 12 1 1 1 10 12 1 1 9 12 1 10 12 1 9 12 1 1 10 7 12 1 1 10 12 1 9 7 12 1 1 1 9 12 1 1 10 12 1 1 100 1 100 1 10 8 1 10 12 1 1 10 12 1 8 1 10 12 1 10 12 1 10 12 1 1 9 7 12 1 1 1 10 12 1 10 12 1 1 10 12 1 10 10 100 12 1 1 1 10 12 1 1 10 12 1 1 10 100 12 1 1 1 10 100 12 1 1 1 10 100 12 1 1 1 9 12 1 1 10 9 12 1 1 10 12 1 10 12 1 10 12 1 1 10 12 1 10 100 12 1 1 1 9 12 1 1 10 12 1 1 9 12 1 10 12 1 10 12 1 10 100 12 1 1 100 1 10 9 7 12 1 1 1 9 12 1 1 10 7 12 1 1 1 10 12 1 10 12 1 10 12 1 10 12 1 10 12 1 10 12 1 1 7 1 10 10 7 12 1 1 1 9 12 1 1 8 10 12 1 1 7 1 10 12 1 1 100 1 1 1 1 1 1 1 1 1 1 1 1 1 1 1 1 1 1 1 1 1 1 1 1 1 1 1 1 1 1 1 1 1 1 1 1 1 1 1 1 1 1 1 1 1 1 1 1 1 1 1 1 1 1 1 1 1 1 1 1 1 1 1 1 1 1 1 1 1 1 1 1 1 1 1 1 1 1 1 1 1 1 1 1 1 1 1 1 1 100 1 100 1 100 1 1 1 1 1 1 1 100 1 1 1
staticfield java/lang/invoke/VarHandle AIOOBE_SUPPLIER Ljava/util/function/BiFunction; jdk/internal/util/Preconditions$1
staticfield java/lang/invoke/VarHandle VFORM_OFFSET J 16
staticfield java/lang/invoke/VarHandle $assertionsDisabled Z 1
ciInstanceKlass java/lang/invoke/MemberName 1 1 757 7 1 7 1 100 1 9 12 1 1 10 7 12 1 1 1 9 12 1 1 10 12 1 1 10 12 1 1 10 12 1 1 10 12 1 10 12 1 1 10 7 12 1 1 1 10 12 1 9 100 12 1 1 10 12 1 100 1 100 1 10 12 1 8 1 10 12 1 1 10 12 1 10 12 1 1 10 12 1 9 12 1 1 8 1 10 100 12 1 1 1 7 1 10 10 12 1 1 100 1 100 1 10 12 1 1 9 12 1 1 100 1 8 1 10 12 1 10 12 1 10 12 1 10 12 1 10 12 1 1 10 12 1 10 12 1 10 12 1 1 10 12 1 1 10 12 1 8 1 8 1 8 1 10 100 12 1 1 1 10 12 1 9 12 1 1 3 10 12 1 10 12 1 10 12 1 10 10 7 12 1 1 1 10 12 1 10 12 1 10 12 1 10 12 1 7 1 8 10 12 1 1 10 12 1 1 8 1 9 100 1 8 9 100 1 10 12 1 1 10 12 1 10 12 1 8 1 10 12 1 1 10 12 1 10 12 1 10 12 1 10 12 1 1 100 1 10 12 1 1 10 12 1 8 1 10 12 1 10 12 1 8 1 10 12 1 1 10 12 1 1 100 1 10 12 1 1 10 12 8 1 8 1 100 1 10 12 1 10 100 12 1 1 1 100 1 10 12 10 12 1 10 12 1 10 12 1 10 12 1 10 10 12 1 10 12 1 10 12 1 3 10 12 1 3 10 12 1 3 3 3 3 3 3 3 100 1 10 12 1 10 7 12 1 1 1 10 12 1 3 9 12 1 10 12 1 1 3 10 12 1 10 10 7 12 1 1 1 10 12 1 1 10 100 1 10 10 12 1 10 12 1 10 12 1 10 10 12 1 1 10 12 1 10 12 1 10 12 1 100 1 10 10 10 12 100 1 10 10 10 12 1 1 10 12 1 1 10 10 12 1 8 10 100 1 10 12 1 10 100 1 10 12 1 10 12 1 10 12 1 10 10 12 1 10 12 1 1 10 12 1 1 10 12 1 10 12 1 10 12 1 100 1 10 12 1 1 100 1 8 1 10 7 1 10 12 1 10 12 10 12 1 1 10 12 1 10 12 1 8 1 8 1 8 1 8 1 10 12 1 10 12 1 10 12 1 1 8 1 8 1 10 12 1 8 1 10 10 12 1 10 12 1 8 1 8 1 10 10 12 1 8 1 10 100 12 1 1 1 8 1 10 12 1 10 12 1 1 10 12 1 8 1 8 1 8 1 8 1 100 1 10 8 1 8 1 8 1 8 1 10 12 1 100 1 100 1 100 1 10 100 1 10 100 1 10 100 12 1 1 1 9 7 12 1 1 1 100 1 100 1 1 1 1 1 1 1 3 1 3 1 3 1 3 1 3 1 3 1 1 1 1 1 1 1 1 3 1 3 1 1 1 1 3 1 1 1 1 1 1 1 1 1 1 1 1 1 1 1 1 1 1 1 1 1 1 1 1 1 1 1 1 1 1 1 1 1 1 1 1 1 1 1 1 1 1 1 1 1 1 1 1 1 1 1 1 1 1 1 1 1 1 1 1 1 1 1 1 1 1 1 1 1 1 1 1 1 1 1 1 1 1 1 1 1 1 1 1 1 1 1 1 1 1 1 1 1 1 1 1 1 1 1 1 1 1 1 1 1 1 100 1 1 1 1 1 1 1 1 1 1 1 1 1 1 1
staticfield java/lang/invoke/MemberName $assertionsDisabled Z 1
ciInstanceKlass java/lang/invoke/ResolvedMethodName 1 1 16 10 100 12 1 1 1 100 1 1 1 1 1 1 1 1
ciInstanceKlass java/lang/StackWalker 0 0 235 9 100 12 1 1 1 10 100 12 1 1 1 100 1 10 100 12 1 1 1 10 12 1 1 11 100 12 1 1 1 10 12 1 1 10 12 1 1 10 12 1 1 100 1 8 1 10 12 1 10 12 1 10 12 1 10 100 12 1 1 9 12 1 1 9 12 1 1 9 12 1 1 9 12 1 1 10 12 1 1 9 12 1 1 10 100 12 1 1 1 11 12 1 1 100 1 8 1 10 10 100 12 1 1 9 12 1 1 10 12 1 1 10 100 12 1 1 1 10 100 12 1 1 1 18 12 1 1 100 1 8 1 10 10 12 1 1 10 100 12 1 1 1 9 100 12 1 1 11 100 12 1 1 1 10 12 1 1 1 1 1 1 1 1 1 1 1 1 1 1 1 1 1 1 1 1 1 1 1 1 1 1 1 1 1 1 1 1 1 1 1 1 1 1 1 1 1 1 1 1 1 1 1 1 1 1 1 100 1 1 15 10 100 12 1 1 1 16 15 10 12 16 1 1 1 1 1 1 1 100 1 100 1 1
ciInstanceKlass java/lang/StackStreamFactory$AbstractStackWalker 1 0 306 100 1 100 1 3 10 100 12 1 1 1 10 100 12 1 1 10 100 12 1 1 1 9 12 1 1 10 12 1 1 9 12 1 1 9 12 1 1 9 12 1 1 9 12 1 9 100 12 1 1 1 10 100 12 1 1 1 10 12 1 1 9 12 1 1 10 100 12 1 1 1 10 12 1 1 9 12 1 1 9 100 12 1 1 1 100 1 10 8 1 10 12 1 1 10 12 1 8 1 10 12 1 1 10 100 12 1 1 1 100 1 8 1 10 12 1 8 1 10 12 9 100 12 1 1 1 10 100 12 1 1 9 12 1 8 1 5 0 8 1 8 1 9 12 1 1 10 12 1 1 10 12 1 1 10 12 1 9 12 1 10 12 1 10 12 1 10 12 1 10 12 1 1 10 12 1 10 12 1 1 8 1 10 12 1 10 12 1 10 12 1 10 12 1 1 8 1 10 12 1 1 10 12 1 1 10 12 1 1 10 12 1 10 12 1 10 100 12 1 1 1 9 12 1 8 1 10 12 1 10 12 1 10 12 1 10 12 1 10 12 1 10 12 1 10 12 1 1 10 12 1 1 10 12 1 1 10 12 1 8 1 1 1 1 1 1 1 1 1 1 1 1 1 1 1 1 1 1 100 1 1 1 1 100 1 1 1 1 1 1 1 1 1 1 1 1 1 1 1 1 1 1 1 1 1
ciInstanceKlass jdk/internal/module/Modules 1 1 504 10 100 12 1 1 1 9 7 12 1 1 1 11 7 12 1 1 1 11 12 1 1 11 12 1 1 11 12 1 1 11 12 1 11 12 1 11 12 1 11 12 1 11 12 1 1 10 100 12 1 1 1 10 100 12 1 1 1 18 12 1 1 10 100 12 1 1 1 100 1 10 100 12 1 1 1 10 100 12 1 1 1 10 100 12 1 1 10 12 1 1 11 12 1 9 12 1 1 11 100 12 1 1 1 10 12 1 1 10 10 12 1 10 9 12 1 1 10 100 12 1 1 10 12 1 1 10 100 12 1 1 100 1 11 100 12 1 1 1 10 100 12 1 1 1 11 100 12 1 1 10 12 1 1 10 100 12 1 1 10 100 12 1 1 1 10 12 1 1 10 12 1 1 11 12 1 1 18 12 1 1 11 100 12 1 1 10 100 12 1 1 1 11 100 12 1 1 1 100 1 11 12 1 1 11 100 12 1 1 1 11 12 1 1 10 12 1 1 10 100 12 1 1 18 12 1 1 11 12 1 1 18 12 1 1 11 12 1 1 10 12 1 18 18 10 12 1 1 9 12 1 1 11 100 12 1 1 1 100 1 10 11 12 1 11 12 1 1 11 12 1 1 10 100 1 10 12 1 1 10 100 12 1 1 10 12 1 1 11 12 10 12 1 1 100 1 10 18 12 1 10 12 1 1 100 1 8 1 10 12 1 10 100 12 1 1 18 12 1 11 11 12 10 12 1 10 10 100 1 18 12 1 10 10 10 7 12 1 1 10 7 12 1 1 1 10 12 1 1 1 1 1 1 1 1 1 1 1 1 1 1 1 1 1 1 1 1 1 1 1 1 1 1 1 1 1 1 1 1 1 100 1 1 1 1 1 1 1 1 1 1 1 1 1 1 1 1 1 1 1 1 1 1 1 1 1 1 1 1 1 1 1 1 1 1 1 100 1 1 1 1 1 1 1 1 1 1 1 1 1 1 1 1 1 1 1 1 1 1 1 15 10 100 12 1 1 1 16 15 10 12 1 16 16 15 10 12 1 16 1 16 1 15 10 12 1 16 1 16 1 15 10 12 16 1 15 10 16 1 15 10 12 16 1 15 10 12 16 15 10 12 16 15 10 12 1 1 1 100 1 100 1 1
staticfield jdk/internal/module/Modules JLA Ljdk/internal/access/JavaLangAccess; java/lang/System$2
staticfield jdk/internal/module/Modules JLMA Ljdk/internal/access/JavaLangModuleAccess; java/lang/module/ModuleDescriptor$1
staticfield jdk/internal/module/Modules $assertionsDisabled Z 1
ciInstanceKlass java/lang/invoke/Invokers$Holder 1 1 99 1 100 1 100 1 1 1 1 1 1 1 7 1 7 1 7 1 1 12 10 1 1 12 10 1 1 12 10 1 1 100 1 1 12 9 1 1 1 12 10 1 1 1 12 10 1 1 12 10 1 1 1 12 10 1 1 100 1 1 12 10 1 1 12 10 1 1 12 10 1 12 10 1 1 12 10 1 1 12 10 1 12 10 1 12 10 12 10 1 1 12 10 1 12 10 1 1 1
ciMethod java/lang/invoke/Invokers$Holder linkToTargetMethod (Ljava/lang/Object;)Ljava/lang/Object; 1024 0 10745232 0 -1
ciInstanceKlass java/util/LinkedList$Node 1 1 39 10 7 12 1 1 1 9 7 12 1 1 1 9 12 1 1 9 12 1 1 1 1 1 1 1 1 1 1 1 1 1 1 1 1 100 1 1 1
ciInstanceKlass java/util/LinkedList 1 1 330 10 7 12 1 1 1 9 7 12 1 1 1 10 10 12 1 1 9 12 1 1 7 1 10 12 1 9 12 1 9 12 1 9 12 1 9 12 1 9 12 1 1 100 1 10 10 12 1 1 10 12 1 10 12 1 1 10 12 1 10 12 1 1 10 12 1 10 7 12 1 1 1 10 12 1 10 12 1 1 11 7 12 1 1 1 10 12 1 1 10 12 1 10 12 1 1 100 1 10 8 1 10 12 1 1 10 12 1 8 1 10 12 1 1 10 12 1 1 100 1 10 12 1 1 10 12 1 10 12 1 10 12 1 1 10 12 1 10 12 1 10 12 1 10 12 1 10 12 1 7 1 10 12 1 100 1 10 12 1 10 12 1 100 1 100 1 10 12 1 10 12 1 1 10 12 1 1 10 100 12 1 1 10 100 12 1 1 1 100 1 10 100 12 1 1 10 12 1 10 12 1 10 100 12 1 1 10 12 1 1 10 12 1 100 1 10 12 1 100 1 100 1 100 1 100 1 1 1 1 1 1 5 0 1 1 1 1 1 1 1 1 1 1 1 1 1 1 1 1 1 1 1 1 1 1 1 1 1 1 1 1 1 1 1 1 1 1 1 1 1 1 1 1 1 1 1 1 1 1 1 1 1 1 1 1 1 1 1 1 1 1 1 1 1 1 1 1 1 1 1 1 1 1 1 1 1 1 1 1 1 1 100 1 1 1 100 1 1 1 1 1 1 1 1 1 1 1 1 1
instanceKlass java/util/LinkedList
ciInstanceKlass java/util/AbstractSequentialList 1 1 110 10 7 12 1 1 1 10 7 12 1 1 1 11 100 12 1 1 1 100 1 100 1 100 1 10 8 1 10 12 1 1 10 12 1 10 12 1 1 10 12 1 11 12 1 1 11 12 1 11 12 1 11 100 12 1 1 1 11 100 12 1 1 1 11 10 12 1 1 1 1 1 1 1 1 1 1 1 1 1 1 1 1 1 1 1 1 1 1 1 1 1 1 1 1 1 1 1 1 1 1 1 1 1 1 1 1 1 1 1
ciMethod java/util/LinkedList add (Ljava/lang/Object;)Z 928 0 1759903 0 832
ciMethod java/util/LinkedList remove (Ljava/lang/Object;)Z 4196 2620 188507 0 -1
ciMethod java/util/LinkedList size ()I 406 0 203 0 0
ciMethod java/util/LinkedList toArray ()[Ljava/lang/Object; 768 478 41526 0 0
ciMethod java/util/AbstractSequentialList iterator ()Ljava/util/Iterator; 1024 0 2334532 0 448
ciMethod java/util/LinkedList get (I)Ljava/lang/Object; 1024 0 3159976 0 352
ciMethod java/util/LinkedList listIterator (I)Ljava/util/ListIterator; 578 0 3670517 0 608
ciMethod java/util/LinkedList node (I)Ljava/util/LinkedList$Node; 514 0 112848 0 256
ciMethod java/util/LinkedList addFirst (Ljava/lang/Object;)V 34 0 64 0 0
ciMethod java/util/LinkedList addLast (Ljava/lang/Object;)V 310 0 26526 0 -1
ciMethod java/util/LinkedList removeLast ()Ljava/lang/Object; 12 0 134 0 0
ciMethod java/util/LinkedList linkLast (Ljava/lang/Object;)V 540 0 28346 0 -1
ciMethod java/util/LinkedList$Node <init> (Ljava/util/LinkedList$Node;Ljava/lang/Object;Ljava/util/LinkedList$Node;)V 572 0 230490 0 -1
ciInstanceKlass java/util/Collections$UnmodifiableCollection$1 1 1 70 9 7 12 1 1 1 10 7 12 1 1 1 9 7 12 1 1 1 11 7 12 1 1 1 9 12 1 1 11 7 12 1 1 1 11 12 1 1 100 1 10 11 12 1 1 1 1 1 1 1 1 1 1 1 1 1 1 1 1 1 1 1 1 1 1 100 1 1 1
ciInstanceKlass java/util/HashMap$EntrySet 1 1 133 9 7 12 1 1 1 10 7 12 1 1 1 9 7 12 1 1 1 10 12 1 7 1 10 12 1 100 1 11 12 1 1 10 12 1 1 10 100 12 1 1 1 11 12 1 10 12 1 1 10 12 1 1 7 1 10 12 1 100 1 10 9 12 1 1 9 12 1 11 100 12 1 1 1 9 12 1 1 100 1 10 1 1 1 1 1 1 1 1 1 1 1 1 1 1 1 1 1 1 1 1 1 1 100 1 1 1 1 1 1 1 1 1 1 1 1 1 1 100 1 1 1 1 1 1 1 1 100 1 1 1 1
ciInstanceKlass jdk/internal/logger/BootstrapLogger$RedirectedLoggers 1 1 150 10 7 12 1 1 1 7 1 10 9 7 12 1 1 1 9 12 1 1 100 1 8 1 10 12 1 10 7 12 1 1 1 10 7 12 1 1 1 11 7 12 1 1 1 11 12 1 1 10 12 1 11 12 1 9 7 12 1 1 1 9 7 12 1 1 9 12 1 11 12 1 1 11 7 12 1 1 1 11 7 12 1 1 11 12 1 1 7 1 11 12 1 11 12 1 7 1 10 12 1 1 10 12 1 1 10 9 12 1 1 100 1 1 1 1 1 1 1 1 1 1 1 1 1 1 1 1 1 1 1 1 1 1 1 1 1 1 1 1 100 1 1 1 100 1 1 1 1 1
staticfield jdk/internal/logger/BootstrapLogger$RedirectedLoggers INSTANCE Ljdk/internal/logger/BootstrapLogger$RedirectedLoggers; jdk/internal/logger/BootstrapLogger$RedirectedLoggers
instanceKlass java/util/LinkedHashMap$Entry
ciInstanceKlass java/util/HashMap$Node 1 1 95 10 7 12 1 1 1 9 7 12 1 1 1 9 12 1 1 9 12 1 9 12 1 1 100 1 10 10 12 1 1 8 1 10 12 1 10 12 1 1 10 100 12 1 1 1 100 1 11 12 1 1 10 12 1 1 11 12 1 1 1 1 1 1 1 1 1 1 1 1 1 1 1 1 1 1 1 1 1 1 1 1 1 1 1 1 1 1 100 1 1 1 100 1 1
ciInstanceKlass java/util/HashMap$TreeNode 1 1 250 7 1 10 7 12 1 1 1 9 7 12 1 1 1 9 12 1 1 9 12 1 9 12 1 1 9 12 1 1 10 12 1 1 100 1 10 12 1 9 12 1 9 12 1 9 12 1 1 10 7 12 1 1 1 10 12 1 1 10 12 1 1 10 12 1 1 10 12 1 1 10 12 1 1 10 7 12 1 1 1 10 7 12 1 1 1 10 7 12 1 1 1 9 12 1 10 12 1 1 10 12 1 1 10 12 1 1 10 12 1 1 9 7 1 10 12 1 1 10 12 1 1 10 12 1 10 12 1 1 10 12 1 10 12 1 10 12 1 1 1 1 1 1 1 1 1 1 1 1 1 1 1 1 1 1 1 1 1 1 1 1 1 1 100 1 1 1 1 1 1 1 1 1 1 1 1 1 1 1 1 1 1 1 1 1 1 1 1 1 1 1 1 1 1 1 1 1 1 1 1 1 1 1 1 1 1 1 1 1 1 1 1 1 1 1 1 1 1 1 1 1 1 1 1 1 1 1 1 1 1 1 1 1 1 1 1 1 1 1 1 1 1 1 1 100 1 1 1 1
staticfield java/util/HashMap$TreeNode $assertionsDisabled Z 1
ciInstanceKlass java/util/IdentityHashMap 1 1 397 9 7 12 1 1 1 10 7 12 1 1 1 10 12 1 1 100 1 100 1 10 8 1 10 12 1 1 10 12 1 10 12 1 1 10 12 1 10 12 1 1 3 3 10 7 12 1 1 7 1 9 12 1 1 11 7 12 1 1 1 6 0 10 12 10 12 1 1 9 12 1 10 7 12 1 1 1 10 12 1 1 10 12 1 1 10 12 1 1 10 12 1 1 9 12 1 3 3 100 1 8 1 10 11 12 1 1 11 7 12 1 1 1 11 7 12 1 1 1 11 12 1 1 7 1 11 12 1 11 12 1 10 12 1 1 10 12 1 10 10 12 1 1 10 11 12 1 1 10 12 1 10 12 1 9 12 1 10 100 100 1 100 1 10 12 1 9 12 1 7 1 10 12 1 9 12 1 1 7 1 10 100 1 10 10 100 12 1 1 10 12 1 10 12 1 1 10 100 12 1 1 1 10 12 1 100 1 8 1 10 10 100 12 1 1 1 11 100 12 1 1 1 10 12 1 10 12 1 1 10 10 7 12 1 1 11 100 12 1 1 100 1 10 11 100 12 1 1 10 100 1 100 1 1 1 3 1 3 1 1 1 1 1 5 0 1 1 1 1 1 1 1 1 1 1 1 1 1 1 1 1 1 1 1 1 1 1 1 1 1 1 1 1 1 1 1 1 1 1 1 1 1 1 1 1 1 1 1 1 1 1 1 1 1 1 1 1 1 1 1 1 1 1 1 1 1 100 1 1 1 1 1 1 1 100 1 1 1 1 100 1 1 1 1 1 1 1 1 1 1 1 1 1 1 1 1 1 1 1 1 1 1 100 1 100 1 100 1 100 1 100 1 100 1 100 1 100 1 100 1 1 1 1 1 1 100 1 1 1 1 1 1 1 1 1 1
staticfield java/util/IdentityHashMap NULL_KEY Ljava/lang/Object; java/lang/Object
ciInstanceKlass java/util/HashMap$ValueIterator 1 1 46 9 7 12 1 1 1 10 7 12 1 1 1 10 12 1 1 9 7 12 1 1 1 100 1 1 1 1 1 1 1 1 1 1 1 1 1 1 1 1 100 1 1 1 1 1
ciInstanceKlass java/util/HashMap$Values 1 1 119 9 7 12 1 1 1 10 7 12 1 1 1 9 7 12 1 1 1 10 12 1 7 1 10 12 1 10 12 1 1 100 1 10 12 1 100 1 10 12 1 1 10 12 1 100 1 10 9 12 1 1 9 12 1 9 100 12 1 1 1 11 100 12 1 1 1 9 12 1 1 100 1 10 1 1 1 1 1 1 1 1 1 1 1 1 1 1 1 1 1 1 1 1 1 1 1 1 1 1 1 1 1 1 1 1 1 1 100 1 1 1 1 1 1 1 1 1 1
ciMethod java/util/HashMap$Values iterator ()Ljava/util/Iterator; 4098 0 288483 0 608
ciMethod java/util/HashMap$Values <init> (Ljava/util/HashMap;)V 1024 0 288540 0 0
ciMethod java/util/IdentityHashMap get (Ljava/lang/Object;)Ljava/lang/Object; 806 82 14227 0 384
ciMethod java/util/IdentityHashMap put (Ljava/lang/Object;Ljava/lang/Object;)Ljava/lang/Object; 1024 490 48228 0 1664
ciMethod java/util/IdentityHashMap values ()Ljava/util/Collection; 44654 0 48246 0 384
ciMethod java/util/IdentityHashMap containsKey (Ljava/lang/Object;)Z 1024 0 31798 0 352
ciMethod java/util/IdentityHashMap <init> ()V 12424 0 3744314 0 448
ciMethod java/util/IdentityHashMap hash (Ljava/lang/Object;I)I 518 0 194129 0 -1
ciMethod java/util/IdentityHashMap init (I)V 1580 0 3739739 0 0
ciMethod java/util/IdentityHashMap resize (I)Z 1802 99978 3666 0 -1
ciMethod java/util/IdentityHashMap maskNull (Ljava/lang/Object;)Ljava/lang/Object; 1024 0 116917 0 -1
ciMethod java/util/IdentityHashMap nextKeyIndex (II)I 628 0 55718 0 -1
ciInstanceKlass java/util/function/BiFunction 1 1 65 10 100 12 1 1 1 18 12 1 1 11 100 12 1 1 11 100 12 1 100 1 1 1 1 1 1 1 1 1 1 1 1 1 1 1 1 1 1 1 1 1 1 1 1 1 1 1 15 10 100 12 1 1 1 16 15 11 12 1 100 1 100 1 1
ciInstanceKlass java/lang/invoke/InvokerBytecodeGenerator$ClassData 1 1 49 10 7 12 1 1 1 9 7 12 1 1 1 9 12 1 9 12 1 1 100 1 10 10 12 1 1 8 1 10 12 1 10 12 1 1 1 1 1 1 1 1 1 1 1 100 1 1 1
instanceKlass java/util/ArrayList$ListItr
ciInstanceKlass java/util/ArrayList$Itr 1 1 103 9 7 12 1 1 1 10 7 12 1 1 1 9 12 1 1 9 7 12 1 1 9 12 1 9 12 1 9 12 1 10 12 1 100 1 10 9 12 1 1 100 1 10 100 1 10 10 12 1 1 100 1 10 100 12 1 1 1 10 12 1 1 11 100 12 1 1 1 100 1 1 1 1 1 1 1 1 1 1 1 1 1 1 1 100 1 1 1 1 1 1 1 1 1 1 1 1 1 1 1 1 1
ciMethod java/util/ArrayList$Itr hasNext ()Z 844 0 1516556 0 96
ciMethod java/util/ArrayList$Itr next ()Ljava/lang/Object; 638 0 13676 0 256
ciMethod java/util/ArrayList$Itr <init> (Ljava/util/ArrayList;)V 368 0 3701036 0 0
ciMethod java/util/ArrayList$Itr checkForComodification ()V 638 0 13678 0 0
ciInstanceKlass java/util/ListIterator 1 0 27 100 1 100 1 100 1 1 1 1 1 1 1 1 1 1 1 1 1 1 1 1 1 1 1 1 1
ciMethod java/util/ListIterator add (Ljava/lang/Object;)V 0 0 1 0 -1
ciMethod java/util/ListIterator hasNext ()Z 0 0 1 0 -1
ciMethod java/util/ListIterator next ()Ljava/lang/Object; 0 0 1 0 -1
ciMethod java/util/ListIterator hasPrevious ()Z 0 0 1 0 -1
ciMethod java/util/ListIterator previous ()Ljava/lang/Object; 0 0 1 0 -1
ciInstanceKlass java/util/ImmutableCollections$ListN 1 1 119 10 7 12 1 1 1 9 7 12 1 1 1 9 12 1 1 100 1 8 1 10 12 1 100 1 10 12 1 10 7 12 1 1 1 10 7 12 1 1 1 10 12 1 10 7 12 1 1 1 100 1 10 10 100 12 1 1 1 100 1 1 1 1 1 1 1 1 1 1 1 1 1 1 1 1 1 1 1 1 1 1 1 1 1 1 1 1 1 100 1 100 1 1 1 1 1 1 1 1 1 1 1 1 1 1 1 100 1 1 1 1 1 1 7 1 1 1 1
ciMethod java/util/HashMap$HashIterator hasNext ()Z 554 0 17966 0 96
instanceKlass java/util/Collections$UnmodifiableList
instanceKlass java/util/Collections$UnmodifiableSet
ciInstanceKlass java/util/Collections$UnmodifiableCollection 1 1 136 10 7 12 1 1 1 100 1 10 9 7 12 1 1 1 11 7 12 1 1 1 11 12 1 1 11 12 1 1 11 12 1 1 11 12 1 11 12 1 10 12 1 1 7 1 10 12 1 100 1 10 11 12 1 1 11 12 1 1 11 12 1 1 11 12 1 1 11 12 1 100 1 1 1 1 5 0 1 1 1 1 1 1 1 1 1 1 1 1 1 1 1 1 1 1 1 1 1 1 1 1 1 1 1 1 1 1 1 1 1 1 1 1 1 1 1 1 1 1 1 1 1 1 1 1 1 1 1 1 1 1 100 1 1 1
ciMethod java/util/Collections$UnmodifiableCollection isEmpty ()Z 13900 0 7101 0 96
ciMethod java/util/Collections$UnmodifiableCollection size ()I 1024 0 66257 0 160
ciMethod java/util/Collections$UnmodifiableCollection iterator ()Ljava/util/Iterator; 8610 0 24055 0 576
ciMethod java/util/Collections$UnmodifiableCollection <init> (Ljava/util/Collection;)V 1024 0 110816 0 288
instanceKlass java/util/Collections$UnmodifiableRandomAccessList
ciInstanceKlass java/util/Collections$UnmodifiableList 1 1 127 10 7 12 1 1 1 9 7 12 1 1 1 11 7 12 1 1 1 11 12 1 1 11 12 1 1 100 1 10 12 1 11 12 1 1 11 12 1 10 12 1 1 100 1 10 12 1 11 12 1 1 10 12 1 100 1 100 1 10 1 1 1 5 0 1 1 1 1 1 1 1 1 1 1 1 1 1 1 1 1 1 1 1 1 1 1 1 1 1 1 1 1 1 1 1 1 1 1 1 1 1 1 1 1 1 1 1 1 1 1 1 1 1 1 100 1 1 1 1 1 100 1 1 1 1 1
ciInstanceKlass java/util/Collections$UnmodifiableRandomAccessList 1 1 52 10 7 12 1 1 1 100 1 9 12 1 1 11 100 12 1 1 1 10 100 1 1 1 1 5 0 1 1 1 1 1 1 1 1 1 1 1 1 1 1 1 1 1 1 1 1 100 1 1 1 1
ciMethod java/util/Collections$UnmodifiableRandomAccessList <init> (Ljava/util/List;)V 4408 0 88485 0 512
ciMethod java/util/Collections$UnmodifiableList <init> (Ljava/util/List;)V 1024 0 86790 0 0
ciInstanceKlass java/util/Collections$SetFromMap 1 1 181 10 7 12 1 1 1 11 7 12 1 1 1 100 1 8 1 10 12 1 9 7 12 1 1 1 11 12 1 1 9 12 1 1 11 12 1 11 12 1 1 11 12 1 1 11 12 1 1 9 7 12 1 1 1 11 12 1 1 11 7 12 1 1 1 11 12 1 1 11 12 1 10 100 12 1 1 1 11 12 1 11 12 1 11 12 1 1 11 12 1 11 12 1 11 12 1 1 11 12 1 1 11 12 1 1 11 12 1 1 11 12 1 10 100 12 1 1 100 1 1 1 1 1 1 1 5 0 1 1 1 1 1 1 1 1 1 1 1 1 1 1 1 1 1 1 1 1 1 1 1 1 1 1 1 1 1 1 1 1 1 1 1 1 1 1 1 1 1 100 1 100 1 1 1 1 1 100 1 1 1
ciInstanceKlass java/lang/invoke/BoundMethodHandle$Species_L 1 1 125 10 7 12 1 1 1 9 7 12 1 1 1 9 12 1 1 10 12 1 9 7 12 1 1 1 10 7 12 1 1 1 10 12 1 1 10 7 12 1 1 1 100 1 10 100 12 1 1 1 9 12 1 10 12 1 9 12 1 10 12 1 9 12 1 10 12 1 9 12 1 10 12 1 10 12 1 1 10 12 1 1 1 1 1 1 1 1 1 1 1 1 1 1 1 1 1 1 1 1 1 1 1 1 1 1 1 1 1 1 1 1 1 1 1 1 1 1 1 1 1 1 100 1 1
ciInstanceKlass java/util/IdentityHashMap$KeyIterator 1 1 45 9 7 12 1 1 1 10 7 12 1 1 1 9 12 1 1 10 12 1 1 10 7 12 1 1 1 1 1 1 1 1 1 1 1 1 1 1 1 1 1 1 1 1 1
ciMethod java/util/HashMap$ValueIterator next ()Ljava/lang/Object; 1792 0 132701 0 960
ciMethod java/util/HashMap$ValueIterator <init> (Ljava/util/HashMap;)V 1224 0 286480 0 0
ciMethod java/util/HashMap$TreeNode getTreeNode (ILjava/lang/Object;)Ljava/util/HashMap$TreeNode; 4096 0 9008 0 -1
ciMethod java/util/HashMap$TreeNode putTreeVal (Ljava/util/HashMap;[Ljava/util/HashMap$Node;ILjava/lang/Object;Ljava/lang/Object;)Ljava/util/HashMap$TreeNode; 4138 19688 10399 0 -1
ciMethod java/util/Collections$UnmodifiableCollection$1 next ()Ljava/lang/Object; 1311822 0 670226 0 320
ciMethod java/util/Collections$UnmodifiableCollection$1 hasNext ()Z 1347000 0 711268 0 160
ciMethod java/util/Collections$UnmodifiableCollection$1 <init> (Ljava/util/Collections$UnmodifiableCollection;)V 1156 0 20262 0 0
ciMethod java/util/LinkedList isPositionIndex (I)Z 510 0 3224037 0 0
ciMethod java/util/LinkedList isElementIndex (I)Z 1024 0 3159417 0 0
ciMethod java/util/LinkedList checkElementIndex (I)V 1024 0 3159878 0 0
ciMethod java/util/LinkedList checkPositionIndex (I)V 514 0 3224122 0 128
ciMethod java/util/LinkedList linkFirst (Ljava/lang/Object;)V 742 0 625 0 0
ciMethod java/util/LinkedList unlinkLast (Ljava/util/LinkedList$Node;)Ljava/lang/Object; 2058 0 1282 0 -1
ciMethod java/util/LinkedList <init> ()V 1024 0 1594013 0 64
ciMethod java/util/AbstractSequentialList <init> ()V 1024 0 1594837 0 0
ciMethod java/util/Collections unmodifiableList (Ljava/util/List;)Ljava/util/List; 1024 0 88488 0 448
ciMethod java/util/HashMap resize ()[Ljava/util/HashMap$Node; 172 950 37668 0 -1
ciMethod java/util/HashMap treeifyBin ([Ljava/util/HashMap$Node;I)V 3238 10804 1889 0 -1
ciMethod java/util/HashMap hash (Ljava/lang/Object;)I 1024 0 595505 0 -1
ciMethod java/util/HashMap <init> ()V 808 0 1905598 0 64
ciMethod jdk/internal/util/Preconditions checkIndex (IILjava/util/function/BiFunction;)I 554 0 5717276 0 -1
ciMethod java/util/AbstractList <init> ()V 944 0 7746492 0 64
ciMethod java/util/List add (Ljava/lang/Object;)Z 0 0 1 0 -1
ciMethod java/util/List remove (Ljava/lang/Object;)Z 0 0 1 0 -1
ciMethod java/util/List get (I)Ljava/lang/Object; 0 0 1 0 -1
ciMethod java/util/List isEmpty ()Z 0 0 1 0 -1
ciMethod java/util/List size ()I 0 0 1 0 -1
ciMethod java/util/List iterator ()Ljava/util/Iterator; 0 0 1 0 -1
ciMethod java/util/List addAll (Ljava/util/Collection;)Z 0 0 1 0 -1
ciMethod java/util/List set (ILjava/lang/Object;)Ljava/lang/Object; 0 0 1 0 -1
ciMethod java/util/IdentityHashMap$Values iterator ()Ljava/util/Iterator; 4098 0 39702 0 0
ciMethod java/util/IdentityHashMap$Values <init> (Ljava/util/IdentityHashMap;)V 1176 0 26384 0 -1
ciMethod java/util/Collection iterator ()Ljava/util/Iterator; 0 0 1 0 -1
ciMethod java/util/Collection toArray ()[Ljava/lang/Object; 0 0 1 0 -1
ciMethod java/util/Collection size ()I 0 0 1 0 -1
ciMethod java/util/Collection isEmpty ()Z 0 0 1 0 -1
ciMethod java/util/AbstractMap <init> ()V 1024 0 6055297 0 64
ciMethod java/util/function/Function apply (Ljava/lang/Object;)Ljava/lang/Object; 0 0 1 0 -1
ciMethod java/util/Arrays copyOfRange ([Ljava/lang/Object;IILjava/lang/Class;)[Ljava/lang/Object; 4144 0 33781 0 -1
ciMethod java/util/Arrays copyOf ([Ljava/lang/Object;I)[Ljava/lang/Object; 66 0 576373 0 672
ciMethod java/util/Arrays copyOf ([Ljava/lang/Object;ILjava/lang/Class;)[Ljava/lang/Object; 176 0 93257 0 -1
ciMethod java/lang/Math ceil (D)D 2814 0 1303996 0 -1
ciMethod java/lang/Math max (JJ)J 4400 0 526407 0 -1
ciMethod java/lang/Math max (II)I 1024 0 985377 0 -1
ciMethod java/lang/Math min (JJ)J 3448 0 486692 0 -1
ciMethod java/lang/Math min (II)I 588 0 1631402 0 -1
ciMethod java/util/HashMap$HashIterator <init> (Ljava/util/HashMap;)V 514 1036 83979 0 864
ciMethod java/util/HashMap$HashIterator nextNode ()Ljava/util/HashMap$Node; 514 1628 12131 0 960
ciMethod java/util/Map$Entry getKey ()Ljava/lang/Object; 0 0 1 0 -1
ciMethod java/util/Map$Entry getValue ()Ljava/lang/Object; 0 0 1 0 -1
ciMethod java/util/Set containsAll (Ljava/util/Collection;)Z 0 0 1 0 -1
ciMethod java/util/Set iterator ()Ljava/util/Iterator; 0 0 1 0 -1
ciMethod java/util/Map entrySet ()Ljava/util/Set; 0 0 1 0 -1
ciMethod java/util/Map size ()I 0 0 1 0 -1
ciMethod java/util/ArrayList set (ILjava/lang/Object;)Ljava/lang/Object; 4142 0 286575 0 -1
ciMethod java/util/ArrayList addAll (Ljava/util/Collection;)Z 394 0 42781 0 0
ciMethod java/util/ArrayList contains (Ljava/lang/Object;)Z 5588 0 113476 0 -1
ciMethod java/util/ArrayList iterator ()Ljava/util/Iterator; 368 0 3701815 0 192
ciMethod java/util/ArrayList size ()I 1888 0 944 0 0
ciMethod java/util/ArrayList isEmpty ()Z 512 0 1074261 0 -1
ciMethod java/util/ArrayList indexOf (Ljava/lang/Object;)I 13532 0 223007 0 -1
ciMethod java/util/ArrayList get (I)Ljava/lang/Object; 1024 0 5088815 0 192
ciMethod java/util/ArrayList remove (Ljava/lang/Object;)Z 74 20 157854 0 640
ciMethod java/util/ArrayList add (Ljava/lang/Object;)Z 526 0 3929528 0 1952
ciMethod java/util/ArrayList <init> (Ljava/util/Collection;)V 778 0 35886 0 960
ciMethod java/util/ArrayList <init> ()V 1024 0 4301855 0 256
ciMethod java/util/ArrayList add (Ljava/lang/Object;[Ljava/lang/Object;I)V 526 0 3931643 0 0
ciMethod java/util/ArrayList elementData (I)Ljava/lang/Object; 1024 0 5373034 0 128
ciMethod java/util/ArrayList grow (I)[Ljava/lang/Object; 56 0 6184 0 896
ciMethod java/util/ArrayList grow ()[Ljava/lang/Object; 56 0 1032328 0 0
ciMethod java/util/ArrayList fastRemove ([Ljava/lang/Object;I)V 4408 0 181143 0 -1
ciMethod java/util/Iterator hasNext ()Z 0 0 1 0 -1
ciMethod java/util/Iterator next ()Ljava/lang/Object; 0 0 1 0 -1
ciMethod java/lang/Class getComponentType ()Ljava/lang/Class; 156 0 101524 0 96
ciMethod java/lang/Object getClass ()Ljava/lang/Class; 256 0 128 0 -1
ciMethod java/lang/Object <init> ()V 1024 0 59219205 0 64
ciInstanceKlass java/lang/invoke/LambdaForm$MH+0x000002d1a1000400 1 1 41 1 7 1 100 1 1 1 1 1 1 1 7 1 1 12 9 1 1 1 1 1 7 1 1 12 10 1 7 1 1 12 11 1 7 12 9 1 1 1 1
staticfield java/lang/invoke/LambdaForm$MH+0x000002d1a1000400 _D_0 Ljava/lang/invoke/LambdaForm; java/lang/invoke/LambdaForm
instanceKlass com/android/tools/r8/internal/an
instanceKlass com/android/tools/r8/internal/jn
instanceKlass com/android/tools/r8/internal/Cm
ciInstanceKlass com/android/tools/r8/internal/sm 1 1 132 1 8 1 1 7 1 7 1 100 1 1 1 1 12 10 1 1 7 12 9 1 1 1 1 1 100 1 12 10 1 1 1 12 10 1 1 12 10 1 1 12 10 12 10 1 12 10 1 12 10 1 100 1 1 12 10 1 12 9 1 100 1 12 10 1 7 1 1 12 10 100 1 12 10 1 100 10 1 1 1 1 1 1 1 1 1 1 1 1 1 100 1 100 1 12 10 1 12 10 12 10 1 100 1 1 12 11 1 100 1 12 10 1 100 1 1 12 9 1 1 100 1 12 11 1 1 1 1 1 1 1
staticfield com/android/tools/r8/internal/sm b [Ljava/lang/Object; 0 [Ljava/lang/Object;
instanceKlass com/android/tools/r8/internal/YS
instanceKlass com/android/tools/r8/internal/Am
instanceKlass com/android/tools/r8/internal/Bm
instanceKlass com/android/tools/r8/internal/IV
instanceKlass com/android/tools/r8/internal/om
instanceKlass com/android/tools/r8/internal/VS
ciInstanceKlass com/android/tools/r8/internal/Cm 1 1 251 1 8 1 1 7 1 7 1 7 1 7 1 1 1 1 1 7 1 7 1 12 10 1 1 12 10 1 1 1 1 1 1 1 1 1 1 3 1 8 1 7 1 1 12 10 1 100 1 100 1 1 12 10 1 1 12 10 1 1 12 10 1 12 9 1 1 12 10 1 7 1 12 11 1 1 12 10 1 1 1 7 1 12 10 1 7 1 1 12 10 100 1 7 1 12 10 1 7 1 1 12 10 1 7 1 12 10 1 12 9 1 1 1 1 1 1 1 12 10 1 1 1 7 12 10 1 7 1 1 12 10 1 1 12 11 1 7 1 12 11 1 1 11 1 1 12 10 1 1 12 10 1 1 12 10 1 12 10 1 100 1 12 10 1 1 1 100 10 1 1 1 1 1 1 1 1 1 1 1 16 15 1 100 1 1 12 10 15 1 1 12 18 1 100 1 12 10 1 7 1 12 10 1 7 1 12 10 1 1 12 11 1 100 1 12 11 1 1 12 11 1 12 10 1 1 12 10 1 1 1 1 7 10 1 1 1 1 1 1 1 1 100 1 8 1 1 12 10 1 1
staticfield com/android/tools/r8/internal/Cm c I 0
ciInstanceKlass com/android/tools/r8/internal/VS 1 1 61 1 8 1 1 7 1 7 1 1 1 1 1 1 1 12 10 12 9 1 1 7 12 10 12 9 1 1 1 1 1 1 1 1 1 7 1 1 12 10 1 1 1 1 1 7 1 12 10 1 1 1 7 1 12 10 1 1 1 1 1
staticfield com/android/tools/r8/internal/VS e Lcom/android/tools/r8/internal/VS; com/android/tools/r8/internal/VS
instanceKlass com/android/tools/r8/internal/JV
instanceKlass com/android/tools/r8/internal/wm
instanceKlass com/android/tools/r8/internal/cn
ciInstanceKlass com/android/tools/r8/internal/jn 1 1 190 1 8 1 1 7 1 7 1 7 1 1 1 1 1 7 1 12 9 1 1 7 1 1 12 10 1 1 1 7 1 12 10 1 1 3 1 8 1 7 1 1 12 10 1 100 1 100 1 12 10 1 7 1 12 10 1 7 1 1 12 10 1 12 10 1 12 10 1 12 10 1 100 1 1 100 1 1 12 10 1 7 1 1 12 10 1 100 1 1 12 10 1 100 1 12 10 1 100 1 12 10 1 7 1 1 12 11 1 7 1 1 12 9 1 8 1 7 1 12 10 1 7 1 1 12 10 1 7 1 12 9 1 7 1 12 10 1 100 1 12 10 1 1 12 10 1 100 1 8 10 10 1 1 1 7 10 1 3 1 7 1 12 10 6 0 3 1 8 1 1 1 12 10 1 12 10 10 1 100 1 12 10 1 12 10 1 1 1 1
staticfield com/android/tools/r8/internal/jn c I 0
instanceKlass com/android/tools/r8/internal/fn
instanceKlass com/android/tools/r8/internal/Nm
instanceKlass com/android/tools/r8/internal/En
instanceKlass com/android/tools/r8/internal/cT
ciInstanceKlass com/android/tools/r8/internal/cn 1 1 45 1 8 1 1 7 1 7 1 1 1 1 12 10 1 1 12 9 1 12 10 1 100 1 100 1 100 1 1 12 9 1 1 12 10 1 12 10 1 12 10 1 1 1 1
ciInstanceKlass com/android/tools/r8/internal/cT 1 1 98 1 8 1 1 7 1 7 1 1 1 1 1 1 1 1 1 1 1 1 12 10 12 9 12 9 12 9 12 9 1 1 7 12 10 12 9 1 1 100 1 7 1 1 12 10 1 12 10 1 1 1 1 7 1 12 10 1 1 1 100 1 12 10 1 1 1 1 1 1 7 1 1 12 10 1 1 1 100 1 12 9 1 100 1 100 1 12 10 1 12 10 1 1 1 1 1 1
staticfield com/android/tools/r8/internal/cT i [Ljava/lang/Object; null
staticfield com/android/tools/r8/internal/cT j Lcom/android/tools/r8/internal/cT; com/android/tools/r8/internal/cT
ciInstanceKlass com/android/tools/r8/graph/h1 1 1 327 1 8 1 1 7 1 1 7 1 1 1 1 1 12 10 12 9 1 7 1 1 12 10 1 100 1 1 12 10 1 8 1 100 1 1 12 10 15 1 12 18 1 12 10 1 1 1 16 1 1 12 10 15 1 16 1 7 1 1 12 10 15 1 1 12 18 1 7 1 1 12 10 1 1 12 10 15 1 16 18 1 12 10 15 18 1 1 1 100 1 12 10 1 1 12 10 1 100 1 12 11 10 1 12 10 1 12 10 1 1 12 9 1 100 1 12 10 1 1 12 9 1 100 1 12 9 1 12 9 1 100 1 12 11 1 100 1 1 12 10 1 16 15 16 1 1 12 18 1 100 1 1 12 11 1 1 16 12 10 15 12 18 1 1 1 1 100 1 12 10 1 100 1 1 100 1 12 10 1 100 1 1 100 12 11 1 1 1 100 12 11 1 1 1 7 1 12 10 1 1 12 10 1 8 1 12 18 1 1 100 1 12 11 1 100 12 10 1 100 1 1 12 9 1 100 12 10 1 100 1 1 12 10 1 12 11 1 1 100 1 1 12 9 1 12 10 1 1 1 1 8 1 12 18 1 12 10 1 8 1 12 18 1 12 10 1 100 10 1 8 1 12 18 1 1 100 1 12 10 1 1 1 1 1 1 12 10 1 100 1 1 12 10 1 1 12 10 1 1 12 10 1 1 100 1 12 10 1 1 7 1 12 10 1 1 1 1 12 10 1 1 1 1 1 1 1
ciInstanceKlass com/android/tools/r8/internal/IV 1 1 99 1 8 1 1 7 1 7 1 1 1 1 1 12 10 1 7 1 1 12 10 12 9 1 1 1 12 10 1 1 1 7 12 10 1 1 1 7 1 1 12 10 1 7 12 11 1 1 1 1 1 12 10 1 100 1 12 9 1 1 1 100 12 10 1 100 1 1 12 10 1 12 10 1 100 1 12 10 1 1 12 10 1 12 10 10 1 1 1 12 10 1 1 12 10 1 1 1 1
ciInstanceKlass com/android/tools/r8/internal/LM 1 1 89 1 8 1 1 100 1 7 1 1 1 100 1 1 12 10 1 1 100 1 100 1 1 12 10 1 100 1 12 10 1 12 10 1 1 1 1 12 10 1 1 100 1 100 1 12 10 1 8 1 8 1 12 10 1 8 10 1 8 1 8 1 100 1 12 10 1 8 1 1 12 10 1 12 10 1 1 12 10 1 1 8 1 8 1 1 1 1 1
ciInstanceKlass com/android/tools/r8/internal/zm 1 1 101 1 8 1 1 7 1 7 1 1 1 1 1 1 1 1 1 12 10 12 10 1 7 12 9 12 9 1 1 1 12 10 12 10 1 1 100 1 12 10 1 100 1 1 12 10 1 1 7 1 1 12 11 1 7 1 12 10 1 7 1 1 12 11 1 7 1 1 12 11 1 1 12 11 1 12 10 1 12 9 1 7 1 12 10 12 10 1 12 10 1 7 1 1 12 10 100 1 1 1 1
ciInstanceKlass com/android/tools/r8/internal/Tj 1 0 17 1 8 1 1 100 1 100 1 1 1 1 1 1 1 1 1
ciInstanceKlass com/android/tools/r8/internal/Pq 1 0 17 1 8 1 1 100 1 100 1 100 1 1 1 1 1 1 1
instanceKlass com/android/tools/r8/internal/br
instanceKlass com/android/tools/r8/internal/E
ciInstanceKlass com/android/tools/r8/internal/C 1 1 55 1 8 1 1 7 1 7 1 7 1 100 1 1 1 1 12 10 1 1 1 100 10 1 1 1 1 1 1 7 1 1 12 10 1 12 11 1 1 12 11 1 12 10 12 10 1 1 12 10 1 1 1 1 1
ciInstanceKlass com/android/tools/r8/internal/ar 1 0 85 1 8 1 1 100 1 100 1 100 1 100 1 1 1 1 1 1 1 1 1 1 1 100 1 8 1 1 12 10 1 1 1 8 1 1 8 1 1 1 8 1 1 8 1 1 8 1 1 1 8 1 1 1 8 1 1 1 8 1 8 1 1 1 8 1 1 1 8 1 1 1 8 1 1 1 8 1 1 1 8 1 1 8 1
instanceKlass com/android/tools/r8/internal/G
instanceKlass com/android/tools/r8/internal/lr
instanceKlass com/android/tools/r8/internal/Oq
ciInstanceKlass com/android/tools/r8/internal/E 1 1 166 1 8 1 1 7 1 7 1 7 1 1 12 10 1 1 1 1 1 7 1 1 12 11 1 1 12 11 1 7 1 1 12 11 1 7 1 1 12 11 1 7 12 11 1 7 1 12 11 1 12 10 1 12 11 1 100 1 12 10 1 1 1 12 11 1 1 7 11 12 10 1 100 1 12 11 1 100 12 11 1 1 1 1 12 11 1 1 1 100 1 8 1 12 10 1 8 1 1 12 10 1 100 1 1 12 10 1 8 1 8 1 12 10 1 8 12 10 1 1 1 12 10 1 1 12 10 1 1 1 1 1 1 100 1 8 1 1 12 10 1 1 1 8 1 1 1 8 1 1 1 8 1 1 1 8 1 1 1 8 1 1 1 8 1 1
ciInstanceKlass com/android/tools/r8/graph/E2 1 1 431 1 8 1 1 7 1 1 7 1 100 1 1 1 1 1 1 1 1 1 1 1 1 1 12 10 12 9 12 9 1 7 1 1 12 10 1 8 1 7 1 1 12 10 1 100 1 8 1 100 1 1 12 10 15 1 12 18 1 12 10 12 9 1 1 7 1 1 12 10 12 9 1 8 1 8 1 8 1 8 1 8 1 8 1 8 1 8 1 8 1 7 1 1 12 10 12 9 1 1 12 10 10 1 12 10 1 1 12 10 1 8 1 100 1 12 10 1 1 12 10 1 1 1 100 1 1 12 10 1 1 1 1 1 1 12 10 1 1 1 1 100 1 12 10 1 100 1 12 10 1 1 1 100 1 1 12 10 1 1 12 10 1 100 1 12 11 1 12 10 1 1 1 100 10 1 1 100 1 12 10 1 1 1 1 1 12 10 1 12 10 1 1 7 1 12 10 1 1 12 10 1 1 7 1 12 10 1 7 1 12 10 1 1 100 1 12 10 1 12 10 1 1 12 9 1 100 1 12 10 1 12 10 1 100 1 12 10 1 1 12 10 10 1 1 12 10 1 1 12 10 1 1 7 1 1 12 11 1 1 100 1 12 11 1 1 12 10 1 7 1 1 12 9 1 7 1 12 10 1 7 12 10 1 1 1 12 9 1 1 1 100 12 11 1 1 12 9 1 100 1 12 10 1 12 11 1 1 100 1 12 9 1 12 10 1 1 12 10 1 1 1 1 1 1 1 1 1 1 12 9 1 1 12 10 12 10 12 10 1 12 10 12 10 1 12 10 1 8 1 12 18 1 12 10 1 1 12 10 1 1 12 9 1 7 1 1 12 10 1 12 10 1 12 10 1 1 1 1 8 1 12 10 1 8 1 12 18 1 12 10 1 8 18 1 12 10 12 10 1 1 12 10 1 12 10 1 12 10 1 12 10 1 1 7 1 12 10 1 1 1 1 12 10 1 1 1 1 1 1 1
staticfield com/android/tools/r8/graph/E2 h [Lcom/android/tools/r8/graph/E2; 0 [Lcom/android/tools/r8/graph/E2;
staticfield com/android/tools/r8/graph/E2 i Lcom/android/tools/r8/internal/Cm; com/android/tools/r8/internal/VS
staticfield com/android/tools/r8/graph/E2 j Z 1
ciInstanceKlass com/android/tools/r8/internal/lr 1 1 187 1 8 1 1 7 1 7 1 100 1 1 1 1 1 1 1 1 1 1 1 1 1 1 1 1 1 1 1 1 1 1 12 10 1 1 100 1 1 12 11 1 1 12 10 4 12 10 12 9 1 7 1 1 12 10 12 9 12 9 1 12 10 12 9 12 9 1 7 12 9 1 100 1 8 1 12 10 1 12 10 6 0 1 7 11 12 10 12 9 1 7 1 1 12 10 1 12 10 5 0 1 1 12 10 5 0 1 12 10 10 1 12 9 1 12 10 100 1 7 1 12 9 1 1 12 10 1 1 1 1 100 1 1 7 1 1 12 10 1 12 10 1 1 1 1 12 9 1 7 12 10 1 1 12 9 1 7 10 1 1 100 1 1 12 10 1 12 9 1 7 10 1 1 12 10 10 10 1 100 1 100 10 1 1 1 1
ciInstanceKlass com/android/tools/r8/internal/EK 1 0 67 1 8 1 1 100 1 100 1 100 1 100 1 1 1 1 100 1 8 1 1 12 10 1 1 1 8 1 1 1 8 1 1 8 1 1 1 8 1 1 1 8 1 1 1 8 1 1 1 8 1 1 8 1 1 8 1 1 1 8 1 1 8 1 1 8 1
ciInstanceKlass com/android/tools/r8/internal/cl 1 1 69 1 8 1 1 7 1 100 1 1 3 1 5 0 1 1 1 7 1 1 12 10 1 1 12 10 12 10 5 0 1 1 12 10 5 0 1 100 1 100 1 8 1 1 12 10 1 1 12 10 1 8 1 12 10 1 12 10 1 8 1 1 12 10 10 1 1 1 1
ciInstanceKlass sun/security/util/ManifestDigester$$Lambda$1+0x000002d1a1042e78 1 1 23 1 7 1 7 1 100 1 1 12 10 1 1 1 7 1 7 1 1 12 10 1 1
instanceKlass java/lang/ArrayIndexOutOfBoundsException
ciInstanceKlass java/lang/IndexOutOfBoundsException 1 0 49 10 100 12 1 1 1 10 12 1 100 1 10 8 1 10 12 1 1 10 12 1 10 12 1 1 10 12 1 100 1 1 1 1 5 0 1 1 1 1 1 1 1 1 1 1 1 1 1
ciInstanceKlass java/lang/AssertionError 0 0 79 10 100 12 1 1 1 10 12 1 10 100 12 1 1 1 10 100 1 100 1 10 12 1 1 10 12 1 10 12 1 10 12 1 10 12 1 10 12 1 10 12 1 10 12 1 1 1 1 5 0 1 1 1 1 1 1 1 1 1 1 100 1 1 1 1 1 1 1 1 1 1 1 1 1 1 1 1 1
ciInstanceKlass java/util/NoSuchElementException 0 0 34 10 100 12 1 1 1 10 12 1 10 12 1 10 12 1 100 1 1 1 1 5 0 1 1 1 1 1 1 1 1 1 1 1
ciInstanceKlass java/util/ConcurrentModificationException 0 0 34 10 100 12 1 1 1 10 12 1 10 12 1 10 12 1 100 1 1 1 1 5 0 1 1 1 1 1 1 1 1 1 1 1
ciInstanceKlass com/android/tools/r8/internal/jM 1 1 58 1 8 1 1 7 1 100 1 1 1 1 1 7 1 7 1 12 10 1 1 12 10 1 1 7 1 1 12 10 1 1 1 12 10 1 7 1 1 12 10 1 1 1 7 1 1 12 10 1 7 1 1 12 10 1 1 1
staticfield com/android/tools/r8/internal/jM a I 0
instanceKlass com/android/tools/r8/ir/optimize/s
instanceKlass com/android/tools/r8/ir/optimize/Y
instanceKlass com/android/tools/r8/internal/jc
instanceKlass com/android/tools/r8/internal/I4
instanceKlass com/android/tools/r8/utils/g2
instanceKlass com/android/tools/r8/utils/X0
ciInstanceKlass com/android/tools/r8/internal/Th 1 1 37 1 8 1 1 7 1 7 1 100 1 1 12 10 1 1 1 12 10 1 12 10 1 1 12 10 1 1 100 1 12 10 1 1 1 1 1
ciInstanceKlass com/android/tools/r8/utils/X0 1 1 50 1 8 1 1 7 1 7 1 1 1 1 1 1 12 10 12 9 1 10 12 9 1 1 7 1 1 12 9 1 7 1 1 12 10 1 7 1 1 12 9 1 1 1 12 10 1 1 1 1
staticfield com/android/tools/r8/utils/X0 b Lcom/android/tools/r8/utils/X0; com/android/tools/r8/utils/X0
ciInstanceKlass com/android/tools/r8/internal/Sh 1 1 77 1 8 1 1 7 1 7 1 100 1 1 1 1 1 1 1 12 10 1 7 1 1 12 10 1 7 12 9 12 9 1 1 12 10 1 12 10 1 1 1 1 12 10 1 12 10 1 1 1 100 1 1 12 10 1 12 10 1 100 1 12 10 1 1 12 10 1 8 1 8 12 10 1 1 1 1
ciInstanceKlass com/android/tools/r8/utils/g2 1 1 50 1 8 1 1 7 1 7 1 1 1 1 1 1 12 10 12 9 1 10 12 9 1 1 7 1 1 12 9 1 7 1 1 12 10 1 7 1 1 12 9 1 1 1 12 10 1 1 1 1
staticfield com/android/tools/r8/utils/g2 b Lcom/android/tools/r8/utils/g2; com/android/tools/r8/utils/g2
ciInstanceKlass java/util/LinkedList$ListItr 1 1 133 9 7 12 1 1 1 10 7 12 1 1 1 9 7 12 1 1 1 9 12 1 9 12 1 10 12 1 1 9 12 1 1 9 12 1 10 12 1 10 12 1 1 100 1 10 9 12 1 9 7 1 9 12 1 1 10 12 1 9 12 1 9 12 1 100 1 10 10 12 1 1 10 12 1 1 10 12 1 1 10 100 12 1 1 1 11 100 12 1 1 100 1 10 100 1 1 1 1 1 1 1 1 1 1 1 1 1 1 1 1 1 1 1 1 1 1 1 1 1 1 1 1 1 1 1 1 1 1 1 1 1 1
ciInstanceKlass java/util/IdentityHashMap$ValueIterator 1 1 41 9 7 12 1 1 1 10 7 12 1 1 1 9 12 1 1 10 12 1 1 1 1 1 1 1 1 1 1 1 1 1 1 1 1 1 7 1 1 1 1
ciInstanceKlass java/util/AbstractList$SubList 1 1 164 10 7 12 1 1 1 9 7 12 1 1 1 9 12 1 1 9 12 1 1 9 12 1 9 12 1 9 10 100 12 1 1 1 10 12 1 10 12 1 1 10 12 1 1 10 12 1 1 10 12 1 1 10 12 1 10 12 1 10 12 1 1 10 12 1 1 11 100 12 1 1 10 10 12 1 1 7 1 10 12 1 10 12 1 1 10 12 1 100 1 10 12 1 1 10 12 1 100 1 10 8 1 10 12 1 1 10 12 1 8 1 10 12 1 1 100 1 10 1 1 1 1 1 1 1 1 1 1 1 1 1 1 1 1 1 1 1 1 1 1 1 1 1 1 1 1 1 1 1 1 1 1 1 1 1 1 1 1 1 1 1 1 1
ciInstanceKlass com/android/tools/r8/internal/wK 1 0 25 1 8 1 1 100 1 100 1 100 1 1 100 1 8 1 1 12 10 1 1 1 8 1 1
instanceKlass com/android/tools/r8/internal/se
instanceKlass com/android/tools/r8/internal/W1
instanceKlass com/android/tools/r8/internal/V1
instanceKlass com/android/tools/r8/internal/dH
instanceKlass com/android/tools/r8/internal/In
instanceKlass com/android/tools/r8/internal/pM
instanceKlass com/android/tools/r8/internal/te
instanceKlass com/android/tools/r8/internal/bG
instanceKlass com/android/tools/r8/internal/dR
instanceKlass com/android/tools/r8/internal/K10
instanceKlass com/android/tools/r8/internal/f5
instanceKlass com/android/tools/r8/internal/aG
instanceKlass com/android/tools/r8/internal/Z3
instanceKlass com/android/tools/r8/internal/i3
instanceKlass com/android/tools/r8/internal/L2
instanceKlass com/android/tools/r8/internal/U9
instanceKlass com/android/tools/r8/internal/YF
instanceKlass com/android/tools/r8/internal/p3
instanceKlass com/android/tools/r8/internal/Bo
instanceKlass com/android/tools/r8/internal/pe
instanceKlass com/android/tools/r8/internal/eH
instanceKlass com/android/tools/r8/internal/cH
instanceKlass com/android/tools/r8/internal/ru
instanceKlass com/android/tools/r8/internal/dd
instanceKlass com/android/tools/r8/internal/yi
instanceKlass com/android/tools/r8/internal/Ys
ciInstanceKlass com/android/tools/r8/internal/Ko 1 1 868 1 8 1 1 7 1 7 1 100 1 100 1 100 1 100 1 7 1 100 1 100 1 100 1 100 1 100 1 100 1 100 1 1 1 1 1 1 1 1 1 1 1 1 1 1 1 1 1 1 12 10 12 9 1 7 10 12 9 12 9 12 9 12 9 12 9 1 12 10 1 12 10 1 1 7 12 10 1 16 15 16 1 7 1 1 12 10 15 1 1 12 18 1 1 12 10 1 7 11 1 1 7 1 1 12 10 12 9 1 1 7 1 1 12 11 1 7 1 12 11 1 1 12 11 1 1 7 1 12 9 1 1 12 9 1 100 1 12 10 1 1 1 1 1 100 10 1 1 7 1 12 10 1 7 1 12 9 12 10 12 10 1 1 1 8 1 12 10 1 7 1 1 1 12 10 1 1 12 10 1 1 1 1 12 10 1 12 10 1 12 9 1 7 10 1 12 9 16 1 12 10 15 1 16 1 1 12 18 10 1 7 12 11 1 1 1 12 10 12 10 12 10 1 12 10 1 12 9 1 1 100 1 12 9 1 1 12 10 1 1 1 12 10 1 1 1 1 1 12 10 1 1 12 10 1 12 10 11 1 1 1 12 10 1 8 1 100 1 1 12 10 15 1 12 18 12 10 11 12 10 11 1 1 12 9 1 7 12 9 12 9 1 12 11 1 12 10 1 1 1 100 1 1 1 1 12 10 1 12 10 1 100 10 12 10 1 1 12 10 1 12 10 1 8 1 12 10 1 8 1 12 10 1 12 9 1 8 1 12 10 10 1 1 1 1 7 1 12 11 12 10 1 7 1 12 10 1 12 10 1 12 10 1 1 12 10 1 7 1 1 12 10 1 7 1 12 9 1 7 10 8 10 1 100 1 100 1 7 12 10 1 12 9 100 1 12 10 1 12 11 1 1 12 10 1 1 12 10 1 7 10 12 10 1 12 10 12 10 1 7 1 7 1 12 10 1 12 10 12 10 12 9 1 1 12 9 1 7 1 12 10 1 1 7 1 1 7 1 1 12 9 1 12 10 12 10 1 1 7 1 12 10 12 10 1 7 1 12 9 1 12 9 1 12 10 1 100 1 12 9 1 100 1 12 9 1 1 1 1 1 100 1 1 1 7 12 9 1 7 1 12 9 1 1 1 1 7 1 1 1 1 1 1 1 1 1 100 1 1 1 1 1 1 1 1 100 1 1 1 1 7 1 1 12 10 1 12 10 1 1 1 12 9 1 100 1 12 10 1 100 12 10 1 1 1 1 1 1 1 1 1 1 1 1 1 1 1 1 100 1 1 1 1 100 1 1 1 1 100 1 1 1 1 100 1 1 1 1 1 1 1 1 1 1 1 1 1 1 1 1 1 1 1 1 1 1 1 1 1 1 1 7 1 1 1 1 1 1 1 7 1 1 1 1 1 1 1 100 1 1 1 1 1 1 1 1 7 1 1 1 1 1 1 1 1 7 1 1 1 1 1 1 1 1 1 1 1 1 1 1 1 1 1 1 1 1 1 1 1 1 1 7 1 1 1 1 1 1 1 7 1 1 1 1 1 1 100 1 1 1 1 1 1 1 1 1 1 1 1 1 1 1 1 1 1 1 100 1 1 1 1 1 1 1 1 100 1 1 1 1 7 1 7 1 7 1 7 1 1 1 1 1 1 1 1 1 1 1 1 1 1 1 1 1 1 7 1 1 1 1 7 1 1 1 1 1 100 1 1 1 1 7 1 1 1 1 100 1 1 1 1 1 1 1 100 1 1 1 1 100 1 1 1 1 100 1 1 1 1 100 1 1 1 1 12 10 12 10 1 12 10 12 10 1 1 1 1 100 12 10 1 100 1 8 1 12 10 1 1 12 10 1 7 12 10 1 7 1 12 9 1 1 100 1 8 1 12 18 10 1 1 1 8 1 1 1 1 1 12 10 12 10 1 100 1 12 9 1 1 1 1 1 1 1 1 1 1
staticfield com/android/tools/r8/internal/Ko h Z 1
ciInstanceKlass com/android/tools/r8/internal/K5 1 1 185 1 8 1 1 7 1 7 1 100 1 7 1 1 1 1 1 1 1 12 10 12 9 1 7 1 12 10 12 9 1 1 1 1 12 9 1 1 100 1 1 12 10 1 1 12 9 1 1 12 9 1 100 1 1 12 9 1 100 1 1 12 10 1 100 1 1 12 10 1 1 12 10 1 12 9 1 100 1 1 12 10 1 100 1 1 12 10 1 100 1 1 12 10 1 12 9 1 100 1 12 11 1 100 1 100 12 9 1 100 1 100 1 100 1 12 9 1 100 1 1 12 10 1 1 12 10 1 12 10 1 1 12 9 1 100 1 1 12 10 1 100 1 12 10 1 8 1 100 1 1 12 10 1 8 1 12 9 1 12 10 1 100 1 100 1 12 10 1 12 9 1 12 9 1 100 10 1 12 11 1 1 1 1 1
ciInstanceKlass com/android/tools/r8/internal/xt 1 1 340 1 8 1 1 7 1 7 1 1 1 1 12 10 1 1 1 7 1 1 12 10 1 7 1 1 12 10 1 1 12 10 1 100 1 12 10 1 100 1 7 1 7 1 12 9 1 7 1 12 10 1 1 12 10 1 7 1 12 10 1 1 12 9 1 12 9 1 7 1 12 9 1 7 1 1 12 11 1 12 10 1 12 9 1 7 12 10 1 12 10 1 12 10 1 1 1 7 1 12 10 12 9 1 1 1 1 1 100 1 12 10 1 1 1 100 1 1 12 9 1 1 1 8 1 1 7 1 12 10 1 7 1 12 10 1 1 12 10 12 10 1 1 12 10 12 10 12 10 1 7 1 7 1 1 12 10 1 12 10 1 100 10 1 12 10 1 100 1 7 1 12 10 1 100 10 1 100 1 12 10 1 1 7 1 12 10 12 10 1 1 1 12 10 1 1 100 1 12 9 1 100 1 1 12 10 1 100 1 12 10 1 100 1 12 9 1 12 10 1 100 1 12 9 1 100 1 12 9 1 100 1 12 10 1 100 1 12 10 12 9 1 12 10 1 1 12 10 1 12 10 1 1 100 1 12 10 1 100 1 12 10 1 1 1 12 10 1 100 1 12 10 1 100 1 12 10 10 1 1 12 10 1 12 10 1 100 1 12 10 1 12 10 1 12 10 1 100 1 1 12 10 1 12 10 1 100 12 10 1 1 100 1 12 10 1 1 12 9 1 100 1 1 12 10 1 100 1 1 12 10 1 100 1 12 10 1 1 1 1
staticfield com/android/tools/r8/internal/xt m Z 1
instanceKlass com/android/tools/r8/internal/NY
instanceKlass com/android/tools/r8/internal/mU
instanceKlass com/android/tools/r8/internal/jZ
instanceKlass com/android/tools/r8/internal/xk
instanceKlass com/android/tools/r8/internal/jm
ciInstanceKlass com/android/tools/r8/internal/ru 1 1 65 1 8 1 1 7 1 7 1 1 1 1 1 12 10 1 12 10 1 1 12 10 1 1 7 1 1 12 10 12 9 1 1 1 1 1 100 1 8 1 12 10 1 1 1 7 1 12 9 1 1 1 1 1 100 1 1 12 9 1 1 1 1 1 1
staticfield com/android/tools/r8/internal/ru i Z 1
instanceKlass com/android/tools/r8/internal/qe
ciInstanceKlass com/android/tools/r8/internal/id 1 1 353 1 8 1 1 7 1 7 1 100 1 1 1 1 1 1 1 12 10 12 9 1 7 1 12 10 1 1 12 9 1 7 1 12 10 1 100 1 12 10 12 9 1 1 1 7 1 1 12 9 1 7 1 12 10 1 12 10 1 12 10 1 12 10 1 1 12 10 1 1 12 10 12 10 1 1 7 1 12 10 1 1 1 12 10 1 1 1 12 10 1 7 1 12 9 12 9 1 12 9 1 1 1 12 9 1 100 1 1 12 10 1 1 1 12 9 1 100 1 1 12 10 1 12 10 1 1 1 1 12 9 1 12 10 1 7 1 1 12 10 1 7 1 12 10 1 7 1 12 10 1 12 9 1 12 9 1 7 1 12 11 12 10 12 10 1 7 1 12 10 1 7 1 12 10 1 12 10 5 0 1 7 10 12 10 1 7 10 1 7 1 12 10 5 0 5 0 1 7 10 1 7 10 5 0 1 7 10 1 7 10 1 1 100 1 12 10 1 1 100 10 1 100 1 12 10 1 100 1 12 10 1 1 8 1 12 10 1 1 1 12 10 1 8 1 100 1 1 12 10 15 1 12 18 1 8 1 12 18 1 1 1 12 10 1 5 0 5 0 1 1 1 1 100 1 12 10 1 100 1 1 12 9 1 1 12 10 1 7 1 12 9 1 7 1 12 10 1 1 1 1 1 12 9 1 100 1 12 10 1 1 100 1 12 9 1 100 1 12 10 1 100 10 1 100 1 12 10 12 10 1 12 10 12 10 1 12 10 1 1 100 1 12 10 1 100 1 1 1 1 1 1 1
staticfield com/android/tools/r8/internal/id k Z 1
ciInstanceKlass com/android/tools/r8/internal/cX 1 1 407 1 8 1 1 7 1 7 1 100 1 1 1 1 1 12 10 1 1 1 7 1 1 12 10 1 100 1 100 1 12 9 1 7 1 1 12 10 1 100 1 100 1 1 12 10 1 1 12 9 1 1 12 9 1 100 1 12 10 1 12 10 1 100 1 1 12 10 1 1 1 7 1 1 12 10 12 9 1 1 1 1 100 1 12 10 1 1 1 1 7 1 12 9 1 7 1 12 10 1 100 12 10 1 1 12 10 1 7 1 1 12 10 1 12 10 1 12 10 1 7 1 12 10 1 1 12 10 1 1 12 10 1 7 1 12 10 1 100 1 8 1 100 1 1 12 10 15 1 12 18 1 12 10 1 7 1 12 10 1 7 10 1 100 10 1 100 10 1 100 10 1 7 10 1 7 10 1 100 1 12 10 1 1 7 1 12 10 1 1 12 10 1 12 10 1 1 12 10 1 8 1 12 10 1 100 1 16 12 10 15 1 16 1 100 1 1 12 10 15 1 1 12 18 1 1 12 9 1 12 10 1 12 10 1 1 12 10 1 100 1 1 12 10 1 1 12 9 1 100 1 12 10 1 12 10 10 1 1 1 8 1 12 10 1 100 1 12 11 1 100 1 1 12 10 1 1 12 10 1 12 10 1 100 1 12 10 1 12 10 1 12 9 1 12 9 1 100 1 12 10 1 1 100 1 12 10 1 1 12 10 1 12 10 1 8 1 12 18 1 1 1 1 1 1 100 1 12 10 1 1 100 1 100 9 1 12 10 1 1 12 10 1 100 1 100 1 12 10 1 12 10 1 12 10 1 1 100 1 1 12 10 1 100 1 12 9 1 100 10 1 100 1 12 10 1 1 100 1 12 10 1 1 1 7 12 9 12 10 1 12 10 1 100 12 10 1 1 100 1 12 10 1 1 1 1 1
staticfield com/android/tools/r8/internal/cX k Z 1
ciInstanceKlass com/android/tools/r8/internal/jm 1 1 286 1 8 1 1 7 1 7 1 7 1 1 1 1 1 1 1 7 1 1 12 10 1 100 1 100 1 100 1 12 9 1 12 9 1 100 1 1 12 10 1 1 1 12 10 12 9 1 1 12 10 1 1 1 7 1 12 10 12 9 1 1 1 1 7 1 1 12 9 1 7 1 12 10 1 1 1 1 12 10 1 7 1 12 10 1 100 12 10 1 1 1 1 1 12 10 1 12 10 1 12 10 1 7 1 12 10 1 1 12 10 1 7 11 1 1 12 11 1 12 10 12 10 1 12 10 11 1 1 7 1 12 9 1 1 12 9 1 7 1 12 10 1 12 10 1 1 1 100 12 10 1 12 10 1 1 12 10 1 12 10 1 8 1 12 10 12 10 1 8 10 1 1 1 8 1 12 10 1 1 12 10 1 1 12 10 1 1 7 1 12 10 12 10 1 12 10 1 7 1 1 12 10 1 12 10 1 1 1 12 10 1 1 12 10 1 100 12 10 1 100 1 12 10 1 12 9 1 7 1 12 10 1 100 1 8 1 100 1 1 12 10 15 1 12 18 10 1 1 100 1 12 10 1 1 100 1 100 1 12 10 1 12 10 1 12 10 1 100 10 1 1 100 1 12 10 1 12 10 1 1 1 1 1 1 1
staticfield com/android/tools/r8/internal/jm k Z 1
ciInstanceKlass com/android/tools/r8/internal/xk 1 1 179 1 8 1 1 7 1 7 1 1 1 1 12 10 1 1 7 1 1 12 10 12 9 1 1 1 1 1 1 1 7 1 12 10 1 7 1 12 10 1 100 10 1 1 12 10 1 7 1 12 11 1 1 12 11 1 1 7 1 1 12 10 12 10 1 7 1 1 12 9 1 7 1 12 10 1 12 10 1 7 1 12 10 1 1 8 1 12 10 1 1 8 1 1 1 12 11 12 10 12 10 1 8 1 100 1 1 12 10 15 1 12 18 1 8 1 12 18 1 1 1 12 10 1 1 12 10 1 1 1 100 1 100 1 12 10 1 12 10 1 12 10 1 1 1 100 1 1 12 9 1 100 1 12 10 1 100 12 9 12 10 1 1 12 9 1 100 1 12 10 1 1 12 10 1 1 1 1 1
staticfield com/android/tools/r8/internal/xk j Z 1
instanceKlass com/android/tools/r8/internal/sM
instanceKlass com/android/tools/r8/internal/uM
instanceKlass com/android/tools/r8/internal/vM$c
instanceKlass com/android/tools/r8/internal/vM$b
ciInstanceKlass com/android/tools/r8/internal/vM 1 1 266 1 8 1 1 7 1 1 7 1 7 1 100 1 100 1 7 1 100 1 100 1 100 1 7 1 100 1 7 1 1 1 1 1 1 1 1 1 1 1 1 1 1 12 10 12 9 12 9 12 9 12 9 12 9 1 1 1 1 12 9 1 1 16 1 12 10 15 1 16 1 7 1 1 12 10 15 1 1 12 18 1 7 1 12 10 12 10 15 18 1 16 1 12 10 15 1 16 1 1 12 18 1 1 12 10 12 10 15 1 16 18 1 16 1 1 12 10 15 1 16 1 1 12 18 1 12 10 1 12 10 15 18 1 1 1 7 1 12 10 12 9 1 1 12 10 12 10 1 100 12 11 1 1 1 1 1 1 1 12 10 15 1 12 18 1 12 10 12 10 12 9 12 10 12 10 1 12 10 1 1 7 1 12 11 1 1 7 12 9 1 1 12 11 1 12 10 1 1 12 10 1 8 1 100 10 12 10 12 10 1 1 12 10 1 8 1 12 10 1 8 1 12 10 1 100 1 12 9 1 8 12 10 1 8 12 10 1 8 12 10 1 8 12 10 1 1 1 1 1 1 1 1 1 1 1 1 100 1 8 1 1 12 10 1 1
staticfield com/android/tools/r8/internal/vM g Z 1
ciInstanceKlass com/android/tools/r8/internal/vM$b 1 1 144 1 8 1 1 7 1 7 1 1 7 1 1 7 1 1 1 1 1 1 1 1 16 12 10 15 1 7 1 1 12 10 15 1 12 18 1 7 1 1 12 10 1 7 12 11 1 7 1 12 10 1 16 1 1 12 10 15 1 16 1 1 12 18 1 12 10 1 1 1 12 10 12 9 12 9 1 12 9 1 100 1 12 10 1 1 10 10 1 1 7 1 1 12 10 12 10 12 9 1 1 1 1 12 10 1 12 9 1 12 10 9 1 12 10 1 12 9 12 9 12 10 12 9 12 9 1 12 9 9 1 12 10 15 18 1 1 1 1 1 1 1 1 1
staticfield com/android/tools/r8/internal/vM$b i Lcom/android/tools/r8/internal/vM$b; com/android/tools/r8/internal/vM$b
staticfield com/android/tools/r8/internal/vM$b j Z 1
ciInstanceKlass com/android/tools/r8/internal/vM$c 1 1 90 1 8 1 1 7 1 7 1 1 7 1 1 100 1 1 1 1 12 10 1 1 1 12 10 1 1 12 10 1 10 12 9 1 1 1 12 10 1 12 9 1 12 10 1 12 9 1 12 10 1 12 9 12 9 12 10 1 1 12 9 12 9 1 12 9 9 1 1 16 12 10 15 1 7 1 1 12 10 15 12 18 1 1 1 1 1 1 1 1
staticfield com/android/tools/r8/internal/vM$c h Lcom/android/tools/r8/internal/vM$c; com/android/tools/r8/internal/vM$c
ciInstanceKlass com/android/tools/r8/graph/g0 1 1 170 1 8 1 1 7 1 1 7 1 100 1 1 1 1 1 1 1 1 1 1 16 1 12 10 15 16 1 100 1 1 12 10 15 1 1 12 18 1 100 1 12 10 1 12 10 15 16 18 12 10 15 18 1 12 10 1 1 1 12 10 12 9 12 9 12 9 1 1 7 1 1 12 11 1 7 1 1 12 11 1 7 1 1 12 11 1 100 1 7 1 1 12 11 1 1 12 11 1 7 1 12 10 1 7 1 1 12 11 1 1 12 10 1 1 16 12 10 15 12 18 1 1 7 12 10 1 1 1 12 10 1 7 1 12 10 1 100 12 10 1 100 1 12 10 1 8 1 7 1 1 12 10 15 1 12 18 1 100 10 1 8 1 1 1 1 1 1 1 1
staticfield com/android/tools/r8/graph/g0 e I 0
ciInstanceKlass com/android/tools/r8/internal/eH 1 1 339 1 8 1 1 7 1 7 1 100 1 7 1 1 100 1 100 1 1 1 1 1 1 1 1 1 12 10 12 9 12 9 1 100 1 12 10 1 100 12 9 1 1 7 1 1 12 10 1 1 1 1 1 1 1 100 1 12 10 1 1 12 9 1 1 12 9 1 7 1 1 12 9 1 7 1 12 11 1 7 1 12 10 1 12 10 1 1 12 10 1 8 1 100 1 1 12 10 15 1 12 18 1 1 12 10 1 1 12 10 1 1 8 1 12 10 1 1 1 1 100 1 12 9 1 100 1 12 10 1 1 1 100 1 12 10 1 1 100 1 12 10 1 100 1 12 10 1 1 1 7 1 12 10 1 7 1 12 10 1 1 7 1 1 12 10 1 100 1 12 10 1 1 12 10 12 10 1 1 12 9 1 7 1 1 12 11 1 1 12 9 1 100 1 12 10 1 100 1 12 10 1 1 12 10 1 12 10 1 12 10 1 100 1 12 10 1 12 10 1 100 1 12 10 1 100 12 10 1 12 10 1 100 1 1 12 9 1 12 9 1 12 10 1 100 1 12 10 1 1 12 10 1 100 1 12 10 1 100 1 1 12 9 1 100 1 12 9 1 8 1 1 12 10 1 100 12 10 1 1 12 10 10 1 12 10 1 100 1 12 10 1 1 12 10 1 1 12 9 1 12 9 1 12 10 1 1 100 1 12 10 1 1 100 1 1 12 10 1 100 1 1 12 10 1 1 12 10 1 100 1 12 10 1 1 1 1 1 1
staticfield com/android/tools/r8/internal/eH k Z 1
instanceKlass com/android/tools/r8/internal/cF$a
ciInstanceKlass com/android/tools/r8/internal/cF 1 1 109 1 8 1 1 7 1 7 1 100 1 7 1 1 7 1 7 1 1 1 1 12 10 1 1 1 7 1 12 10 12 10 12 9 1 1 12 10 1 1 12 9 1 100 10 1 1 12 10 1 12 10 1 12 10 1 1 1 1 12 9 1 7 12 9 1 1 12 10 1 12 10 1 1 10 1 1 7 1 12 10 1 12 10 1 100 1 12 10 12 10 1 100 10 12 10 1 100 1 7 10 1 1 1 1 1 1 1 1
staticfield com/android/tools/r8/internal/cF a Z 1
instanceKlass com/android/tools/r8/internal/dF
ciInstanceKlass com/android/tools/r8/internal/cF$a 1 1 41 1 8 1 1 7 1 7 1 1 1 1 1 1 1 1 1 1 12 10 12 9 12 9 12 9 1 1 7 1 1 12 10 12 9 1 1 1 1 1 1
staticfield com/android/tools/r8/internal/cF$a e Z 1
ciInstanceKlass com/android/tools/r8/internal/bt 1 1 337 1 8 1 1 7 1 7 1 100 1 1 1 1 1 1 12 10 12 9 12 9 1 7 1 1 12 9 1 100 1 1 12 10 8 1 100 1 1 12 10 1 100 1 12 10 1 1 7 1 1 12 10 1 1 1 1 1 1 100 1 12 10 1 1 1 100 1 1 12 9 1 1 8 1 1 7 1 12 10 1 7 1 12 10 1 12 10 1 12 10 1 1 12 10 1 7 1 7 1 1 12 10 1 12 10 1 12 10 1 7 1 12 10 1 100 1 12 10 1 1 7 1 12 10 12 10 1 1 7 12 10 1 1 1 7 1 1 12 10 1 7 1 12 10 1 1 12 10 1 100 1 100 1 12 10 1 7 1 1 12 10 1 12 9 1 7 1 1 12 10 1 7 1 7 1 12 10 1 7 1 12 10 1 12 10 1 12 9 1 12 10 1 1 100 1 12 10 1 1 100 1 12 10 1 100 1 12 10 1 1 1 12 10 1 100 1 12 10 1 100 1 12 10 1 100 1 100 1 12 11 1 12 10 1 100 1 12 10 1 1 7 1 1 12 10 1 7 1 12 9 1 12 10 1 7 1 12 9 1 12 10 1 12 9 12 10 12 10 1 100 1 12 10 1 1 1 100 1 12 10 1 12 10 1 12 10 1 12 10 1 1 12 9 1 100 1 12 10 1 100 1 12 10 1 100 1 12 10 1 1 12 9 1 100 1 100 1 100 1 1 12 10 1 12 10 1 1 100 1 12 10 1 1 1 1 1
staticfield com/android/tools/r8/internal/bt n Z 1
instanceKlass com/android/tools/r8/internal/FU
ciInstanceKlass com/android/tools/r8/internal/U9 1 1 312 1 8 1 1 7 1 7 1 100 1 1 1 1 1 1 1 1 12 10 1 12 10 12 9 12 9 1 1 1 7 1 1 12 10 12 9 1 1 1 1 1 1 1 1 12 9 1 7 1 1 12 10 1 7 1 1 1 12 9 1 7 1 1 12 9 1 7 1 12 11 1 1 12 9 1 12 10 1 12 10 1 7 1 7 1 12 10 1 12 10 1 7 1 7 10 1 12 10 1 1 12 10 1 1 12 10 1 1 1 1 12 10 1 7 1 1 12 10 1 7 1 12 9 1 1 12 10 1 100 12 10 1 100 1 12 10 1 1 12 10 1 12 10 1 12 10 1 12 10 1 12 10 1 100 1 12 10 1 100 1 12 10 1 100 12 10 1 1 12 9 12 10 1 100 1 12 10 1 100 1 12 10 1 7 1 12 10 1 12 10 1 12 10 1 1 12 10 1 8 1 100 1 1 12 10 15 1 12 18 1 1 100 1 12 9 1 100 1 12 10 1 1 12 10 1 12 10 1 1 100 1 12 10 12 10 1 1 1 1 100 1 12 10 1 100 1 12 10 1 1 100 1 1 12 10 1 100 1 100 1 1 12 10 1 12 10 1 12 10 1 100 12 10 1 100 12 10 1 12 10 1 12 10 12 10 1 100 1 12 10 1 8 1 12 18 1 12 10 1 1 1 100 1 12 10 1 1 1 1 1 1
staticfield com/android/tools/r8/internal/U9 k Z 1
ciInstanceKlass com/android/tools/r8/internal/Lo 1 1 61 1 8 1 1 7 1 1 100 1 7 1 100 1 1 1 100 8 1 1 12 10 1 1 1 1 1 1 12 11 1 1 12 11 1 7 12 11 1 12 11 1 1 1 1 1 1 1 100 1 8 1 1 12 10 1 1 1 8 1 1
ciInstanceKlass com/android/tools/r8/internal/Co 1 1 364 1 8 1 1 7 1 7 1 100 1 100 1 1 1 1 1 1 12 10 1 7 1 7 1 1 12 10 1 12 10 12 9 1 1 12 10 1 100 1 1 12 9 1 12 10 1 7 1 12 10 1 1 12 9 1 12 10 1 1 1 7 1 1 12 10 1 1 1 1 7 1 1 12 9 1 7 1 1 12 10 1 1 12 10 1 1 12 10 1 7 1 12 10 1 1 12 10 1 1 12 10 1 7 1 12 10 1 100 1 8 1 100 1 1 12 10 15 1 12 18 1 12 10 1 7 1 12 10 1 7 10 1 7 10 1 7 10 1 7 10 1 7 10 1 7 10 1 100 1 12 10 1 1 1 7 1 12 10 1 7 12 10 1 1 12 10 1 100 1 100 1 12 10 1 12 10 1 100 1 1 12 10 1 100 1 8 1 12 10 1 100 1 100 1 1 12 10 1 1 12 10 1 100 1 12 10 1 12 9 1 100 1 12 10 1 12 10 10 1 12 10 1 7 1 12 11 1 7 1 1 12 10 1 1 12 10 1 1 12 10 1 7 1 12 10 1 1 12 10 1 12 9 1 7 1 12 10 1 1 1 8 1 1 100 1 12 10 1 1 1 1 1 1 1 12 10 1 12 10 1 8 1 12 18 1 1 100 1 12 10 1 1 100 1 100 1 12 9 1 12 10 1 1 12 10 1 100 1 100 1 12 10 1 12 10 1 12 10 1 1 1 1 1 1 100 1 1 12 10 1 100 1 12 10 1 100 1 12 10 1 1 1 100 1 12 10 1 1 100 1 12 10 1 1 100 1 12 10 1 1 1 1 1
staticfield com/android/tools/r8/internal/Co k Z 1
instanceKlass com/android/tools/r8/internal/cj
instanceKlass com/android/tools/r8/internal/dj
instanceKlass com/android/tools/r8/internal/AW
instanceKlass com/android/tools/r8/internal/zW
instanceKlass com/android/tools/r8/internal/cM
ciInstanceKlass com/android/tools/r8/internal/f20 1 1 916 1 8 1 1 7 1 1 7 1 100 1 7 1 100 1 100 1 1 1 1 1 1 1 1 1 1 1 1 1 1 1 1 1 1 1 1 1 1 1 1 1 1 1 1 1 12 10 12 9 1 7 10 12 9 12 9 12 9 12 9 12 9 12 9 12 9 12 9 12 9 1 100 10 1 7 1 100 12 9 1 12 10 12 9 12 9 1 1 1 7 1 1 12 11 1 7 1 7 1 1 12 11 1 1 12 11 1 7 1 1 12 11 1 12 11 1 12 10 1 1 12 10 1 1 12 11 12 10 1 1 12 10 1 12 10 16 15 16 1 7 1 1 12 10 15 1 1 12 18 1 12 10 1 1 1 1 7 1 12 10 1 12 10 12 10 12 9 1 12 10 15 1 12 18 1 12 10 1 12 10 15 1 16 1 12 18 1 1 12 10 1 12 10 1 7 1 100 1 100 1 100 1 100 1 8 1 100 1 1 12 10 15 1 12 18 1 100 1 1 12 10 1 12 10 1 12 10 1 12 10 1 12 9 1 12 10 1 7 1 1 12 10 1 100 1 8 1 12 18 1 12 10 1 12 10 1 12 10 1 12 10 1 12 10 1 12 10 1 12 10 1 12 10 1 12 10 1 12 10 1 12 10 1 12 10 1 12 10 1 1 12 10 1 7 1 12 10 1 12 10 12 10 1 12 10 12 10 1 12 10 1 12 10 1 12 10 1 100 1 12 10 1 100 1 12 9 1 1 1 7 1 1 7 1 12 9 1 7 1 12 9 1 12 10 1 7 1 7 12 10 12 11 1 12 11 1 1 12 10 1 100 1 1 1 1 12 10 1 1 12 9 1 12 10 1 7 1 12 10 1 12 9 1 1 12 10 12 9 12 10 12 9 1 1 12 10 1 12 10 1 100 1 12 10 1 1 7 1 12 10 1 12 11 1 1 7 10 1 12 10 1 1 100 1 12 10 1 1 12 10 1 12 11 1 10 1 10 1 12 10 1 12 10 12 10 1 1 1 12 10 1 7 12 10 10 1 7 1 12 10 1 7 10 1 12 10 1 100 1 1 12 10 1 12 10 1 100 12 10 1 1 7 1 12 10 11 1 7 1 12 11 1 1 7 1 12 10 1 16 12 10 15 1 16 1 1 12 18 1 7 1 12 10 12 11 1 1 12 11 1 100 1 1 12 10 15 1 12 18 1 12 10 1 12 10 1 7 10 1 12 10 12 10 1 12 9 1 100 1 10 12 10 1 12 10 12 10 1 12 10 1 7 1 1 7 1 1 12 10 1 1 1 1 100 8 10 1 1 12 10 1 8 1 12 10 12 9 1 12 10 1 1 12 10 1 12 10 1 8 1 12 10 1 8 12 9 12 10 1 1 1 7 1 12 10 1 1 12 10 1 12 10 12 10 1 1 100 1 100 1 100 1 12 10 1 12 10 1 7 1 12 9 1 12 10 1 12 9 1 100 1 12 10 12 10 12 10 12 10 1 1 1 12 10 15 18 12 10 1 12 10 15 18 1 1 12 10 1 12 10 1 12 9 1 100 1 1 12 10 12 10 1 12 10 1 100 12 10 1 1 7 12 10 1 12 11 1 1 12 10 1 7 11 12 10 12 10 1 1 12 10 1 7 1 12 10 1 12 10 1 12 10 1 1 12 10 1 12 9 1 12 9 1 12 10 1 12 10 10 1 100 1 8 1 12 18 12 10 1 12 10 1 100 1 8 1 12 18 1 1 100 12 9 1 12 10 1 12 10 1 12 10 10 15 16 18 12 10 1 12 10 1 12 9 1 12 10 1 100 12 10 10 12 10 1 100 12 10 1 12 10 1 100 12 10 10 1 12 9 12 9 1 12 10 1 12 10 1 1 12 10 1 100 1 12 10 1 12 10 12 10 1 12 10 12 10 15 18 10 1 12 10 1 1 1 1 12 10 1 12 10 1 100 1 12 11 1 1 12 11 12 10 15 1 12 18 1 100 1 1 12 11 1 12 11 12 11 1 100 11 12 10 1 12 11 1 100 1 12 10 12 9 1 12 10 12 11 1 1 1 1 1 1 1 1
staticfield com/android/tools/r8/internal/f20 p Lcom/android/tools/r8/internal/f20; com/android/tools/r8/internal/f20
staticfield com/android/tools/r8/internal/f20 q Z 1
instanceKlass com/android/tools/r8/internal/dM
ciInstanceKlass com/android/tools/r8/internal/cM 1 1 458 1 8 1 1 7 1 7 1 100 1 100 1 7 1 1 1 1 1 1 1 1 1 1 1 1 1 1 12 10 1 7 1 12 10 12 9 12 9 12 9 12 9 1 7 1 12 10 1 1 7 1 1 12 10 12 9 1 1 1 12 10 1 100 1 1 12 9 1 8 1 100 1 1 12 10 15 1 12 18 1 12 10 1 1 12 10 1 7 1 1 12 11 1 1 12 10 1 1 12 10 1 12 10 12 9 1 100 10 1 1 1 1 12 9 12 10 12 10 1 1 1 12 10 1 12 10 1 7 1 1 12 11 1 1 12 11 1 7 1 12 11 1 1 12 11 1 12 10 1 1 12 9 1 7 10 1 1 12 9 1 12 10 1 100 1 8 10 1 12 9 1 1 1 12 10 1 1 1 1 10 1 1 12 10 11 1 10 1 12 10 1 7 1 1 12 10 1 12 10 12 10 1 7 1 12 10 1 7 1 1 12 10 1 7 1 7 1 12 10 1 1 12 9 1 7 1 12 10 1 7 1 12 9 1 12 9 1 7 1 1 12 10 1 7 1 12 9 1 12 10 1 1 12 11 1 12 10 1 7 1 1 12 11 11 1 7 1 12 11 1 1 12 11 12 10 1 12 10 12 10 1 1 12 10 12 10 1 1 1 100 10 8 1 1 12 10 1 12 9 1 12 10 1 8 1 12 10 1 8 1 8 16 1 12 10 15 1 16 1 100 1 1 12 10 15 1 1 12 18 1 100 1 12 10 1 100 1 12 10 1 8 1 12 10 10 1 1 100 12 10 1 10 1 1 100 1 12 10 12 10 1 100 1 100 1 12 10 1 12 10 10 1 12 10 1 1 1 12 10 1 12 10 1 100 10 10 10 1 12 10 1 12 10 1 1 12 10 12 10 12 10 1 12 10 1 12 10 1 100 12 10 1 12 10 1 7 10 10 1 12 10 1 12 10 1 12 10 1 100 1 12 10 16 12 10 15 16 1 1 12 18 1 1 12 10 1 1 100 10 1 1 1 1 1 1 1 1
staticfield com/android/tools/r8/internal/cM w Z 1
ciInstanceKlass com/android/tools/r8/internal/mU 1 1 217 1 8 1 1 7 1 7 1 1 1 1 12 10 1 12 10 1 1 7 1 1 12 10 12 9 1 1 1 1 1 1 7 1 1 12 9 1 7 1 12 10 1 1 12 10 1 100 10 1 1 12 10 1 7 1 1 1 7 10 12 10 1 1 12 9 1 7 1 1 12 9 1 7 1 12 11 1 1 12 10 1 7 12 10 1 7 1 12 10 1 12 10 1 7 10 1 12 10 1 7 10 1 100 10 1 12 10 1 1 12 9 1 7 1 1 12 9 1 7 10 1 12 9 1 12 10 1 100 1 12 10 1 12 10 1 100 1 12 10 1 1 12 10 1 1 12 10 1 1 1 8 1 12 10 1 1 100 1 12 9 1 1 100 1 12 10 1 1 100 10 1 100 1 100 1 100 1 12 10 1 12 10 1 100 1 12 10 1 1 100 1 1 12 10 1 100 1 1 12 10 1 1 12 10 1 100 1 12 10 1 12 10 1 1 1 1
staticfield com/android/tools/r8/internal/mU j Z 1
ciInstanceKlass com/android/tools/r8/internal/Fr 1 1 100 1 8 1 1 7 1 7 1 100 1 1 12 10 1 1 1 1 1 7 1 1 12 9 1 1 1 1 100 1 12 9 1 1 100 1 12 9 1 1 1 1 100 10 1 1 1 100 1 12 10 12 10 12 10 1 12 10 1 1 12 10 1 1 12 10 1 12 10 1 12 10 1 1 12 10 12 10 1 1 12 10 12 10 1 1 12 10 1 12 10 1 1 12 10 1 1 1 1 1
ciInstanceKlass com/android/tools/r8/internal/Kl 1 1 1686 1 8 1 1 7 1 7 1 7 1 7 1 7 1 7 1 7 1 7 1 100 1 1 7 1 7 1 1 1 1 1 1 1 1 1 1 1 1 1 1 1 1 1 1 1 1 1 1 1 1 1 1 1 1 1 1 1 1 1 1 1 1 1 1 1 1 1 1 1 1 1 1 1 1 1 1 7 1 1 12 10 1 100 1 8 1 7 1 1 12 10 15 1 12 18 1 1 12 10 1 7 1 12 10 1 12 10 1 12 10 1 12 10 1 12 10 1 12 10 1 12 10 1 1 7 1 12 10 1 7 1 1 12 10 1 7 1 12 10 1 7 1 12 10 1 12 10 1 7 1 7 1 12 10 1 7 1 12 10 1 12 10 1 1 7 12 9 1 7 1 1 12 10 1 7 1 1 12 10 1 7 1 12 9 1 1 1 12 10 1 1 7 1 12 10 10 1 7 10 12 9 1 7 10 12 9 10 12 9 12 9 12 9 9 12 9 12 9 12 9 12 9 12 9 12 9 1 7 10 12 9 12 9 12 9 12 9 12 9 1 7 10 12 9 1 100 10 1 100 1 7 1 7 1 100 12 9 12 9 12 9 12 9 12 9 12 9 12 9 12 9 1 1 7 1 12 10 1 16 12 10 15 16 1 7 1 1 12 10 15 1 1 12 18 1 100 1 1 12 11 1 1 100 1 8 1 12 18 10 1 1 7 1 12 9 12 9 12 9 1 1 7 1 12 9 1 12 10 1 7 1 12 10 1 1 12 10 1 12 10 1 12 10 1 100 1 12 10 1 7 1 7 1 12 10 12 10 12 10 1 1 12 10 1 7 1 12 9 12 10 12 10 1 12 10 1 12 10 1 7 10 10 1 7 1 1 12 11 1 7 1 12 11 1 1 12 11 1 12 10 1 12 10 12 10 1 12 10 1 1 12 11 1 7 1 8 1 12 18 10 1 1 7 1 12 10 1 12 10 1 12 11 1 8 1 12 18 1 100 1 8 10 12 10 1 12 10 1 12 10 12 10 10 10 1 12 10 1 1 12 11 1 100 10 1 7 1 1 12 10 1 12 10 10 1 12 10 12 10 1 12 10 1 7 12 10 10 1 12 9 1 7 11 1 12 9 1 7 10 12 9 12 9 12 9 12 9 12 9 1 1 12 10 1 10 1 100 1 12 10 1 7 10 1 12 10 1 12 10 1 12 10 1 12 11 1 7 1 12 11 10 1 7 1 12 11 1 7 12 11 1 12 11 12 9 10 1 7 1 12 10 1 7 1 12 10 1 7 11 9 12 9 1 12 10 1 12 10 10 1 12 10 12 10 1 12 10 12 10 1 12 10 12 10 1 1 12 10 11 1 12 10 1 1 12 9 1 12 10 1 100 1 12 10 1 1 12 9 1 12 10 1 7 12 10 1 7 1 7 1 1 12 10 1 12 11 12 9 1 7 12 10 12 10 12 10 1 12 11 1 7 1 12 10 1 7 10 1 12 10 12 9 12 9 12 10 12 9 1 1 12 10 1 7 10 1 12 9 3 1 12 10 1 12 9 11 1 12 10 1 7 12 10 1 12 10 1 100 12 10 1 12 10 1 12 9 1 7 12 10 1 7 1 12 10 1 12 10 1 12 10 10 12 10 1 12 10 12 9 10 12 10 1 100 1 100 1 12 10 1 12 10 1 12 10 12 10 1 12 11 10 10 1 12 10 12 11 11 12 10 10 1 12 11 12 11 12 10 12 11 1 12 10 1 12 10 12 9 12 10 12 9 12 11 1 12 11 1 12 9 1 12 10 1 12 10 1 12 10 12 9 1 12 10 1 7 10 12 9 9 1 12 9 1 7 10 12 10 12 10 1 12 11 10 1 12 10 1 1 12 10 1 100 1 12 10 1 100 1 7 1 12 10 12 10 1 12 10 12 10 1 12 10 1 12 10 11 12 10 12 10 10 1 7 1 12 10 10 1 7 1 12 10 1 12 9 1 7 11 10 1 12 10 1 7 1 12 10 12 10 12 10 1 7 10 1 12 10 12 10 12 10 16 12 10 15 16 1 1 12 18 1 7 1 12 11 10 1 7 1 7 12 9 1 12 10 1 7 10 12 9 1 12 9 10 1 12 10 1 7 1 12 10 12 10 1 12 9 12 10 12 9 12 9 1 7 10 10 1 12 10 10 12 9 12 9 10 10 1 12 10 1 12 10 1 1 12 10 1 12 11 1 12 10 11 1 1 12 10 1 1 12 11 10 12 9 10 9 1 12 9 1 8 10 1 12 10 12 9 9 12 9 1 12 10 1 12 10 1 7 12 10 11 12 10 1 12 10 1 12 10 10 12 10 1 7 1 12 10 10 12 10 1 100 1 7 1 12 10 1 12 10 1 12 10 1 12 10 12 10 1 12 10 12 9 1 1 12 10 12 9 1 100 1 12 10 1 12 9 1 100 12 9 12 9 1 12 9 1 12 10 1 12 9 1 12 10 12 9 1 12 10 12 10 1 100 1 12 10 12 10 1 12 10 11 12 10 11 1 12 9 1 12 10 1 7 1 12 9 1 12 9 12 10 1 12 10 1 12 10 1 7 12 10 1 12 10 10 12 10 1 1 12 10 1 7 1 12 10 1 7 1 12 10 12 10 12 10 12 10 1 7 1 12 10 1 7 12 10 1 12 9 1 7 1 12 9 1 7 12 10 1 12 10 1 7 1 12 10 1 100 12 10 1 7 1 12 10 10 1 12 10 1 7 1 12 10 1 1 7 1 12 10 1 1 12 9 1 7 1 12 9 1 12 10 1 7 1 12 10 1 1 7 1 12 9 1 12 10 1 100 1 12 9 1 100 1 12 10 1 1 100 12 9 1 100 1 12 10 1 7 10 10 1 1 12 10 1 7 10 1 7 10 10 12 10 1 1 7 12 9 1 7 1 12 10 1 7 1 12 10 1 1 100 1 12 9 12 10 12 9 1 12 9 1 12 9 1 7 1 1 12 10 1 100 9 1 1 12 10 1 12 10 12 10 1 12 10 1 12 10 1 11 1 1 12 11 12 10 15 16 18 1 100 1 1 12 11 12 10 1 12 10 1 12 9 1 1 12 10 1 7 10 1 12 10 1 12 10 1 7 1 7 12 10 12 10 1 1 7 1 12 10 12 9 1 7 10 5 0 12 9 1 7 10 1 12 10 1 12 10 12 10 12 10 10 1 12 9 12 9 1 12 9 1 7 10 11 1 1 7 1 12 10 1 7 10 1 7 10 1 1 100 12 10 1 7 10 10 9 1 12 10 12 10 1 7 1 12 10 1 7 10 1 7 10 1 7 10 1 7 10 1 12 10 1 12 10 1 1 12 10 12 9 12 9 1 12 10 1 12 10 1 1 7 1 12 10 12 11 12 9 1 8 1 12 18 12 10 12 10 11 1 12 10 1 7 1 1 12 10 11 10 12 10 10 1 100 1 8 10 12 10 1 1 12 10 1 8 10 12 10 12 10 1 12 10 1 7 12 10 12 10 1 12 11 1 12 10 1 12 11 1 7 1 12 10 1 12 10 1 100 1 12 9 1 100 1 12 11 1 8 18 10 1 12 10 1 12 10 1 12 10 12 10 12 10 1 12 10 10 10 12 10 11 1 12 11 1 12 9 16 12 10 15 1 16 1 12 18 1 12 10 12 9 1 100 1 12 10 1 12 10 1 12 9 1 1 100 1 12 10 1 100 1 100 10 1 100 1 12 9 1 100 1 12 10 1 100 1 100 12 9 12 9 1 12 9 1 12 10 1 1 7 1 12 10 10 1 1 1 1 1 1 1
staticfield com/android/tools/r8/internal/Kl D Z 1
ciInstanceKlass com/android/tools/r8/internal/dM 1 1 131 1 8 1 1 7 1 7 1 100 1 1 1 1 1 12 10 1 1 1 7 1 1 12 10 12 9 1 1 100 1 12 10 1 100 12 10 1 7 1 1 12 9 1 7 1 12 10 1 1 12 10 1 12 10 1 100 1 1 12 10 1 12 10 1 12 10 1 100 10 1 12 10 1 12 10 1 100 1 1 12 10 1 1 1 12 10 1 7 1 12 10 1 1 12 10 1 7 1 1 12 11 1 7 1 12 11 1 1 12 11 1 12 10 1 12 10 1 12 10 1 7 1 12 10 1 1 1 1 1 1
staticfield com/android/tools/r8/internal/dM x Z 1
instanceKlass com/android/tools/r8/internal/mY
instanceKlass com/android/tools/r8/internal/os
ciInstanceKlass com/android/tools/r8/internal/NY 1 1 81 1 8 1 1 7 1 7 1 1 1 1 1 1 1 1 1 12 10 12 9 12 9 1 1 1 7 1 1 12 10 12 9 1 1 1 7 1 1 12 9 1 100 1 1 12 10 1 100 1 1 1 1 12 10 1 7 1 1 12 10 1 7 11 1 1 1 12 10 1 1 12 11 1 1 1 1 1 1 1 1
staticfield com/android/tools/r8/internal/NY l Z 1
ciInstanceKlass com/android/tools/r8/internal/os 1 1 290 1 8 1 1 7 1 7 1 100 1 100 1 1 1 1 1 1 1 1 7 1 12 10 5 0 5 0 1 5 0 5 0 5 0 5 0 12 10 12 10 12 9 1 100 1 1 12 10 100 5 0 1 100 1 1 12 10 1 1 7 1 12 10 1 1 12 10 12 9 1 12 10 1 1 1 7 1 1 12 9 1 7 1 1 12 10 1 7 1 1 12 10 1 100 10 1 100 1 1 12 10 1 12 10 1 1 12 10 1 100 1 1 12 10 10 1 100 1 1 12 9 1 100 1 12 10 1 100 1 12 10 1 100 1 1 12 10 1 12 10 1 1 1 1 1 1 1 1 1 12 9 1 7 1 1 12 9 1 7 1 12 11 1 12 9 12 10 1 7 1 12 10 1 12 9 1 1 12 9 1 12 9 1 7 1 12 10 1 1 12 10 1 12 10 1 7 10 1 1 1 1 1 100 12 10 1 12 10 1 100 1 12 10 1 1 12 10 1 12 10 1 8 1 12 10 1 8 12 10 1 8 1 12 10 10 1 1 100 1 12 10 1 1 100 1 12 10 10 1 12 10 1 1 12 10 12 9 1 100 1 100 1 12 9 11 1 12 9 1 12 10 1 12 10 12 9 1 12 9 1 12 9 3 1 1 1 1 1 1
staticfield com/android/tools/r8/internal/os n Z 1
ciInstanceKlass com/android/tools/r8/internal/bG 1 1 187 1 8 1 1 7 1 7 1 1 1 1 1 1 1 1 1 12 10 12 9 12 9 1 1 1 7 1 1 12 10 12 9 1 1 1 1 1 1 1 12 9 1 1 12 9 1 7 1 1 12 9 1 7 1 12 11 1 7 1 12 10 1 12 10 1 1 100 1 8 1 12 10 1 1 1 7 1 1 12 10 1 7 1 1 12 9 1 7 1 12 10 1 1 12 10 1 1 7 1 1 12 10 1 12 9 1 100 1 1 12 10 1 100 1 12 10 1 100 1 1 12 10 1 12 9 1 100 12 10 1 7 1 12 9 1 12 9 1 1 100 1 12 9 1 1 100 1 12 10 1 1 1 1 1 7 1 12 10 1 7 1 12 10 1 1 1 1 1 100 1 1 12 10 1 1 12 10 1 100 1 12 10 1 1 1 1
staticfield com/android/tools/r8/internal/bG k Z 1
ciInstanceKlass com/android/tools/r8/internal/te 1 1 116 1 8 1 1 7 1 7 1 1 1 1 1 12 10 1 1 7 1 1 12 10 12 9 1 1 1 1 1 1 1 1 1 12 10 1 100 1 12 10 1 7 1 1 12 10 1 100 1 100 12 10 1 7 1 7 1 7 10 1 12 10 1 12 10 1 1 1 1 100 10 1 1 1 100 1 1 12 9 1 1 7 1 12 9 1 1 1 1 100 1 100 10 1 12 10 1 1 1 1 100 1 12 9 1 1 12 9 1 1 12 10 1 1 1 1
staticfield com/android/tools/r8/internal/te i Z 1
ciInstanceKlass com/android/tools/r8/internal/HI 1 1 21 1 8 1 1 7 1 7 1 1 1 1 12 10 12 9 1 1 1 1 1
ciInstanceKlass com/android/tools/r8/internal/Zq 1 0 13 1 8 1 1 100 1 100 1 100 1 1 1
ciInstanceKlass com/android/tools/r8/internal/J4 1 1 1156 1 8 1 1 7 1 7 1 7 1 7 1 100 1 100 1 100 1 100 1 1 100 1 7 1 1 1 1 1 1 1 1 1 1 1 1 1 1 1 1 1 1 1 1 1 1 1 1 1 12 10 1 7 10 12 9 12 9 12 9 1 7 12 9 9 1 7 10 12 9 12 9 12 9 12 9 12 9 1 7 10 12 9 12 9 12 9 12 9 12 9 1 1 12 10 1 12 10 1 7 1 1 12 11 10 1 7 10 1 12 10 1 12 10 1 12 10 1 1 12 10 1 7 1 12 10 1 1 8 1 12 9 1 1 12 10 1 100 10 1 1 12 10 1 1 7 1 1 12 10 1 1 16 12 10 15 16 1 7 1 1 12 10 15 1 1 12 18 1 1 12 10 1 1 12 10 1 100 1 12 10 1 7 1 12 10 1 12 10 1 1 12 10 1 7 1 1 12 11 16 1 12 10 15 1 16 1 1 12 18 1 100 1 1 12 11 1 1 12 9 1 1 12 11 12 9 11 1 7 1 12 10 1 7 1 12 10 1 12 10 11 1 12 10 15 1 16 1 12 18 1 12 11 1 12 11 12 10 12 10 1 100 10 1 1 12 11 1 7 1 12 11 1 1 12 11 1 12 10 1 8 1 8 1 1 12 10 10 1 1 12 10 1 7 10 1 1 7 12 9 1 100 10 1 7 1 1 12 10 11 1 1 1 12 10 1 12 10 1 12 10 1 12 10 11 1 12 10 1 7 1 12 10 1 1 1 1 12 10 1 12 10 10 1 7 1 12 10 1 7 1 12 10 15 1 12 18 1 7 12 11 1 12 10 12 10 11 1 1 12 10 12 10 1 8 12 10 1 7 1 12 10 1 12 10 1 1 8 12 10 1 12 10 1 12 9 9 12 10 1 12 9 10 1 12 10 10 1 12 10 1 1 12 11 10 1 12 10 1 12 10 1 1 12 10 1 12 11 1 12 10 1 12 10 1 1 12 10 10 1 8 1 1 12 10 1 12 10 11 1 1 8 1 12 10 1 12 10 12 10 1 12 10 1 12 10 1 12 10 9 1 12 10 12 10 1 12 9 1 1 12 10 1 100 12 10 1 7 1 12 10 1 12 10 1 100 1 100 1 12 10 12 10 1 1 12 10 1 12 10 10 12 9 12 9 1 12 10 1 1 12 10 1 100 12 9 1 12 9 100 1 12 10 1 12 10 11 1 8 1 1 1 12 10 1 1 1 8 1 100 1 1 12 10 15 1 12 18 1 8 1 1 16 12 10 15 1 12 18 12 10 15 18 1 1 10 1 12 10 1 12 10 1 1 12 10 1 7 1 12 11 1 12 11 12 10 12 10 15 16 18 10 10 1 10 1 12 10 1 8 1 12 18 1 7 10 10 1 100 1 7 10 1 12 10 11 1 7 1 12 11 1 12 11 1 12 10 10 1 11 1 1 1 12 10 1 7 12 10 12 10 1 12 10 10 12 10 1 12 10 1 12 10 12 10 1 12 10 11 1 12 11 12 9 1 12 10 10 15 18 1 1 12 11 1 1 12 11 1 100 10 1 1 100 1 100 10 1 12 10 1 1 12 9 1 12 10 1 12 9 1 1 12 10 12 9 1 12 10 1 1 12 10 1 1 12 10 1 7 11 1 12 9 1 1 1 12 10 1 12 10 1 100 10 1 8 1 1 12 10 1 12 10 1 8 18 1 8 18 1 8 18 1 8 1 12 18 1 8 18 1 8 16 12 10 15 16 1 1 12 18 1 100 12 10 12 11 1 12 10 1 8 12 10 15 1 12 18 1 8 10 1 8 1 8 1 12 10 1 8 1 8 12 9 1 8 1 100 1 12 11 1 12 9 1 8 1 12 10 1 12 10 1 12 10 1 100 1 1 12 10 1 12 10 1 1 12 10 1 12 10 1 12 10 1 12 10 1 8 12 10 1 100 12 9 11 1 8 1 8 1 8 10 10 1 1 12 10 11 1 7 1 1 12 10 10 12 9 1 12 9 1 12 10 1 12 10 12 9 1 7 1 12 10 15 1 16 1 12 18 1 12 10 1 1 12 10 1 1 7 1 12 9 1 7 1 12 10 1 1 12 10 1 11 12 10 12 10 1 12 10 12 10 1 1 100 1 12 9 1 100 1 1 12 9 1 100 1 1 12 10 1 12 10 12 9 1 100 1 100 10 1 12 9 1 100 12 10 12 9 1 12 10 1 12 10 1 12 10 12 10 9 12 11 1 100 1 8 1 12 10 1 12 9 1 12 10 1 12 10 12 10 1 7 10 1 12 10 10 1 12 10 10 1 7 1 12 10 12 10 1 12 10 12 10 12 11 1 1 100 10 1 100 1 100 1 12 10 12 10 12 11 12 10 12 10 15 16 1 12 18 11 12 10 15 18 10 12 10 15 1 12 18 10 12 9 1 12 10 1 100 1 12 11 1 12 10 1 100 1 7 10 1 7 1 7 12 11 10 10 1 1 1 12 10 12 10 12 10 1 100 1 12 10 10 1 12 10 1 8 1 100 1 1 12 11 1 1 12 10 1 1 12 10 1 12 10 1 7 11 1 1 1 12 9 12 10 1 1 1 1 1 1 1 1
staticfield com/android/tools/r8/internal/J4 p Z 1
ciInstanceKlass com/android/tools/r8/internal/pM 0 0 169 1 8 1 1 100 1 100 1 1 1 1 1 12 10 12 9 1 100 1 1 12 10 1 100 1 12 10 1 1 100 1 12 10 1 1 1 1 1 1 12 10 12 10 1 1 12 9 1 100 1 1 12 10 1 1 1 1 100 1 1 12 10 12 10 1 1 12 10 16 1 12 10 15 16 1 100 1 1 12 10 15 1 1 12 18 1 12 10 1 1 12 10 1 1 12 10 1 100 1 12 9 1 1 100 10 1 1 1 100 1 1 12 9 1 1 8 1 12 10 1 1 8 1 1 1 12 10 1 1 12 10 1 100 1 100 12 10 1 100 1 12 9 12 9 1 12 10 1 100 1 12 10 1 1 8 1 1 1 100 1 12 9 1 1 1 1 1 1
ciInstanceKlass com/android/tools/r8/internal/V6 1 1 137 1 8 1 1 7 1 7 1 100 1 100 1 100 1 1 1 1 1 1 1 1 1 1 1 1 12 10 1 7 1 1 12 10 12 9 12 9 1 12 9 1 7 1 1 12 11 1 100 10 1 1 12 11 1 1 12 10 1 1 1 12 11 1 1 7 1 12 10 10 12 9 12 9 10 1 12 9 1 7 1 12 10 1 1 100 10 1 16 12 10 15 1 16 1 100 1 1 12 10 15 1 1 12 18 1 12 10 12 10 1 1 12 11 1 7 1 7 12 11 1 1 1 12 10 1 12 10 1 12 10 1 1 1 1 1 1
staticfield com/android/tools/r8/internal/V6 e Lcom/android/tools/r8/internal/V6; com/android/tools/r8/internal/V6
staticfield com/android/tools/r8/internal/V6 f Lcom/android/tools/r8/internal/V6; com/android/tools/r8/internal/V6
staticfield com/android/tools/r8/internal/V6 g Z 1
ciInstanceKlass com/android/tools/r8/internal/ir 1 1 91 1 8 1 1 7 1 7 1 1 1 1 12 9 1 12 10 1 1 1 7 12 10 1 1 1 7 1 1 12 11 1 7 1 1 12 10 1 12 11 1 7 1 1 12 9 1 1 12 9 1 1 12 9 1 100 1 1 12 9 1 7 1 1 12 10 1 12 9 100 1 1 12 9 1 12 9 1 12 10 1 12 10 1 1 12 10 1 1 1 1
ciInstanceKlass com/android/tools/r8/internal/er 1 1 43 1 8 1 1 7 1 7 1 100 1 1 1 1 1 1 12 9 1 12 10 1 1 12 10 12 9 1 7 1 1 12 9 1 1 1 1 12 10 10 1 1 1
ciInstanceKlass com/android/tools/r8/internal/hr 1 1 86 1 8 1 1 7 1 7 1 100 1 100 1 1 1 1 1 1 12 9 1 12 10 12 9 1 1 1 7 1 12 9 1 1 1 1 12 9 1 1 1 1 1 12 11 1 7 1 12 10 12 11 1 1 100 1 1 12 10 1 1 1 100 10 1 1 12 10 1 8 1 12 10 1 12 10 12 10 1 1 12 10 1 1 1 1
ciInstanceKlass com/android/tools/r8/internal/Nl 1 1 1417 1 8 1 1 7 1 7 1 100 1 100 1 7 1 7 1 100 1 100 1 1 7 1 7 1 1 100 1 7 1 1 1 1 1 1 1 1 1 1 1 1 1 1 1 1 1 1 1 1 1 1 1 1 1 1 12 10 12 9 12 9 12 9 1 100 10 1 100 1 100 1 7 1 7 1 100 1 100 1 1 12 10 12 10 12 9 12 9 12 9 12 9 12 9 12 9 12 9 12 9 12 9 1 1 7 1 12 10 1 1 1 12 10 1 1 12 9 1 1 7 1 12 9 1 100 1 1 12 11 1 1 12 11 1 100 1 1 12 11 1 1 7 1 1 12 10 1 1 12 10 1 7 1 1 12 11 16 1 12 10 15 16 1 7 1 1 12 10 15 1 12 18 1 12 11 12 10 1 12 9 1 7 1 12 10 1 12 10 12 10 12 10 15 18 1 12 10 1 100 1 1 12 10 1 100 1 12 10 1 12 10 1 1 12 10 1 100 1 1 12 10 1 7 1 12 10 1 12 10 1 100 1 1 12 10 1 100 12 10 1 12 10 10 1 100 1 100 1 12 11 1 100 12 10 1 1 1 12 10 1 100 1 1 12 11 1 7 1 12 10 1 11 1 100 1 12 10 1 1 100 1 12 10 1 1 12 10 1 7 1 1 12 10 1 7 1 12 11 1 1 12 11 12 10 1 1 7 1 12 10 1 12 10 15 16 12 18 1 1 1 12 10 1 100 1 12 10 1 12 10 1 1 100 1 1 12 10 1 100 1 12 10 1 1 12 10 1 12 10 1 1 1 7 1 12 10 1 7 1 12 10 1 1 100 1 12 11 1 1 12 10 1 12 10 1 12 10 1 1 12 10 1 12 9 1 7 1 1 12 10 1 100 1 12 10 1 1 12 10 1 12 10 1 1 12 10 12 10 1 7 1 7 11 11 1 12 10 1 100 1 12 10 1 12 11 1 12 11 1 7 11 1 100 1 12 10 12 10 1 12 10 1 100 10 1 12 10 1 12 10 1 12 10 1 12 11 10 12 10 15 16 18 1 10 1 12 10 12 9 10 1 100 11 12 9 10 1 12 10 1 12 10 1 12 10 12 10 11 1 1 12 11 1 1 12 10 1 1 1 12 10 12 10 10 1 7 1 12 10 1 100 1 12 10 1 12 10 10 1 7 1 12 10 12 10 12 10 12 10 1 1 100 1 8 1 12 10 12 10 1 1 12 10 1 8 12 10 1 1 1 12 11 1 12 10 12 10 1 7 10 1 7 10 1 12 10 10 1 12 10 12 9 1 12 10 10 12 10 1 12 10 1 7 1 12 10 12 10 1 1 12 9 1 12 9 1 1 1 12 10 1 12 10 12 10 12 10 1 16 12 10 15 1 12 18 1 1 1 15 1 12 18 1 12 10 1 100 1 12 10 12 10 15 18 1 7 1 12 10 1 1 7 10 1 1 12 10 10 1 12 10 1 12 10 1 7 1 100 12 10 1 100 10 12 10 1 100 1 1 12 10 1 100 1 12 10 1 12 9 1 100 12 10 12 10 12 10 1 100 1 12 10 1 100 1 12 10 10 1 12 11 15 18 1 100 1 12 11 9 1 1 12 10 1 1 7 12 10 1 12 10 1 1 12 10 1 10 12 10 1 12 10 11 11 12 10 1 12 11 11 16 12 10 15 1 16 1 12 18 1 12 11 12 10 15 16 1 12 18 1 12 10 1 1 100 12 10 10 1 7 10 12 10 12 10 12 10 12 10 1 12 10 12 10 12 10 1 12 10 15 1 12 18 11 3 12 9 12 9 1 7 12 10 12 10 11 1 1 7 1 12 10 12 10 1 12 9 11 1 12 11 1 1 12 9 1 7 10 11 1 100 1 100 10 1 100 1 12 9 1 100 1 12 10 12 10 1 12 11 12 10 10 10 1 12 10 11 1 1 12 10 1 1 100 12 10 12 10 12 9 12 10 1 8 1 100 1 1 12 10 15 1 12 18 10 1 12 10 12 10 1 8 1 12 18 1 12 10 12 10 11 12 10 1 12 10 1 12 10 12 10 1 12 10 11 1 1 12 10 1 100 1 12 10 1 100 1 12 10 11 1 7 1 100 1 1 12 10 1 7 10 16 12 10 15 16 1 12 18 12 10 15 1 16 1 12 18 1 100 1 1 12 11 12 10 15 18 1 12 11 11 12 10 15 18 11 12 10 15 18 1 1 12 9 1 12 10 1 100 12 10 1 12 10 1 100 1 100 1 100 1 1 12 10 1 12 10 12 10 10 12 10 1 12 10 15 18 12 10 1 12 10 1 12 10 1 1 10 12 10 10 1 7 10 1 12 10 12 10 1 12 9 1 7 1 12 10 9 1 12 9 1 100 11 11 10 1 1 12 11 1 12 10 11 10 1 12 10 1 12 11 12 11 11 1 12 10 100 12 10 11 12 10 1 16 1 12 10 15 1 16 1 1 12 18 1 1 12 10 10 15 18 15 18 10 10 11 1 12 10 1 1 12 10 1 12 10 10 10 1 8 1 12 18 12 10 12 10 12 10 12 10 1 12 10 1 100 11 1 12 9 10 1 12 10 1 100 1 12 10 1 12 10 10 1 8 1 12 18 1 12 10 1 16 12 10 15 1 16 1 12 18 1 100 1 12 10 12 10 12 10 12 10 1 12 10 10 10 1 8 1 100 1 8 1 12 10 1 8 1 12 10 1 8 1 100 1 8 1 100 1 8 1 100 1 8 1 100 1 8 1 100 1 8 1 12 10 1 8 1 100 1 8 1 12 10 1 8 1 12 10 1 8 1 100 1 8 1 100 1 8 1 100 1 8 1 100 1 8 1 12 10 1 8 1 100 1 8 1 100 1 8 1 100 1 8 1 12 10 1 8 1 100 1 8 1 100 1 8 1 100 1 8 1 100 1 8 10 1 8 1 12 10 1 8 1 100 1 8 1 100 1 8 1 100 1 8 10 1 100 1 12 9 1 100 12 10 12 10 1 100 1 1 12 10 1 12 10 1 12 10 1 100 1 12 10 12 10 15 1 12 18 12 10 15 1 16 18 1 100 1 1 12 10 1 1 12 10 1 1 12 11 1 16 12 10 15 16 1 12 18 1 12 11 12 10 15 18 1 12 10 15 18 10 1 1 100 12 10 12 11 1 12 10 1 12 10 1 1 1 1 1 1 1 1 1
staticfield com/android/tools/r8/internal/Nl l Z 1
ciInstanceKlass com/android/tools/r8/internal/N4 1 1 125 1 8 1 1 7 1 1 7 1 7 1 1 1 1 1 1 1 1 1 12 10 12 9 1 7 1 12 9 1 7 1 1 12 10 12 9 1 1 100 1 12 10 1 1 1 1 12 11 1 1 1 12 11 1 7 12 9 1 1 12 11 1 12 11 1 12 11 1 1 16 12 10 15 1 16 1 100 1 1 12 10 15 1 1 12 18 1 100 1 12 10 1 1 12 10 1 7 1 7 1 12 10 12 11 11 1 100 10 1 1 12 11 1 12 11 1 12 11 1 1 1 1 1 1
ciInstanceKlass com/android/tools/r8/ir/regalloc/f 1 0 26 1 8 1 1 100 1 100 1 1 1 1 1 1 1 1 1 1 1 1 1 1 1 1 1 1
ciInstanceKlass com/android/tools/r8/internal/se 1 1 172 1 8 1 1 7 1 7 1 1 1 1 1 1 1 1 12 10 12 9 1 100 1 1 12 10 1 100 1 12 10 12 9 12 9 1 1 7 1 12 10 1 1 1 1 1 1 1 1 7 1 1 12 10 1 7 1 12 10 1 7 1 12 10 1 1 12 10 1 7 1 12 10 1 1 100 10 1 1 1 100 1 12 9 1 1 1 100 12 10 1 12 10 1 8 1 1 12 10 1 7 1 1 12 11 1 100 1 12 10 1 8 10 1 1 100 1 1 12 9 1 1 7 1 1 12 11 1 100 1 7 1 12 11 1 1 12 11 1 7 12 11 1 7 1 1 12 11 1 7 1 12 11 1 12 11 1 12 11 1 12 11 1 1 1 1 1 1 1 1 1 1
staticfield com/android/tools/r8/internal/se k Z 1
ciInstanceKlass com/android/tools/r8/ir/regalloc/b 1 1 1453 1 8 1 1 7 1 7 1 7 1 7 1 100 1 7 1 1 1 1 1 1 1 1 1 1 1 1 1 1 1 1 1 1 1 1 1 1 1 1 1 1 1 1 1 1 1 1 1 1 1 1 1 12 10 12 9 1 7 10 12 9 12 9 1 7 10 12 9 1 7 10 12 9 12 9 1 7 10 12 9 1 7 10 12 9 12 9 3 12 9 12 9 12 9 12 9 1 7 1 12 10 1 7 1 12 10 1 7 1 1 12 10 1 7 1 1 12 11 1 1 12 11 1 7 1 12 10 1 12 10 1 7 1 1 12 10 12 9 1 12 9 12 9 12 9 9 12 9 1 100 10 12 9 10 12 10 1 7 1 12 9 1 1 12 10 1 7 11 1 1 7 1 12 10 1 12 10 1 12 10 1 12 9 1 12 10 1 1 12 10 1 7 1 12 11 1 12 10 1 1 12 10 1 7 12 10 1 12 10 1 12 10 1 12 10 1 1 7 1 12 10 1 12 9 1 1 7 1 1 12 10 1 1 12 10 1 12 10 1 1 7 11 12 10 1 1 12 10 1 7 12 10 1 1 7 12 9 1 1 7 1 12 10 1 1 7 9 1 12 10 12 9 1 12 10 12 9 1 7 1 7 1 12 10 1 1 12 10 1 16 12 10 15 16 1 7 1 1 12 10 15 1 1 12 18 1 7 1 1 12 11 1 1 12 10 9 1 12 11 1 12 10 1 12 10 1 16 1 12 10 15 1 16 1 1 12 18 1 7 1 12 10 1 12 10 1 100 1 12 10 1 1 12 10 1 7 1 12 9 1 7 1 12 10 1 12 10 1 7 11 1 7 1 7 11 11 11 1 12 11 11 1 7 16 12 10 15 16 1 1 12 18 1 7 1 12 11 12 10 15 1 16 1 12 18 1 1 12 10 10 12 9 1 12 9 1 12 10 1 12 10 12 9 1 12 10 11 12 10 1 12 10 12 10 1 12 10 1 12 9 10 1 12 9 1 12 10 1 7 1 12 10 1 100 1 7 10 1 7 10 1 7 12 11 10 1 7 1 12 11 1 7 1 12 10 1 12 10 1 12 11 10 1 1 12 10 1 12 10 11 11 1 7 1 1 12 10 12 10 1 7 12 11 11 1 12 10 10 1 12 10 1 100 12 10 1 7 9 1 7 1 1 12 10 10 10 9 1 7 1 12 10 10 12 10 1 7 1 12 10 1 12 10 1 1 7 10 12 9 1 12 10 12 10 12 10 1 12 10 12 10 1 12 10 1 12 9 1 7 12 10 1 1 12 9 12 9 1 12 10 12 9 1 12 10 1 12 10 1 12 10 9 1 12 9 1 7 12 10 3 1 12 10 1 7 10 1 12 10 1 1 1 12 10 1 7 10 1 12 10 1 7 12 10 1 12 10 1 7 1 7 11 1 12 9 10 10 1 12 11 10 11 10 12 10 1 12 10 1 12 11 1 7 1 12 9 100 1 12 10 12 10 1 8 12 10 1 12 10 1 12 10 12 10 1 1 12 10 1 12 9 1 12 10 1 100 1 12 10 1 100 1 12 10 1 12 10 15 1 16 18 10 10 1 7 10 12 10 12 10 10 1 1 12 10 1 7 10 100 10 12 9 1 12 9 12 10 1 12 10 1 12 9 10 1 12 10 12 9 12 9 10 1 12 10 12 10 12 9 12 9 1 12 10 1 12 10 12 10 1 1 12 10 1 12 10 10 11 12 10 10 12 10 1 7 1 12 9 1 12 10 1 12 10 1 12 10 1 12 10 1 12 10 1 7 1 12 10 1 12 10 12 9 12 10 12 9 1 7 1 12 10 1 1 12 10 1 7 1 12 9 1 7 12 9 12 9 12 9 12 10 1 1 12 10 1 7 1 12 10 1 12 10 1 12 10 1 12 10 1 100 1 100 1 12 10 1 1 12 10 1 100 1 100 1 100 12 10 1 1 12 10 10 1 1 7 12 11 1 7 1 7 1 7 1 12 11 12 10 1 12 10 1 100 1 1 12 10 1 8 1 100 1 1 12 10 15 1 12 18 1 10 10 12 10 16 1 7 11 15 1 1 12 18 1 12 10 12 10 11 1 12 10 12 10 12 10 1 12 10 1 12 10 12 9 10 12 10 12 9 10 10 10 9 1 12 10 9 10 12 10 9 12 10 10 1 12 10 1 12 9 12 10 1 7 1 12 10 12 10 1 12 10 12 9 1 12 9 1 7 10 1 12 10 1 12 10 12 9 1 12 10 12 10 12 10 10 16 12 10 15 1 16 1 12 18 1 1 12 10 1 1 7 12 10 12 10 15 16 18 12 10 10 12 9 1 12 10 1 12 10 1 12 10 10 1 12 10 12 10 1 12 10 9 10 1 12 9 12 9 10 12 9 11 1 10 1 12 10 15 16 1 12 18 10 1 12 10 12 10 1 12 10 1 7 1 12 9 1 7 1 12 10 12 10 1 7 10 1 12 10 9 1 12 10 1 12 10 1 12 9 1 7 12 10 12 10 12 11 12 10 1 12 10 12 10 12 10 12 10 12 9 1 12 10 12 10 1 12 9 1 7 10 12 9 1 12 11 1 1 12 10 12 10 1 12 10 12 10 1 12 10 12 10 1 12 10 1 12 10 12 10 1 12 10 1 100 1 100 1 1 12 10 1 100 12 10 1 8 1 12 18 1 12 9 1 12 10 12 10 1 3 11 1 1 1 1 1 1 1 100 1 8 1 12 10 12 10 1 1 12 10 1 8 1 12 10 1 8 12 10 1 8 1 12 18 1 100 1 12 10 1 8 1 12 18 1 8 12 10 1 8 12 10 1 1 1 7 1 12 10 1 1 1 7 12 10 1 12 10 10 1 12 10 1 12 10 12 10 1 10 10 12 10 12 10 1 1 12 10 15 16 1 12 18 16 15 1 16 1 12 18 12 10 15 18 12 10 15 18 15 18 15 18 10 10 10 10 1 100 1 12 10 12 10 12 10 12 10 9 1 12 10 12 10 1 7 12 10 10 10 12 10 11 10 12 10 10 12 10 12 10 1 7 10 1 7 1 12 10 1 12 10 1 7 1 1 12 11 1 7 1 7 1 12 9 1 7 1 12 10 1 1 12 10 1 7 9 11 1 7 1 12 9 1 12 10 1 12 10 1 7 10 12 10 1 12 9 12 10 12 10 12 9 12 9 12 9 12 10 12 10 12 10 12 10 10 1 1 12 9 12 10 15 1 12 18 12 10 15 18 12 10 1 1 1 1 1 1 1 1 1
staticfield com/android/tools/r8/ir/regalloc/b r Z 1
ciInstanceKlass com/android/tools/r8/internal/L4 1 1 90 1 8 1 1 7 1 7 1 100 1 1 1 1 1 12 10 1 7 1 1 12 10 1 7 1 1 12 10 12 9 1 1 100 1 12 10 1 12 10 1 16 1 1 12 10 15 1 16 1 7 1 1 12 10 15 1 1 12 18 1 7 1 1 12 11 1 1 1 7 12 11 1 1 1 12 11 1 7 1 12 11 1 12 11 1 1 1 1 1
ciInstanceKlass com/android/tools/r8/internal/AW 0 0 79 1 8 1 1 100 1 100 1 1 1 1 1 1 1 100 1 1 12 10 1 12 10 12 9 12 9 1 100 1 12 10 1 1 100 1 1 12 10 1 1 1 1 1 1 1 1 100 10 1 1 12 10 100 1 1 12 10 1 8 1 12 10 1 100 1 12 10 12 10 1 1 1 100 10 1 1 1 1
ciInstanceKlass com/android/tools/r8/internal/Ml 1 1 72 1 8 1 1 7 1 7 1 7 1 1 1 1 1 1 1 1 1 1 1 12 10 12 9 1 100 1 1 12 10 1 100 10 1 100 1 7 1 100 12 9 12 9 12 9 1 1 7 1 1 12 10 1 1 1 100 10 1 1 12 10 11 1 12 10 11 1 1 1 1 1
staticfield com/android/tools/r8/internal/Ml d Z 1
ciInstanceKlass com/android/tools/r8/ir/optimize/g0 1 1 523 1 8 1 1 7 1 7 1 1 1 1 1 12 10 1 7 1 1 12 9 1 7 1 1 12 10 1 7 1 1 12 11 1 1 12 11 1 7 1 7 1 1 12 10 1 7 1 12 10 1 12 10 1 7 1 7 11 11 1 7 1 12 10 1 12 11 1 1 12 10 1 7 1 12 10 1 1 12 9 1 12 10 1 12 10 1 1 12 10 1 1 12 10 1 7 1 7 1 1 12 9 1 7 1 12 10 12 10 1 7 1 12 10 1 7 1 1 12 10 1 1 12 10 12 10 1 100 1 1 12 10 1 1 12 10 1 7 12 10 1 12 10 1 1 12 9 1 7 1 1 12 10 1 7 12 10 1 7 1 1 12 10 1 7 1 12 10 1 1 12 10 1 12 10 12 9 1 12 10 1 1 12 11 1 12 10 1 12 10 1 7 1 12 11 11 1 12 9 1 12 10 1 12 11 1 100 10 1 7 1 7 10 1 12 11 1 7 1 12 10 12 10 1 12 10 11 1 12 10 1 12 9 1 1 12 11 16 1 12 10 15 1 16 1 7 1 1 12 10 15 1 1 12 18 1 7 1 1 12 11 1 1 12 10 1 7 1 12 10 12 10 1 12 10 11 1 1 12 10 1 12 10 1 12 10 1 12 10 1 12 10 1 12 10 1 7 1 12 10 12 9 10 1 12 10 12 11 1 12 10 1 12 11 1 12 10 1 12 11 10 1 1 12 10 1 12 11 1 7 1 12 10 1 12 9 1 12 10 1 12 10 1 7 12 10 12 10 10 11 10 1 7 10 1 7 11 1 12 10 12 10 1 7 1 12 10 16 1 12 10 15 16 1 1 12 18 1 1 12 10 11 1 12 10 11 12 10 15 18 1 1 12 10 1 12 10 1 12 11 1 12 11 1 12 9 1 12 10 1 7 1 1 12 10 1 12 9 1 7 12 10 1 12 10 1 7 1 7 11 12 10 1 1 12 10 1 12 10 1 100 1 12 11 1 12 10 1 12 9 1 7 9 1 12 10 1 7 10 1 12 10 1 12 10 1 12 10 10 1 1 12 10 1 100 1 12 10 10 10 11 1 100 1 7 10 10 1 12 10 1 12 11 1 100 1 12 9 11 10 1 12 9 1 12 10 1 12 10 11 10 1 1 7 1 12 10 1 1 1 1 1 1
staticfield com/android/tools/r8/ir/optimize/g0 a Z 1
ciInstanceKlass com/android/tools/r8/ir/optimize/Y 1 1 95 1 8 1 1 7 1 7 1 1 1 1 1 1 1 12 10 12 9 1 7 1 1 12 10 12 9 1 1 7 1 12 10 1 7 1 1 12 10 1 1 12 9 1 7 1 12 11 1 1 12 9 1 7 1 1 12 10 1 7 1 12 11 1 1 12 11 1 1 12 10 1 7 1 1 12 10 1 7 1 1 12 10 1 1 12 10 1 1 12 10 1 1 1 1
ciInstanceKlass com/android/tools/r8/ir/optimize/g0$$Lambda$675+0x000002d1a1257418 1 1 23 1 7 1 7 1 100 1 1 12 10 1 1 1 7 1 7 1 1 12 10 1 1
ciInstanceKlass com/android/tools/r8/internal/E4 1 1 31 1 8 1 1 100 1 100 1 1 1 7 1 1 12 10 1 7 1 1 12 10 1 7 1 1 12 10 1 1 1
ciInstanceKlass com/android/tools/r8/ir/optimize/g0$$Lambda$696+0x000002d1a126d628 1 1 23 1 7 1 7 1 100 1 1 12 10 1 1 1 7 1 7 1 1 12 10 1 1
ciMethodData java/lang/Object <init> ()V 2 59219205 orig 80 0 0 0 0 0 0 0 0 0 0 0 0 0 0 0 0 0 0 0 0 0 0 0 0 0 0 0 0 0 0 0 0 0 0 0 0 0 0 0 0 0 0 0 0 0 0 0 0 0 0 0 0 0 0 0 0 0 0 0 0 0 0 0 0 0 0 0 0 0 0 0 0 0 0 0 0 0 0 0 0 data 4 0x0 0x9 0x1 0x0 oops 0 methods 0
ciMethodData java/util/Objects equals (Ljava/lang/Object;Ljava/lang/Object;)Z 2 136643 orig 80 1 0 0 0 0 0 0 0 0 0 0 0 209 2 0 0 0 0 0 0 0 0 0 0 0 0 0 0 0 0 0 0 0 0 0 0 0 0 0 1 0 0 0 0 0 0 0 0 0 0 0 0 0 0 0 0 0 0 0 0 0 0 0 0 0 0 0 0 0 0 0 0 0 0 0 0 0 0 0 0 data 32 0x20007 0x167bd 0x98 0xacd3 0x8000000600060007 0xb2 0x90 0xac1c 0xb0005 0xa899 0x0 0x2d19ff15300 0x2b6 0x2d1e849ac90 0xc5 0xe0007 0x2c5 0x38 0xa95f 0x120003 0x21118 0x18 0x0 0x0 0x0 0x0 0x0 0x0 0x9 0x2 0x0 0x0 oops 2 11 java/lang/String 13 java/lang/module/ModuleDescriptor methods 0
ciMethodData java/util/AbstractCollection <init> ()V 2 11978977 orig 80 0 0 0 0 0 0 0 0 0 0 0 0 209 2 0 0 0 0 0 0 0 0 0 0 0 0 0 0 0 0 0 0 0 0 0 0 0 0 0 0 0 0 0 0 0 0 0 0 0 0 0 0 0 0 0 0 0 0 0 0 0 0 0 0 0 0 0 0 0 0 0 0 0 0 0 0 0 0 0 0 data 7 0x10002 0xb6e73c 0x0 0x0 0x9 0x1 0x0 oops 0 methods 0
ciMethodData java/util/AbstractMap <init> ()V 2 6055301 orig 80 0 0 0 0 0 0 0 0 0 0 0 0 0 0 0 0 0 0 0 0 0 0 0 0 0 0 0 0 0 0 0 0 0 0 0 0 0 0 0 0 0 0 0 0 0 0 0 0 0 0 0 0 0 0 0 0 0 0 0 0 0 0 0 0 0 0 0 0 0 0 0 0 0 0 0 0 0 0 0 0 data 7 0x10002 0x5c6bb5 0x0 0x0 0x9 0x1 0x0 oops 0 methods 0
ciMethodData java/util/ArrayList add (Ljava/lang/Object;)Z 2 3929620 orig 80 0 0 0 0 0 0 0 0 0 0 0 0 209 2 0 0 0 0 0 0 0 0 0 0 0 0 0 0 0 0 0 0 0 0 0 0 0 0 0 0 0 0 0 0 0 0 0 0 0 0 0 0 0 0 0 0 0 0 0 0 0 0 0 0 0 0 0 0 0 0 0 0 0 0 0 0 0 0 0 0 data 17 0x140005 0x3bfff7 0x0 0x0 0x0 0x0 0x0 0x0 0x0 0x0 0x0 0x0 0x0 0x9 0x2 0xe 0x0 oops 0 methods 0
ciMethodData java/util/ArrayList add (Ljava/lang/Object;[Ljava/lang/Object;I)V 2 3931643 orig 80 0 0 0 0 0 0 0 0 0 0 0 0 0 0 0 0 0 0 0 0 0 0 0 0 0 0 0 0 0 0 0 0 0 0 0 0 0 0 0 0 0 0 0 0 0 0 0 0 0 0 0 0 0 0 0 0 0 0 0 0 0 0 0 0 0 0 0 0 0 0 0 0 0 0 0 0 0 0 0 0 data 30 0x30007 0x2c56c3 0x58 0xfb179 0x70005 0xfb17d 0x0 0x0 0x0 0x0 0x0 0xe0104 0x0 0x0 0x2d19ff15390 0x68c 0x2d1e7d45930 0xc 0x0 0x0 0x0 0x0 0x0 0x0 0x9 0x4 0xc 0x0 0xffffffffffffffff 0x0 oops 2 14 java/lang/Class 16 java/lang/invoke/InvokerBytecodeGenerator$ClassData methods 0
ciMethodData java/util/ArrayList grow ()[Ljava/lang/Object; 2 1032328 orig 80 0 0 0 0 0 0 0 0 0 0 0 0 0 0 0 0 0 0 0 0 0 0 0 0 0 0 0 0 0 0 0 0 0 0 0 0 0 0 0 0 0 0 0 0 0 0 0 0 0 0 0 0 0 0 0 0 0 0 0 0 0 0 0 0 0 0 0 0 0 0 0 0 0 0 0 0 0 0 0 0 data 16 0x70005 0xfbff0 0x0 0x0 0x0 0x0 0x0 0x0 0x0 0x0 0x0 0x0 0x0 0x9 0x1 0xc oops 0 methods 0
ciMethodData java/util/ArrayList grow (I)[Ljava/lang/Object; 2 6184 orig 80 0 0 0 0 0 0 0 0 0 0 0 0 0 0 0 0 0 0 0 0 0 0 0 0 0 0 0 0 0 0 0 0 0 0 0 0 0 0 0 0 0 0 0 0 0 0 0 0 0 0 0 0 0 0 0 0 0 0 0 0 0 0 0 0 0 0 0 0 0 0 0 0 0 0 0 0 0 0 0 0 data 24 0x70007 0x16 0x40 0x17f6 0x110007 0x17f6 0x40 0x0 0x1b0002 0x16 0x250002 0x16 0x310002 0x17f6 0x0 0x0 0x0 0x0 0x0 0x0 0x9 0x2 0xc 0x0 oops 0 methods 0
ciMethod java/lang/invoke/MethodHandle invokeBasic ()Ljava/lang/Object; 0 0 1 0 -1
ciMethodData jdk/internal/util/ArraysSupport newLength (III)I 2 13772 orig 80 0 0 0 0 0 0 0 0 0 0 0 0 209 2 0 0 0 0 0 0 0 0 0 0 0 0 0 0 0 0 0 0 0 0 0 0 0 0 0 0 0 0 0 0 0 0 0 0 0 0 0 0 0 0 0 0 0 0 0 0 0 0 0 0 0 0 0 0 0 0 0 0 0 0 0 0 0 0 0 0 data 23 0x30002 0x34c9 0xa0007 0x0 0x40 0x34c9 0x100007 0x0 0x20 0x34c9 0x170002 0x0 0x0 0x0 0x0 0x0 0x0 0x0 0x9 0x3 0x0 0x0 0x0 oops 0 methods 0
ciMethodData java/util/Arrays copyOf ([Ljava/lang/Object;I)[Ljava/lang/Object; 2 576373 orig 80 0 0 0 0 0 0 0 0 0 0 0 0 0 0 0 0 0 0 0 0 0 0 0 0 0 0 0 0 0 0 0 0 0 0 0 0 0 0 0 0 0 0 0 0 0 0 0 0 0 0 0 0 0 0 0 0 0 0 0 0 0 0 0 0 0 0 0 0 0 0 0 0 0 0 0 0 0 0 0 0 data 19 0x30005 0x8cb6c 0x0 0x0 0x0 0x0 0x0 0x60002 0x8cb5d 0x0 0x0 0x0 0x0 0x0 0x0 0x9 0x2 0xffffffffffffffff 0x0 oops 0 methods 0
ciMethodData java/util/AbstractList <init> ()V 2 7746492 orig 80 0 0 0 0 0 0 0 0 0 0 0 0 209 2 0 0 0 0 0 0 0 0 0 0 0 0 0 0 0 0 0 0 0 0 0 0 0 0 0 0 0 0 0 0 0 0 0 0 0 0 0 0 0 0 0 0 0 0 0 0 0 0 0 0 0 0 0 0 0 0 0 0 0 0 0 0 0 0 0 0 data 9 0x10002 0x763e49 0x0 0x0 0x0 0x0 0x9 0x1 0x6 oops 0 methods 0
ciMethodData java/util/ArrayList <init> ()V 2 4301855 orig 80 0 0 0 0 0 0 0 0 0 0 0 0 0 0 0 0 0 0 0 0 0 0 0 0 0 0 0 0 0 0 0 0 0 0 0 0 0 0 0 0 0 0 0 0 0 0 0 0 0 0 0 0 0 0 0 0 0 0 0 0 0 0 0 0 0 0 0 0 0 0 0 0 0 0 0 0 0 0 0 0 data 9 0x10002 0x41a58e 0x0 0x0 0x0 0x0 0x9 0x1 0xe oops 0 methods 0
ciMethodData java/lang/invoke/Invokers$Holder linkToTargetMethod (Ljava/lang/Object;)Ljava/lang/Object; 2 10745656 orig 80 0 0 0 0 0 0 0 0 0 0 0 0 0 0 0 0 0 0 0 0 0 0 0 0 0 0 0 0 0 0 0 0 0 0 0 0 0 0 0 0 0 0 0 0 0 0 0 0 0 0 0 0 0 0 0 0 0 0 0 0 0 0 0 0 0 0 0 0 0 0 0 0 0 0 0 0 0 0 0 0 data 29 0x10004 0x0 0x0 0x2d1e7e332d0 0x2b08 0x0 0x0 0x4000b 0xa405b2 0x0 0x0 0x0 0x0 0x0 0x1 0x2 0x0 0x0 0x0 0x0 0x0 0x0 0x9 0x1 0x0 0xc 0x2 0x0 0x2d1e7e332d0 oops 2 3 java/lang/invoke/BoundMethodHandle$Species_L 28 java/lang/invoke/BoundMethodHandle$Species_L methods 0
ciMethodData java/util/HashMap computeIfAbsent (Ljava/lang/Object;Ljava/util/function/Function;)Ljava/lang/Object; 2 186107 orig 80 1 0 0 0 0 0 0 0 0 0 0 0 0 0 0 0 0 0 0 0 0 0 0 0 0 0 0 0 0 0 0 0 0 0 0 0 0 0 0 1 0 0 0 0 0 0 0 0 0 0 0 0 0 0 0 0 0 0 0 0 0 0 0 0 0 0 0 0 0 0 0 0 0 0 0 0 0 0 0 0 data 194 0x10007 0x2d4f7 0x30 0x0 0x80002 0x0 0xd0002 0x2d4e7 0x220007 0x499 0x60 0x2d052 0x2c0007 0xfbaf 0x40 0x1d4a3 0x350007 0x1d4a7 0x58 0x0 0x390005 0x10042 0x0 0x0 0x0 0x0 0x0 0x510007 0x1ad06 0x268 0x127ea 0x560004 0xfffffffffffee244 0x0 0x2d1e7e37510 0xfe 0x2d1e86acd10 0xa2b 0x590007 0x11dbd 0xa8 0xa2b 0x5e0004 0x0 0x0 0x2d1e86acd10 0xa2b 0x0 0x0 0x660005 0xa2b 0x0 0x0 0x0 0x0 0x0 0x6b0003 0xa2b 0x108 0x780007 0x96bb 0xd0 0xf358 0x8000000600840007 0xfc0 0x98 0xe396 0x880007 0x0 0x90 0xe399 0x8e0005 0xd2d4 0x0 0x2d19ff15300 0x10a9 0x2d1e853a4a0 0x16 0x910007 0x9dca 0x38 0x45cd 0x980003 0x558d 0x38 0xa60007 0x6c51 0xffffffffffffff30 0xc831 0xab0007 0xd25d 0x78 0x558d 0xb60007 0x0 0x58 0x558d 0xbc0005 0x0 0x0 0x2d1e8777800 0x558d 0x0 0x0 0xca0005 0x2543c 0x0 0x2d1e9cc76b0 0x2aef 0x2d1e9cc7760 0x1 0xd70007 0x27f42 0x30 0x0 0xde0002 0x0 0xe40007 0x27f41 0x20 0x0 0xeb0007 0x27f37 0x58 0x0 0xf80005 0x0 0x0 0x0 0x0 0x0 0x0 0x1000007 0x27512 0x70 0xa2b 0x10c0005 0xa2b 0x0 0x0 0x0 0x0 0x0 0x1100003 0xa2b 0xe0 0x11e0005 0x0 0x0 0x2d1e8777800 0x27513 0x0 0x0 0x1210004 0x0 0x0 0x2d1e7e37510 0x27511 0x0 0x0 0x1260007 0x2726f 0x58 0x28f 0x12d0005 0x28f 0x0 0x0 0x0 0x0 0x0 0x1440005 0x0 0x0 0x2d1e8777800 0x27f3a 0x0 0x0 0x0 0x0 0x0 0x0 0x0 0x0 0x0 0x0 0x0 0x0 0x0 0x9 0x3 0x0 0x0 0x0 oops 11 34 java/util/HashMap$Node 36 java/util/HashMap$TreeNode 45 java/util/HashMap$TreeNode 74 java/lang/String 76 com/android/tools/r8/graph/g0 100 java/util/HashMap 107 sun/security/util/ManifestDigester$$Lambda$1+0x000002d1a1042e78 109 jdk/internal/logger/BootstrapLogger$RedirectedLoggers 149 java/util/HashMap 156 java/util/HashMap$Node 174 java/util/HashMap methods 0
ciMethodData java/util/ArrayList$Itr next ()Ljava/lang/Object; 2 13676 orig 80 0 0 0 0 0 0 0 0 0 0 0 0 209 2 0 0 0 0 0 0 0 0 0 0 0 0 0 0 0 0 0 0 0 0 0 0 0 0 0 0 0 0 0 0 0 0 0 0 0 0 0 0 0 0 0 0 0 0 0 0 0 0 0 0 0 0 0 0 0 0 0 0 0 0 0 0 0 0 0 0 data 28 0x10005 0x342d 0x0 0x0 0x0 0x0 0x0 0x110007 0x342d 0x30 0x0 0x180002 0x0 0x270007 0x342d 0x30 0x0 0x2e0002 0x0 0x0 0x0 0x0 0x0 0x0 0x0 0x9 0x1 0x6 oops 0 methods 0
ciMethodData java/util/ArrayList$Itr checkForComodification ()V 2 13678 orig 80 0 0 0 0 0 0 0 0 0 0 0 0 0 0 0 0 0 0 0 0 0 0 0 0 0 0 0 0 0 0 0 0 0 0 0 0 0 0 0 0 0 0 0 0 0 0 0 0 0 0 0 0 0 0 0 0 0 0 0 0 0 0 0 0 0 0 0 0 0 0 0 0 0 0 0 0 0 0 0 0 data 13 0xb0007 0x342f 0x30 0x0 0x120002 0x0 0x0 0x0 0x0 0x0 0x9 0x1 0x0 oops 0 methods 0
ciMethodData java/util/ArrayList$Itr hasNext ()Z 2 1516556 orig 80 0 0 0 0 0 0 0 0 0 0 0 0 209 2 0 0 0 0 0 0 0 0 0 0 0 0 0 0 0 0 0 0 0 0 0 0 0 0 0 0 0 0 0 0 0 0 0 0 0 0 0 0 0 0 0 0 0 0 0 0 0 0 0 0 0 0 0 0 0 0 0 0 0 0 0 0 0 0 0 0 data 14 0xb0007 0xa5d5a 0x38 0xcc745 0xf0003 0xcc77c 0x18 0x0 0x0 0x0 0x0 0x9 0x1 0x0 oops 0 methods 0
ciMethodData java/util/HashMap$HashIterator hasNext ()Z 2 17966 orig 80 0 0 0 0 0 0 0 0 0 0 0 0 209 2 0 0 0 0 0 0 0 0 0 0 0 0 0 0 0 0 0 0 0 0 0 0 0 0 0 0 0 0 0 0 0 0 0 0 0 0 0 0 0 0 0 0 0 0 0 0 0 0 0 0 0 0 0 0 0 0 0 0 0 0 0 0 0 0 0 0 data 16 0x40007 0x8e 0x38 0x448b 0x80003 0x448b 0x18 0x0 0x0 0x0 0x0 0x0 0x0 0x9 0x1 0x0 oops 0 methods 0
ciMethodData java/lang/Class getComponentType ()Ljava/lang/Class; 2 101524 orig 80 0 0 0 0 0 0 0 0 0 0 0 0 0 0 0 0 0 0 0 0 0 0 0 0 0 0 0 0 0 0 0 0 0 0 0 0 0 0 0 0 0 0 0 0 0 0 0 0 0 0 0 0 0 0 0 0 0 0 0 0 0 0 0 0 0 0 0 0 0 0 0 0 0 0 0 0 0 0 0 0 data 20 0x10005 0x18c3d 0x0 0x0 0x0 0x0 0x0 0x40007 0x0 0x20 0x18c24 0x0 0x0 0x0 0x0 0x0 0x0 0x9 0x1 0xffffffffffffffff oops 0 methods 0
ciMethodData java/lang/reflect/Array newInstance (Ljava/lang/Class;I)Ljava/lang/Object; 2 78983 orig 80 0 0 0 0 0 0 0 0 0 0 0 0 0 0 0 0 0 0 0 0 0 0 0 0 0 0 0 0 0 0 0 0 0 0 0 0 0 0 0 0 0 0 0 0 0 0 0 0 0 0 0 0 0 0 0 0 0 0 0 0 0 0 0 0 0 0 0 0 0 0 0 0 0 0 0 0 0 0 0 0 data 12 0x20002 0x1341d 0x0 0x0 0x0 0x0 0x0 0x0 0x9 0x2 0x0 0x0 oops 0 methods 0
ciMethodData java/util/HashMap$HashIterator nextNode ()Ljava/util/HashMap$Node; 2 12131 orig 80 0 0 0 0 0 0 0 0 0 0 0 0 209 2 0 0 0 0 0 0 0 0 0 0 0 0 0 0 0 0 0 0 0 0 0 0 0 0 0 0 0 0 0 0 0 0 0 0 0 0 0 0 0 0 0 0 0 0 0 0 0 0 0 0 0 0 0 0 0 0 0 0 0 0 0 0 0 0 0 0 data 39 0x100007 0x2e62 0x30 0x0 0x170002 0x0 0x1c0007 0x2e62 0x30 0x0 0x230002 0x0 0x350007 0x14be 0x80 0x19a4 0x410007 0x0 0x60 0x19a4 0x4a0007 0x60 0x40 0x446f 0x5f0007 0x2b2b 0xffffffffffffffe0 0x1944 0x0 0x0 0x0 0x0 0x0 0x0 0x0 0x0 0x9 0x1 0x0 oops 0 methods 0
ciMethodData java/util/ArrayList get (I)Ljava/lang/Object; 2 5088815 orig 80 0 0 0 0 0 0 0 0 0 0 0 0 0 0 0 0 0 0 0 0 0 0 0 0 0 0 0 0 0 0 0 0 0 0 0 0 0 0 0 0 0 0 0 0 0 0 0 0 0 0 0 0 0 0 0 0 0 0 0 0 0 0 0 0 0 0 0 0 0 0 0 0 0 0 0 0 0 0 0 0 data 19 0x50002 0x4da74f 0xb0005 0x0 0x0 0x2d19ff18610 0x4da6a2 0x0 0x0 0x0 0x0 0x0 0x0 0x0 0x0 0x9 0x2 0x0 0x0 oops 1 5 java/util/ArrayList methods 0
ciMethodData java/util/Objects checkIndex (II)I 2 5398247 orig 80 0 0 0 0 0 0 0 0 0 0 0 0 0 0 0 0 0 0 0 0 0 0 0 0 0 0 0 0 0 0 0 0 0 0 0 0 0 0 0 0 0 0 0 0 0 0 0 0 0 0 0 0 0 0 0 0 0 0 0 0 0 0 0 0 0 0 0 0 0 0 0 0 0 0 0 0 0 0 0 0 data 12 0x30002 0x525d62 0x0 0x0 0x0 0x0 0x0 0x0 0x9 0x2 0x0 0x0 oops 0 methods 0
ciMethodData java/util/ArrayList elementData (I)Ljava/lang/Object; 2 5373034 orig 80 0 0 0 0 0 0 0 0 0 0 0 0 0 0 0 0 0 0 0 0 0 0 0 0 0 0 0 0 0 0 0 0 0 0 0 0 0 0 0 0 0 0 0 0 0 0 0 0 0 0 0 0 0 0 0 0 0 0 0 0 0 0 0 0 0 0 0 0 0 0 0 0 0 0 0 0 0 0 0 0 data 8 0x0 0x0 0x0 0x0 0x9 0x2 0x0 0x0 oops 0 methods 0
ciMethodData java/util/HashMap <init> ()V 2 1905602 orig 80 0 0 0 0 0 0 0 0 0 0 0 0 209 2 0 0 0 0 0 0 0 0 0 0 0 0 0 0 0 0 0 0 0 0 0 0 0 0 0 0 0 0 0 0 0 0 0 0 0 0 0 0 0 0 0 0 0 0 0 0 0 0 0 0 0 0 0 0 0 0 0 0 0 0 0 0 0 0 0 0 data 9 0x10002 0x1d1491 0x0 0x0 0x0 0x0 0x9 0x1 0x10 oops 0 methods 0
ciMethod java/lang/AssertionError <init> ()V 0 0 1 0 -1
ciMethodData java/util/ArrayList addAll (Ljava/util/Collection;)Z 2 42781 orig 80 0 0 0 0 0 0 0 0 0 0 0 0 0 0 0 0 0 0 0 0 0 0 0 0 0 0 0 0 0 0 0 0 0 0 0 0 0 0 0 0 0 0 0 0 0 0 0 0 0 0 0 0 0 0 0 0 0 0 0 0 0 0 0 0 0 0 0 0 0 0 0 0 0 0 0 0 0 0 0 0 data 34 0x10005 0x9ef7 0x0 0x2d1e8777330 0x753 0x2d1e9d1e4d0 0x9 0x150007 0x684b 0x20 0x3e0a 0x2b0007 0x1fb5 0x58 0x4897 0x330005 0x4897 0x0 0x0 0x0 0x0 0x0 0x3f0002 0x684b 0x0 0x0 0x0 0x0 0x0 0x0 0x9 0x2 0xe 0xffffffffffffffff oops 2 3 java/util/Collections$UnmodifiableRandomAccessList 5 java/util/ImmutableCollections$ListN methods 0
ciMethodData java/util/ArrayList iterator ()Ljava/util/Iterator; 2 3701815 orig 80 0 0 0 0 0 0 0 0 0 0 0 0 209 2 0 0 0 0 0 0 0 0 0 0 0 0 0 0 0 0 0 0 0 0 0 0 0 0 0 0 0 0 0 0 0 0 0 0 0 0 0 0 0 0 0 0 0 0 0 0 0 0 0 0 0 0 0 0 0 0 0 0 0 0 0 0 0 0 0 0 data 8 0x50002 0x387899 0x0 0x0 0x0 0x9 0x1 0x0 oops 0 methods 0
ciMethodData java/util/ArrayList$Itr <init> (Ljava/util/ArrayList;)V 2 3701036 orig 80 0 0 0 0 0 0 0 0 0 0 0 0 0 0 0 0 0 0 0 0 0 0 0 0 0 0 0 0 0 0 0 0 0 0 0 0 0 0 0 0 0 0 0 0 0 0 0 0 0 0 0 0 0 0 0 0 0 0 0 0 0 0 0 0 0 0 0 0 0 0 0 0 0 0 0 0 0 0 0 0 data 10 0x60002 0x3879c3 0x0 0x0 0x0 0x0 0x9 0x2 0xc 0x0 oops 0 methods 0
ciMethod java/util/NoSuchElementException <init> ()V 0 0 1 0 -1
ciMethodData java/util/AbstractCollection isEmpty ()Z 2 2527244 orig 80 1 0 0 0 0 0 0 0 0 0 0 0 209 2 0 0 0 0 0 0 0 0 0 4 0 0 0 0 0 0 0 0 0 0 0 0 0 0 0 0 0 0 0 0 0 0 0 0 0 0 0 0 0 0 0 0 0 0 0 0 0 0 0 0 0 0 0 0 0 0 0 0 0 0 0 0 0 0 0 0 data 23 0x8000000700010005 0x7fdb5 0x0 0x2d1e8776fc0 0xbdf4 0x2d1e8776f10 0x5606 0x40007 0x168aa7 0x38 0x10108b 0x80003 0x10102a 0x18 0x0 0x0 0x0 0x0 0x0 0x0 0x9 0x1 0xffffffffffffffff oops 2 3 com/android/tools/r8/internal/VS 5 com/android/tools/r8/internal/IV methods 0
ciMethodData java/util/IdentityHashMap put (Ljava/lang/Object;Ljava/lang/Object;)Ljava/lang/Object; 2 48228 orig 80 1 0 0 0 0 0 0 0 0 0 0 0 0 0 0 0 0 0 0 0 0 0 0 0 0 0 0 0 0 0 0 0 0 0 0 0 0 0 0 2 0 0 0 0 0 0 0 0 0 0 0 0 0 0 0 0 0 0 0 0 0 0 0 0 0 0 0 0 0 0 0 0 0 0 0 0 0 0 0 0 data 67 0x10002 0xba57 0x130002 0xbae5 0x200007 0xb347 0xa0 0x2899 0x8000000600260007 0x20f7 0x58 0x7a3 0x390004 0x0 0x0 0x2d19ff18bd0 0x726 0x2d1e78085f0 0x7d 0x410002 0x20f8 0x460003 0x20f9 0xffffffffffffff78 0x5a0007 0xb2b2 0x90 0x91 0x600005 0x91 0x0 0x0 0x0 0x0 0x0 0x630007 0x0 0x38 0x91 0x660003 0x91 0xfffffffffffffed8 0x780004 0x0 0x0 0x2d1e78086a0 0x2914 0x2d1e7808750 0x3f 0x800004 0x0 0x0 0x2d19ff18bd0 0x8f8c 0x2d1e7808800 0x1 0x0 0x0 0x0 0x0 0x0 0x0 0x9 0x3 0xffffffffffffffff 0x0 0x0 oops 6 15 java/lang/Boolean 17 com/android/tools/r8/internal/Ml 45 com/android/tools/r8/graph/E2 47 com/android/tools/r8/graph/h1 52 java/lang/Boolean 54 com/android/tools/r8/internal/K5 methods 0
ciMethodData java/util/IdentityHashMap init (I)V 2 3739739 orig 80 0 0 0 0 0 0 0 0 0 0 0 0 0 0 0 0 0 0 0 0 0 0 0 0 0 0 0 0 0 0 0 0 0 0 0 0 0 0 0 0 0 0 0 0 0 0 0 0 0 0 0 0 0 0 0 0 0 0 0 0 0 0 0 0 0 0 0 0 0 0 0 0 0 0 0 0 0 0 0 0 data 8 0x0 0x0 0x0 0x0 0x9 0x2 0x18 0x0 oops 0 methods 0
ciMethodData java/util/IdentityHashMap <init> ()V 2 3744399 orig 80 0 0 0 0 0 0 0 0 0 0 0 0 0 0 0 0 0 0 0 0 0 0 0 0 0 0 0 0 0 0 0 0 0 0 0 0 0 0 0 0 0 0 0 0 0 0 0 0 0 0 0 0 0 0 0 0 0 0 0 0 0 0 0 0 0 0 0 0 0 0 0 0 0 0 0 0 0 0 0 0 data 18 0x10002 0x390df0 0x70005 0x390ada 0x0 0x0 0x0 0x0 0x0 0x0 0x0 0x0 0x0 0x0 0x0 0x9 0x1 0x18 oops 0 methods 0
ciMethodData java/util/IdentityHashMap get (Ljava/lang/Object;)Ljava/lang/Object; 2 14227 orig 80 0 0 0 0 0 0 0 0 0 0 0 0 209 2 0 0 0 0 0 0 0 0 0 0 0 0 0 0 0 0 0 0 0 0 0 0 0 0 0 0 0 0 0 0 0 0 0 0 0 0 0 0 0 0 0 0 0 0 0 0 0 0 0 0 0 0 0 0 0 0 0 0 0 0 0 0 0 0 0 0 data 27 0x10002 0x3602 0x110002 0x3601 0x1f0007 0x2aaf 0x20 0x230a 0x2b0007 0x17b0 0x20 0x130a 0x340002 0x17b0 0x390003 0x17b1 0xffffffffffffffb0 0x0 0x0 0x0 0x0 0x0 0x0 0x9 0x2 0x0 0x0 oops 0 methods 0
ciMethodData java/util/Collections$UnmodifiableCollection <init> (Ljava/util/Collection;)V 2 110816 orig 80 0 0 0 0 0 0 0 0 0 0 0 0 0 0 0 0 0 0 0 0 0 0 0 0 0 0 0 0 0 0 0 0 0 0 0 0 0 0 0 0 0 0 0 0 0 0 0 0 0 0 0 0 0 0 0 0 0 0 0 0 0 0 0 0 0 0 0 0 0 0 0 0 0 0 0 0 0 0 0 0 data 18 0x10002 0x1aee0 0x50007 0x1aed9 0x30 0x0 0xc0002 0x0 0x0 0x0 0x0 0x0 0x0 0x0 0x9 0x2 0x6 0x0 oops 0 methods 0
ciMethodData java/util/Collections unmodifiableList (Ljava/util/List;)Ljava/util/List; 2 88488 orig 80 1 0 0 0 0 0 0 0 0 0 0 0 0 0 0 0 0 0 0 0 5 0 0 0 0 0 0 0 0 0 0 0 0 0 0 0 0 0 0 0 0 0 0 0 0 0 0 0 0 0 0 0 0 0 0 0 0 0 0 0 0 0 0 0 0 0 0 0 0 0 0 0 0 0 0 0 0 0 0 0 data 49 0x10005 0x157aa 0x0 0x0 0x0 0x0 0x0 0x60007 0x0 0x78 0x157ac 0xa0005 0x157ad 0x0 0x0 0x0 0x0 0x0 0xf0007 0x157aa 0x20 0x0 0x8000000400150004 0x0 0x0 0x2d19ff18610 0x1575e 0x2d1e8776fc0 0x51 0x180007 0x0 0x48 0x157ad 0x200002 0x157a8 0x230003 0x15791 0x28 0x2b0002 0x0 0x0 0x0 0x0 0x0 0x0 0x0 0x9 0x1 0x0 oops 2 25 java/util/ArrayList 27 com/android/tools/r8/internal/VS methods 0
ciMethodData java/util/Collections$UnmodifiableRandomAccessList <init> (Ljava/util/List;)V 2 88485 orig 80 0 0 0 0 0 0 0 0 0 0 0 0 0 0 0 0 0 0 0 0 0 0 0 0 0 0 0 0 0 0 0 0 0 0 0 0 0 0 0 0 0 0 0 0 0 0 0 0 0 0 0 0 0 0 0 0 0 0 0 0 0 0 0 0 0 0 0 0 0 0 0 0 0 0 0 0 0 0 0 0 data 8 0x20002 0x1510a 0x0 0x0 0x9 0x2 0x0 0x0 oops 0 methods 0
ciMethodData java/util/Collections$UnmodifiableList <init> (Ljava/util/List;)V 2 86790 orig 80 0 0 0 0 0 0 0 0 0 0 0 0 0 0 0 0 0 0 0 0 0 0 0 0 0 0 0 0 0 0 0 0 0 0 0 0 0 0 0 0 0 0 0 0 0 0 0 0 0 0 0 0 0 0 0 0 0 0 0 0 0 0 0 0 0 0 0 0 0 0 0 0 0 0 0 0 0 0 0 0 data 10 0x20002 0x15108 0x0 0x0 0x0 0x0 0x9 0x2 0x6 0x0 oops 0 methods 0
ciMethodData java/util/Collections$UnmodifiableCollection size ()I 2 66257 orig 80 1 0 0 0 0 0 0 0 0 0 0 0 0 0 0 0 0 0 0 0 4 0 0 0 0 0 0 0 0 0 0 0 0 0 0 0 0 0 0 0 0 0 0 0 0 0 0 0 0 0 0 0 0 0 0 0 0 0 0 0 0 0 0 0 0 0 0 0 0 0 0 0 0 0 0 0 0 0 0 0 data 16 0x8000000400040005 0x0 0x0 0x2d19ff18610 0x1009d 0x2d1e8776fc0 0x3c 0x0 0x0 0x0 0x0 0x0 0x0 0x9 0x1 0x0 oops 2 3 java/util/ArrayList 5 com/android/tools/r8/internal/VS methods 0
ciMethodData java/util/Collections$UnmodifiableCollection$1 hasNext ()Z 2 711268 orig 80 2 0 0 0 1 0 0 0 0 0 0 0 0 0 0 0 0 0 0 0 4 0 0 4 0 0 0 0 0 0 0 0 0 0 0 0 0 0 0 0 0 0 0 0 0 0 0 0 0 0 0 0 0 0 0 0 0 0 0 0 0 0 0 0 0 0 0 0 0 0 0 0 0 0 0 0 0 0 0 0 data 16 0xffffffff00040005 0x22 0x0 0x2d1e8777280 0x92df 0x2d1ec389170 0x38 0x0 0x0 0x0 0x0 0x0 0x0 0x9 0x1 0x0 oops 2 3 java/util/ArrayList$Itr 5 java/util/IdentityHashMap$KeyIterator methods 0
ciMethodData java/util/Collections$UnmodifiableCollection$1 next ()Ljava/lang/Object; 2 670226 orig 80 2 0 0 0 1 0 0 0 0 0 0 0 0 0 0 0 0 0 0 0 4 0 0 4 0 0 0 0 0 0 0 0 0 0 0 0 0 0 0 0 0 0 0 0 0 0 0 0 0 0 0 0 0 0 0 0 0 0 0 0 0 0 0 0 0 0 0 0 0 0 0 0 0 0 0 0 0 0 0 0 data 16 0xffffffff00040005 0x60 0x0 0x2d1e8777280 0x373b 0x2d1ec389170 0xa 0x0 0x0 0x0 0x0 0x0 0x0 0x9 0x1 0x0 oops 2 3 java/util/ArrayList$Itr 5 java/util/IdentityHashMap$KeyIterator methods 0
ciMethodData java/util/Collections$UnmodifiableCollection iterator ()Ljava/util/Iterator; 2 24055 orig 80 1 0 0 0 0 0 0 0 0 0 0 0 0 0 0 0 0 0 0 0 0 0 0 0 0 0 0 0 0 0 0 0 0 0 0 0 0 0 0 0 0 0 0 0 0 0 0 0 0 0 0 0 0 0 0 0 0 0 0 0 0 0 0 0 0 0 0 0 0 0 0 0 0 0 0 0 0 0 0 0 data 8 0x50002 0x4d28 0x0 0x0 0x0 0x9 0x1 0x0 oops 0 methods 0
ciMethodData java/util/Collections$UnmodifiableCollection$1 <init> (Ljava/util/Collections$UnmodifiableCollection;)V 2 20262 orig 80 0 0 0 0 0 0 0 0 0 0 0 0 0 0 0 0 0 0 0 0 0 0 0 4 0 0 0 0 0 0 0 0 0 0 0 0 0 0 0 0 0 0 0 0 0 0 0 0 0 0 0 0 0 0 0 0 0 0 0 0 0 0 0 0 0 0 0 0 0 0 0 0 0 0 0 0 0 0 0 0 data 19 0x60002 0x4ce7 0x8000000700110005 0x4 0x0 0x2d19ff18610 0x4ce4 0x2d1e7d403a0 0x2 0x0 0x0 0x0 0x0 0x0 0x0 0x9 0x2 0x6 0x0 oops 2 5 java/util/ArrayList 7 java/util/Collections$SetFromMap methods 0
ciMethodData java/util/IdentityHashMap containsKey (Ljava/lang/Object;)Z 2 31798 orig 80 0 0 0 0 0 0 0 0 0 0 0 0 0 0 0 0 0 0 0 0 0 0 0 0 0 0 0 0 0 0 0 0 0 0 0 0 0 0 0 0 0 0 0 0 0 0 0 0 0 0 0 0 0 0 0 0 0 0 0 0 0 0 0 0 0 0 0 0 0 0 0 0 0 0 0 0 0 0 0 0 data 27 0x10002 0x7a35 0x110002 0x7a34 0x1f0007 0x5a73 0x20 0x2792 0x260007 0x7d1 0x20 0x52a4 0x2f0002 0x7d1 0x340003 0x7d1 0xffffffffffffffb0 0x0 0x0 0x0 0x0 0x0 0x0 0x9 0x2 0x0 0x0 oops 0 methods 0
ciMethod java/util/LinkedList$ListItr <init> (Ljava/util/LinkedList;I)V 578 0 71905 0 832
ciMethod java/util/LinkedList$ListItr hasNext ()Z 684 0 4833231 0 96
ciMethod java/util/LinkedList$ListItr next ()Ljava/lang/Object; 616 0 5658 0 640
ciMethod java/util/LinkedList$ListItr hasPrevious ()Z 768 0 107198 0 96
ciMethod java/util/LinkedList$ListItr previous ()Ljava/lang/Object; 532 0 38468 0 640
ciMethod java/util/LinkedList$ListItr checkForComodification ()V 596 0 724625 0 -1
ciMethodData java/util/LinkedList$ListItr hasNext ()Z 2 4833268 orig 80 0 0 0 0 0 0 0 0 0 0 0 0 209 2 0 0 0 0 0 0 0 0 0 0 0 0 0 0 0 0 0 0 0 0 0 0 0 0 0 0 0 0 0 0 0 0 0 0 0 0 0 0 0 0 0 0 0 0 0 0 0 0 0 0 0 0 0 0 0 0 0 0 0 0 0 0 0 0 0 0 data 14 0xb0007 0xb5172 0x38 0x3e7b4a 0xf0003 0x3e7b38 0x18 0x0 0x0 0x0 0x0 0x9 0x1 0x0 oops 0 methods 0
ciMethodData java/util/LinkedList$ListItr checkForComodification ()V 2 724625 orig 80 0 0 0 0 0 0 0 0 0 0 0 0 209 2 0 0 0 0 0 0 0 0 0 0 0 0 0 0 0 0 0 0 0 0 0 0 0 0 0 0 0 0 0 0 0 0 0 0 0 0 0 0 0 0 0 0 0 0 0 0 0 0 0 0 0 0 0 0 0 0 0 0 0 0 0 0 0 0 0 0 data 13 0xb0007 0xb0d43 0x30 0x0 0x120002 0x0 0x0 0x0 0x0 0x0 0x9 0x1 0x0 oops 0 methods 0
ciMethodData java/util/LinkedList$ListItr next ()Ljava/lang/Object; 2 5658 orig 80 0 0 0 0 0 0 0 0 0 0 0 0 209 2 0 0 0 0 0 0 0 0 0 0 0 0 0 0 0 0 0 0 0 0 0 0 0 0 0 0 0 0 0 0 0 0 0 0 0 0 0 0 0 0 0 0 0 0 0 0 0 0 0 0 0 0 0 0 0 0 0 0 0 0 0 0 0 0 0 0 data 29 0x10005 0x14e7 0x0 0x0 0x0 0x0 0x0 0x50005 0x0 0x0 0x2d1e87771d0 0x14e5 0x0 0x0 0x80007 0x14e3 0x30 0x0 0xf0002 0x0 0x0 0x0 0x0 0x0 0x0 0x0 0x9 0x1 0x0 oops 1 10 java/util/LinkedList$ListItr methods 0
ciMethodData java/util/LinkedList$ListItr hasPrevious ()Z 2 107198 orig 80 0 0 0 0 0 0 0 0 0 0 0 0 209 2 0 0 0 0 0 0 0 0 0 0 0 0 0 0 0 0 0 0 0 0 0 0 0 0 0 0 0 0 0 0 0 0 0 0 0 0 0 0 0 0 0 0 0 0 0 0 0 0 0 0 0 0 0 0 0 0 0 0 0 0 0 0 0 0 0 0 data 13 0x40007 0x1435 0x38 0x18d07 0x80003 0x18d05 0x18 0x0 0x0 0x0 0x9 0x1 0x0 oops 0 methods 0
ciMethodData java/util/LinkedList$ListItr previous ()Ljava/lang/Object; 2 38468 orig 80 0 0 0 0 0 0 0 0 0 0 0 0 209 2 0 0 0 0 0 0 0 0 0 0 0 0 0 0 0 0 0 0 0 0 0 0 0 0 0 0 0 0 0 0 0 0 0 0 0 0 0 0 0 0 0 0 0 0 0 0 0 0 0 0 0 0 0 0 0 0 0 0 0 0 0 0 0 0 0 0 data 36 0x10005 0x9534 0x0 0x0 0x0 0x0 0x0 0x50005 0x0 0x0 0x2d1e87771d0 0x9535 0x0 0x0 0x80007 0x9535 0x30 0x0 0xf0002 0x0 0x190007 0x7a0d 0x38 0x1b2a 0x230003 0x1b2a 0x18 0x0 0x0 0x0 0x0 0x0 0x0 0x9 0x1 0x0 oops 1 10 java/util/LinkedList$ListItr methods 0
ciMethodData java/util/LinkedList node (I)Ljava/util/LinkedList$Node; 2 112848 orig 80 0 0 0 0 0 0 0 0 0 0 0 0 209 2 0 0 0 0 0 0 0 0 0 0 0 0 0 0 0 0 0 0 0 0 0 0 0 0 0 0 0 0 0 0 0 0 0 0 0 0 0 0 0 0 0 0 0 0 0 0 0 0 0 0 0 0 0 0 0 0 0 0 0 0 0 0 0 0 0 0 data 26 0x70007 0xb3dc 0x58 0x10428 0x130007 0x1042b 0x38 0x15b5 0x1e0003 0x15b5 0xffffffffffffffe0 0x310007 0xb3cd 0x38 0x1777 0x3c0003 0x1777 0xffffffffffffffe0 0x0 0x0 0x0 0x0 0x9 0x2 0x0 0x0 oops 0 methods 0
ciMethodData java/util/LinkedList checkPositionIndex (I)V 2 3224122 orig 80 0 0 0 0 0 0 0 0 0 0 0 0 209 2 0 0 0 0 0 0 0 0 0 0 0 0 0 0 0 0 0 0 0 0 0 0 0 0 0 0 0 0 0 0 0 0 0 0 0 0 0 0 0 0 0 0 0 0 0 0 0 0 0 0 0 0 0 0 0 0 0 0 0 0 0 0 0 0 0 0 data 30 0x20005 0x3132cb 0x0 0x0 0x0 0x0 0x0 0x50007 0x31301d 0x68 0x0 0xe0005 0x0 0x0 0x0 0x0 0x0 0x0 0x110002 0x0 0x0 0x0 0x0 0x0 0x0 0x0 0x9 0x2 0x0 0x0 oops 0 methods 0
ciMethodData java/util/LinkedList isPositionIndex (I)Z 2 3224037 orig 80 0 0 0 0 0 0 0 0 0 0 0 0 0 0 0 0 0 0 0 0 0 0 0 0 0 0 0 0 0 0 0 0 0 0 0 0 0 0 0 0 0 0 0 0 0 0 0 0 0 0 0 0 0 0 0 0 0 0 0 0 0 0 0 0 0 0 0 0 0 0 0 0 0 0 0 0 0 0 0 0 data 18 0x10007 0x0 0x58 0x31325b 0x90007 0x0 0x38 0x312c43 0xd0003 0x3131ea 0x18 0x0 0x0 0x0 0x9 0x2 0x0 0x0 oops 0 methods 0
ciMethodData java/util/LinkedList listIterator (I)Ljava/util/ListIterator; 2 3670601 orig 80 0 0 0 0 0 0 0 0 0 0 0 0 209 2 0 0 0 0 0 0 0 0 0 0 0 0 0 0 0 0 0 0 0 0 0 0 0 0 0 0 0 0 0 0 0 0 0 0 0 0 0 0 0 0 0 0 0 0 0 0 0 0 0 0 0 0 0 0 0 0 0 0 0 0 0 0 0 0 0 0 data 19 0x20005 0x380369 0x0 0x0 0x0 0x0 0x0 0xb0002 0x37e658 0x0 0x0 0x0 0x0 0x0 0x0 0x9 0x2 0x0 0x0 oops 0 methods 0
ciMethodData java/util/LinkedList$ListItr <init> (Ljava/util/LinkedList;I)V 2 71905 orig 80 0 0 0 0 0 0 0 0 0 0 0 0 0 0 0 0 0 0 0 0 0 0 0 0 0 0 0 0 0 0 0 0 0 0 0 0 0 0 0 0 0 0 0 0 0 0 0 0 0 0 0 0 0 0 0 0 0 0 0 0 0 0 0 0 0 0 0 0 0 0 0 0 0 0 0 0 0 0 0 0 data 27 0x60002 0x117c7 0x1a0007 0xfbca 0x38 0x1bee 0x1e0003 0x1bee 0x50 0x230005 0x0 0x0 0x2d1e8777120 0xfbd7 0x0 0x0 0x0 0x0 0x0 0x0 0x0 0x0 0x9 0x3 0x1e 0x0 0x0 oops 1 12 java/util/LinkedList methods 0
ciMethodData java/util/LinkedList linkLast (Ljava/lang/Object;)V 2 28346 orig 80 0 0 0 0 0 0 0 0 0 0 0 0 209 2 0 0 0 0 0 0 0 0 0 0 0 0 0 0 0 0 0 0 0 0 0 0 0 0 0 0 0 0 0 0 0 0 0 0 0 0 0 0 0 0 0 0 0 0 0 0 0 0 0 0 0 0 0 0 0 0 0 0 0 0 0 0 0 0 0 0 data 19 0xc0002 0x6da2 0x160007 0x4786 0x38 0x261f 0x1e0003 0x2621 0x18 0x0 0x0 0x0 0x0 0x0 0x0 0x9 0x2 0xe 0x0 oops 0 methods 0
ciMethod java/util/IdentityHashMap$ValueIterator <init> (Ljava/util/IdentityHashMap;)V 1024 0 38032 0 -1
ciMethodData java/util/AbstractList listIterator ()Ljava/util/ListIterator; 2 3402956 orig 80 0 0 0 0 0 0 0 0 0 0 0 0 0 0 0 0 0 0 0 0 0 0 0 0 0 0 0 0 0 0 0 0 0 0 0 0 0 0 0 0 0 0 0 0 0 0 0 0 0 0 0 0 0 0 0 0 0 0 0 0 0 0 0 0 0 0 0 0 0 0 0 0 0 0 0 0 0 0 0 0 data 16 0x20005 0x6d1 0x0 0x2d1e8777120 0x33581a 0x2d1ea5dbac0 0x8d53 0x0 0x0 0x0 0x0 0x0 0x0 0x9 0x1 0xffffffffffffffff oops 2 3 java/util/LinkedList 5 java/util/AbstractList$SubList methods 0
ciMethodData java/util/HashMap$HashIterator <init> (Ljava/util/HashMap;)V 2 83979 orig 80 0 0 0 0 0 0 0 0 0 0 0 0 209 2 0 0 0 0 0 0 0 0 0 0 0 0 0 0 0 0 0 0 0 0 0 0 0 0 0 0 0 0 0 0 0 0 0 0 0 0 0 0 0 0 0 0 0 0 0 0 0 0 0 0 0 0 0 0 0 0 0 0 0 0 0 0 0 0 0 0 data 29 0x60002 0x14700 0x260007 0xa5ec 0x80 0xa10e 0x2d0007 0x6a 0x60 0xa0a3 0x360007 0x0 0x40 0xd684 0x4b0007 0x35dc 0xffffffffffffffe0 0xa0a7 0x0 0x0 0x0 0x0 0x0 0x0 0x0 0x9 0x2 0x1e 0x0 oops 0 methods 0
ciMethodData java/util/AbstractSequentialList iterator ()Ljava/util/Iterator; 2 2334532 orig 80 0 0 0 0 0 0 0 0 0 0 0 0 0 0 0 0 0 0 0 0 0 0 0 0 0 0 0 0 0 0 0 0 0 0 0 0 0 0 0 0 0 0 0 0 0 0 0 0 0 0 0 0 0 0 0 0 0 0 0 0 0 0 0 0 0 0 0 0 0 0 0 0 0 0 0 0 0 0 0 0 data 16 0x10005 0x0 0x0 0x2d1e8777120 0x239ccb 0x0 0x0 0x0 0x0 0x0 0x0 0x0 0x0 0x9 0x1 0xffffffffffffffff oops 1 3 java/util/LinkedList methods 0
ciMethodData java/util/LinkedList add (Ljava/lang/Object;)Z 2 1760104 orig 80 0 0 0 0 0 0 0 0 0 0 0 0 209 2 0 0 0 0 0 0 0 0 0 0 0 0 0 0 0 0 0 0 0 0 0 0 0 0 0 0 0 0 0 0 0 0 0 0 0 0 0 0 0 0 0 0 0 0 0 0 0 0 0 0 0 0 0 0 0 0 0 0 0 0 0 0 0 0 0 0 data 17 0x20005 0x0 0x0 0x2d1e8777120 0x1ad94e 0x0 0x0 0x0 0x0 0x0 0x0 0x0 0x0 0x9 0x2 0x0 0x0 oops 1 3 java/util/LinkedList methods 0
ciMethodData java/util/LinkedList get (I)Ljava/lang/Object; 2 3159976 orig 80 0 0 0 0 0 0 0 0 0 0 0 0 0 0 0 0 0 0 0 0 0 0 0 0 0 0 0 0 0 0 0 0 0 0 0 0 0 0 0 0 0 0 0 0 0 0 0 0 0 0 0 0 0 0 0 0 0 0 0 0 0 0 0 0 0 0 0 0 0 0 0 0 0 0 0 0 0 0 0 0 data 24 0x20005 0x303589 0x0 0x0 0x0 0x0 0x0 0x70005 0x0 0x0 0x2d1e8777120 0x30347c 0x0 0x0 0x0 0x0 0x0 0x0 0x0 0x0 0x9 0x2 0x0 0x0 oops 1 10 java/util/LinkedList methods 0
ciMethodData java/util/LinkedList checkElementIndex (I)V 2 3159878 orig 80 0 0 0 0 0 0 0 0 0 0 0 0 0 0 0 0 0 0 0 0 0 0 0 0 0 0 0 0 0 0 0 0 0 0 0 0 0 0 0 0 0 0 0 0 0 0 0 0 0 0 0 0 0 0 0 0 0 0 0 0 0 0 0 0 0 0 0 0 0 0 0 0 0 0 0 0 0 0 0 0 data 30 0x20005 0x30352d 0x0 0x0 0x0 0x0 0x0 0x50007 0x3034d3 0x68 0x0 0xe0005 0x0 0x0 0x0 0x0 0x0 0x0 0x110002 0x0 0x0 0x0 0x0 0x0 0x0 0x0 0x9 0x2 0x0 0x0 oops 0 methods 0
ciMethodData java/util/LinkedList isElementIndex (I)Z 2 3159417 orig 80 0 0 0 0 0 0 0 0 0 0 0 0 0 0 0 0 0 0 0 0 0 0 0 0 0 0 0 0 0 0 0 0 0 0 0 0 0 0 0 0 0 0 0 0 0 0 0 0 0 0 0 0 0 0 0 0 0 0 0 0 0 0 0 0 0 0 0 0 0 0 0 0 0 0 0 0 0 0 0 0 data 18 0x10007 0x0 0x58 0x303521 0x90007 0x0 0x38 0x303527 0xd0003 0x303520 0x18 0x0 0x0 0x0 0x9 0x2 0x0 0x0 oops 0 methods 0
ciMethodData java/util/ArrayList <init> (Ljava/util/Collection;)V 2 35886 orig 80 0 0 0 0 0 0 0 0 0 0 0 0 209 2 0 0 0 0 0 0 0 0 0 0 0 0 0 0 0 0 0 0 0 0 0 0 0 0 0 0 0 0 0 0 0 0 0 0 0 0 0 0 0 0 0 0 0 0 0 0 0 0 0 0 0 0 0 0 0 0 0 0 0 0 0 0 0 0 0 0 data 42 0x10002 0x8aa0 0x50005 0x2824 0x0 0x2d1e7d403a0 0xec8 0x2d1e9d22780 0x53ab 0x120007 0x6d5f 0xb8 0x1d3e 0x160005 0x1d3f 0x0 0x0 0x0 0x0 0x0 0x1b0007 0xf94 0x38 0xda6 0x230003 0xda6 0x40 0x2e0002 0xf9a 0x340003 0xf98 0x18 0x0 0x0 0x0 0x0 0x0 0x0 0x9 0x2 0xe 0xffffffffffffffff oops 2 5 java/util/Collections$SetFromMap 7 com/android/tools/r8/internal/cT methods 0
ciMethodData java/util/LinkedList <init> ()V 2 1594013 orig 80 0 0 0 0 0 0 0 0 0 0 0 0 0 0 0 0 0 0 0 0 0 0 0 0 0 0 0 0 0 0 0 0 0 0 0 0 0 0 0 0 0 0 0 0 0 0 0 0 0 0 0 0 0 0 0 0 0 0 0 0 0 0 0 0 0 0 0 0 0 0 0 0 0 0 0 0 0 0 0 0 data 9 0x10002 0x1854ff 0x0 0x0 0x0 0x0 0x9 0x1 0x6 oops 0 methods 0
ciMethodData java/util/AbstractSequentialList <init> ()V 2 1594837 orig 80 0 0 0 0 0 0 0 0 0 0 0 0 0 0 0 0 0 0 0 0 0 0 0 0 0 0 0 0 0 0 0 0 0 0 0 0 0 0 0 0 0 0 0 0 0 0 0 0 0 0 0 0 0 0 0 0 0 0 0 0 0 0 0 0 0 0 0 0 0 0 0 0 0 0 0 0 0 0 0 0 data 7 0x10002 0x185491 0x0 0x0 0x9 0x1 0x6 oops 0 methods 0
ciMethodData java/util/LinkedList toArray ()[Ljava/lang/Object; 2 182490 orig 80 0 0 0 0 0 0 0 0 0 0 0 0 209 2 0 0 0 0 0 0 0 0 0 0 0 0 0 0 0 0 0 0 0 0 0 0 0 0 0 0 0 0 0 0 0 0 0 0 0 0 0 0 0 0 0 0 0 0 0 0 0 0 0 0 0 0 0 0 0 0 0 0 0 0 0 0 0 0 0 0 data 23 0x100007 0xa0ba 0x70 0x2c7f0 0x1c0004 0x0 0x0 0x2d1e8777ee0 0x6cb 0x2d1e7d42a90 0x7d 0x220003 0x2c7e9 0xffffffffffffffa8 0x0 0x0 0x0 0x0 0x0 0x0 0x9 0x1 0x0 oops 2 7 com/android/tools/r8/internal/bt 9 com/android/tools/r8/internal/cX methods 0
ciMethodData java/util/ArrayList remove (Ljava/lang/Object;)Z 2 267442 orig 80 0 0 0 0 0 0 0 0 0 0 0 0 209 2 0 0 0 0 0 0 0 0 0 0 0 0 0 0 0 0 0 0 0 0 0 0 0 0 0 0 0 0 0 0 0 0 0 0 0 0 0 0 0 0 0 0 0 0 0 0 0 0 0 0 0 0 0 0 0 0 0 0 0 0 0 0 0 0 0 0 data 56 0xe0007 0x2687b 0x90 0x0 0x140007 0x0 0x118 0x0 0x1b0007 0x0 0x38 0x0 0x1e0003 0x0 0xd8 0x240003 0x0 0xffffffffffffffa8 0x2a0007 0xac 0xa8 0x67c6b 0x320005 0x582 0x0 0x2d1e78020d0 0x398fd 0x2d1e8777070 0x2dde4 0x350007 0x414a9 0x38 0x267c4 0x380003 0x267c6 0x30 0x3e0003 0x414aa 0xffffffffffffff70 0x470005 0x267c7 0x0 0x0 0x0 0x0 0x0 0x0 0x0 0x0 0x0 0x0 0x0 0x9 0x2 0x6 0xffffffffffffffff oops 2 25 com/android/tools/r8/internal/dM 27 com/android/tools/r8/internal/J4 methods 0
ciMethodData java/util/Collections$UnmodifiableCollection isEmpty ()Z 1 7101 orig 80 0 0 0 0 0 0 0 0 0 0 0 0 0 0 0 0 0 0 0 0 0 0 0 0 0 0 0 0 0 0 0 0 0 0 0 0 0 0 0 0 0 0 0 0 0 0 0 0 0 0 0 0 0 0 0 0 0 0 0 0 0 0 0 0 0 0 0 0 0 0 0 0 0 0 0 0 0 0 0 0 data 16 0x40005 0x0 0x0 0x2d19ff18610 0x98 0x0 0x0 0x0 0x0 0x0 0x0 0x0 0x0 0x9 0x1 0x0 oops 1 3 java/util/ArrayList methods 0
ciMethodData java/util/HashMap values ()Ljava/util/Collection; 2 292717 orig 80 0 0 0 0 0 0 0 0 0 0 0 0 0 0 0 0 0 0 0 0 0 0 0 0 0 0 0 0 0 0 0 0 0 0 0 0 0 0 0 0 0 0 0 0 0 0 0 0 0 0 0 0 0 0 0 0 0 0 0 0 0 0 0 0 0 0 0 0 0 0 0 0 0 0 0 0 0 0 0 0 data 15 0x60007 0x88f 0x30 0x465d3 0xe0002 0x465b6 0x0 0x0 0x0 0x0 0x0 0x0 0x9 0x1 0x4 oops 0 methods 0
ciMethodData java/util/HashMap$Values <init> (Ljava/util/HashMap;)V 2 288540 orig 80 0 0 0 0 0 0 0 0 0 0 0 0 0 0 0 0 0 0 0 0 0 0 0 0 0 0 0 0 0 0 0 0 0 0 0 0 0 0 0 0 0 0 0 0 0 0 0 0 0 0 0 0 0 0 0 0 0 0 0 0 0 0 0 0 0 0 0 0 0 0 0 0 0 0 0 0 0 0 0 0 data 10 0x60002 0x46526 0x0 0x0 0x0 0x0 0x9 0x2 0x6 0x0 oops 0 methods 0
ciMethodData java/util/HashMap$Values iterator ()Ljava/util/Iterator; 2 288483 orig 80 0 0 0 0 0 0 0 0 0 0 0 0 0 0 0 0 0 0 0 0 0 0 0 0 0 0 0 0 0 0 0 0 0 0 0 0 0 0 0 0 0 0 0 0 0 0 0 0 0 0 0 0 0 0 0 0 0 0 0 0 0 0 0 0 0 0 0 0 0 0 0 0 0 0 0 0 0 0 0 0 data 9 0x80002 0x45dbc 0x0 0x0 0x0 0x0 0x9 0x1 0x0 oops 0 methods 0
ciMethodData java/util/HashMap$ValueIterator <init> (Ljava/util/HashMap;)V 2 286480 orig 80 0 0 0 0 0 0 0 0 0 0 0 0 0 0 0 0 0 0 0 0 0 0 0 0 0 0 0 0 0 0 0 0 0 0 0 0 0 0 0 0 0 0 0 0 0 0 0 0 0 0 0 0 0 0 0 0 0 0 0 0 0 0 0 0 0 0 0 0 0 0 0 0 0 0 0 0 0 0 0 0 data 10 0x70002 0x45cc4 0x0 0x0 0x0 0x0 0x9 0x2 0x1e 0x0 oops 0 methods 0
ciMethodData java/util/LinkedList removeLast ()Ljava/lang/Object; 1 134 orig 80 0 0 0 0 0 0 0 0 0 0 0 0 0 0 0 0 0 0 0 0 0 0 0 0 0 0 0 0 0 0 0 0 0 0 0 0 0 0 0 0 0 0 0 0 0 0 0 0 0 0 0 0 0 0 0 0 0 0 0 0 0 0 0 0 0 0 0 0 0 0 0 0 0 0 0 0 0 0 0 0 data 22 0x60007 0x80 0x30 0x0 0xd0002 0x0 0x130005 0x80 0x0 0x0 0x0 0x0 0x0 0x0 0x0 0x0 0x0 0x0 0x0 0x9 0x1 0xe oops 0 methods 0
ciMethodData java/util/IdentityHashMap values ()Ljava/util/Collection; 2 48278 orig 80 0 0 0 0 0 0 0 0 0 0 0 0 0 0 0 0 0 0 0 0 0 0 0 0 0 0 0 0 0 0 0 0 0 0 0 0 0 0 0 0 0 0 0 0 0 0 0 0 0 0 0 0 0 0 0 0 0 0 0 0 0 0 0 0 0 0 0 0 0 0 0 0 0 0 0 0 0 0 0 0 data 15 0x60007 0x0 0x30 0x654a 0xe0002 0x6501 0x0 0x0 0x0 0x0 0x0 0x0 0x9 0x1 0x4 oops 0 methods 0
ciMethodData java/util/HashMap$ValueIterator next ()Ljava/lang/Object; 2 132701 orig 80 0 0 0 0 0 0 0 0 0 0 0 0 0 0 0 0 0 0 0 0 0 0 0 0 0 0 0 0 0 0 0 0 0 0 0 0 0 0 0 0 0 0 0 0 0 0 0 0 0 0 0 0 0 0 0 0 0 0 0 0 0 0 0 0 0 0 0 0 0 0 0 0 0 0 0 0 0 0 0 0 data 16 0x10005 0x202d6 0x0 0x0 0x0 0x0 0x0 0x0 0x0 0x0 0x0 0x0 0x0 0x9 0x1 0x0 oops 0 methods 0
ciMethodData java/util/LinkedList addFirst (Ljava/lang/Object;)V 1 64 orig 80 0 0 0 0 0 0 0 0 0 0 0 0 0 0 0 0 0 0 0 0 0 0 0 0 0 0 0 0 0 0 0 0 0 0 0 0 0 0 0 0 0 0 0 0 0 0 0 0 0 0 0 0 0 0 0 0 0 0 0 0 0 0 0 0 0 0 0 0 0 0 0 0 0 0 0 0 0 0 0 0 data 17 0x20005 0x2f 0x0 0x0 0x0 0x0 0x0 0x0 0x0 0x0 0x0 0x0 0x0 0x9 0x2 0x0 0x0 oops 0 methods 0
ciMethodData java/util/LinkedList linkFirst (Ljava/lang/Object;)V 1 625 orig 80 0 0 0 0 0 0 0 0 0 0 0 0 0 0 0 0 0 0 0 0 0 0 0 0 0 0 0 0 0 0 0 0 0 0 0 0 0 0 0 0 0 0 0 0 0 0 0 0 0 0 0 0 0 0 0 0 0 0 0 0 0 0 0 0 0 0 0 0 0 0 0 0 0 0 0 0 0 0 0 0 data 19 0xc0002 0x101 0x160007 0x9a 0x38 0x67 0x1e0003 0x67 0x18 0x0 0x0 0x0 0x0 0x0 0x0 0x9 0x2 0xe 0x0 oops 0 methods 0
ciMethodData java/util/IdentityHashMap$Values iterator ()Ljava/util/Iterator; 2 39705 orig 80 0 0 0 0 0 0 0 0 0 0 0 0 0 0 0 0 0 0 0 0 0 0 0 0 0 0 0 0 0 0 0 0 0 0 0 0 0 0 0 0 0 0 0 0 0 0 0 0 0 0 0 0 0 0 0 0 0 0 0 0 0 0 0 0 0 0 0 0 0 0 0 0 0 0 0 0 0 0 0 0 data 9 0x80002 0x928a 0x0 0x0 0x0 0x0 0x9 0x1 0x0 oops 0 methods 0
ciMethod java/lang/invoke/LambdaForm$MH+0x000002d1a1000400 invoke (Ljava/lang/Object;)Ljava/lang/Object; 1024 0 10746445 0 -1
ciMethodData java/lang/invoke/LambdaForm$MH+0x000002d1a1000400 invoke (Ljava/lang/Object;)Ljava/lang/Object; 2 10746445 orig 80 0 0 0 0 0 0 0 0 0 0 0 0 0 0 0 0 0 0 0 0 0 0 0 0 0 0 0 0 0 0 0 0 0 0 0 0 0 0 0 0 0 0 0 0 0 0 0 0 0 0 0 0 0 0 0 0 0 0 0 0 0 0 0 0 0 0 0 0 0 0 0 0 0 0 0 0 0 0 0 0 data 20 0x10004 0x0 0x0 0x2d1e7e332d0 0x2b08 0x0 0x0 0x0 0x0 0x0 0x0 0x0 0x0 0x9 0x1 0x0 0xc 0x2 0x0 0x2d1e7e332d0 oops 2 3 java/lang/invoke/BoundMethodHandle$Species_L 19 java/lang/invoke/BoundMethodHandle$Species_L methods 0
ciMethod com/android/tools/r8/internal/Cm h ()Lcom/android/tools/r8/internal/zm; 1026 0 223005 0 -1
ciMethod com/android/tools/r8/internal/Cm a (I[Ljava/lang/Object;)I 4096 4094 63952 0 -1
ciMethod com/android/tools/r8/internal/sm toArray ()[Ljava/lang/Object; 516 0 533722 0 1344
ciMethod com/android/tools/r8/internal/sm toArray ([Ljava/lang/Object;)[Ljava/lang/Object; 512 0 543136 0 1856
ciMethod com/android/tools/r8/internal/sm b ()[Ljava/lang/Object; 430 0 215 0 0
ciMethod com/android/tools/r8/internal/sm d ()I 0 0 1 0 -1
ciMethod com/android/tools/r8/internal/sm c ()I 0 0 1 0 -1
ciMethod com/android/tools/r8/internal/sm a (I[Ljava/lang/Object;)I 0 0 1 0 -1
ciMethod com/android/tools/r8/internal/VS size ()I 898 0 1484 0 96
ciMethod com/android/tools/r8/internal/VS b ()[Ljava/lang/Object; 420 0 210 0 0
ciMethod com/android/tools/r8/internal/VS d ()I 420 0 210 0 0
ciMethod com/android/tools/r8/internal/VS c ()I 16774 0 8909 0 0
ciMethod com/android/tools/r8/internal/VS a (I[Ljava/lang/Object;)I 4096 0 12817 0 -1
ciMethod com/android/tools/r8/internal/cT size ()I 562 0 22743 0 96
ciMethod com/android/tools/r8/internal/cT a (I[Ljava/lang/Object;)I 518 0 502552 0 384
ciMethod com/android/tools/r8/internal/IV size ()I 1104 0 552 0 0
ciMethod com/android/tools/r8/internal/LM a (Ljava/lang/Object;)Ljava/lang/Object; 4328 0 397458 0 96
ciMethod com/android/tools/r8/internal/zm b (Ljava/lang/Object;)Lcom/android/tools/r8/internal/zm; 153706 0 82211 0 -1
ciMethod com/android/tools/r8/internal/zm a ()Lcom/android/tools/r8/internal/Cm; 15944 0 227160 0 -1
ciMethod com/android/tools/r8/internal/Tj size ()I 0 0 1 0 -1
ciMethod com/android/tools/r8/internal/Pq a (ILjava/lang/Object;)Ljava/lang/Object; 0 0 1 0 -1
ciMethod com/android/tools/r8/internal/Pq get (I)Ljava/lang/Object; 0 0 1 0 -1
ciMethod com/android/tools/r8/internal/Pq remove (I)Ljava/lang/Object; 0 0 1 0 -1
ciMethod com/android/tools/r8/internal/Pq a (I)Z 0 0 1 0 -1
ciMethod com/android/tools/r8/internal/ar c ()Lcom/android/tools/r8/internal/EK; 0 0 1 0 -1
ciMethod com/android/tools/r8/internal/E <init> ()V 512 0 557972 0 -1
ciMethod com/android/tools/r8/internal/E putAll (Ljava/util/Map;)V 4134 11854 53132 0 -1
ciMethod com/android/tools/r8/internal/E e ()Lcom/android/tools/r8/internal/EK; 16106 0 8344 0 -1
ciMethod com/android/tools/r8/internal/E equals (Ljava/lang/Object;)Z 4100 0 562377 0 3648
ciMethod com/android/tools/r8/internal/lr <init> (I)V 4252 0 493052 0 1376
ciMethod com/android/tools/r8/internal/lr putAll (Ljava/util/Map;)V 4120 0 469882 0 2528
ciMethod com/android/tools/r8/internal/lr size ()I 318 0 159 0 0
ciMethod com/android/tools/r8/internal/lr d (I)V 3584 65568 7110 0 -1
ciMethod com/android/tools/r8/internal/EK iterator ()Lcom/android/tools/r8/internal/wK; 0 0 1 0 -1
ciMethod com/android/tools/r8/internal/cl b (J)J 4098 0 29789 0 -1
ciMethod com/android/tools/r8/internal/cl b (IF)I 4112 0 798789 0 -1
ciMethod com/android/tools/r8/internal/cl a (IF)I 4144 0 41954 0 -1
ciMethod com/android/tools/r8/internal/jM a (II[Ljava/lang/Object;[Ljava/lang/Object;)[Ljava/lang/Object; 0 0 8907 0 0
ciMethodData com/android/tools/r8/internal/VS size ()I 2 1484 orig 80 0 0 0 0 0 0 0 0 0 0 0 0 209 2 0 0 0 0 0 0 0 0 0 0 0 0 0 0 0 0 0 0 0 0 0 0 0 0 0 0 0 0 0 0 0 0 0 0 0 0 0 0 0 0 0 0 0 0 0 0 0 0 0 0 0 0 0 0 0 0 0 0 0 0 0 0 0 0 0 0 data 7 0x0 0x0 0x0 0x0 0x9 0x1 0x0 oops 0 methods 0
ciMethod com/android/tools/r8/internal/Th <init> ()V 4110 0 425318 0 0
ciMethod com/android/tools/r8/internal/Sh <init> (Lcom/android/tools/r8/internal/Th;Ljava/lang/Object;)V 1024 0 39830 0 512
ciMethodData com/android/tools/r8/internal/LM a (Ljava/lang/Object;)Ljava/lang/Object; 2 397458 orig 80 0 0 0 0 0 0 0 0 0 0 0 0 0 0 0 0 0 0 0 0 0 0 0 0 0 0 0 0 0 0 0 0 0 0 0 0 0 0 0 0 0 0 0 0 0 0 0 0 0 0 0 0 0 0 0 0 0 0 0 0 0 0 0 0 0 0 0 0 0 0 0 0 0 0 0 0 0 0 0 0 data 16 0x20005 0x6085c 0x0 0x0 0x0 0x0 0x0 0x0 0x0 0x0 0x0 0x0 0x0 0x9 0x1 0x0 oops 0 methods 0
ciMethodData com/android/tools/r8/internal/Sh <init> (Lcom/android/tools/r8/internal/Th;Ljava/lang/Object;)V 2 39830 orig 80 0 0 0 0 0 0 0 0 0 0 0 0 0 0 0 0 0 0 0 0 0 0 0 0 0 0 0 0 0 0 0 0 0 0 0 0 0 0 0 0 0 0 0 0 0 0 0 0 0 0 0 0 0 0 0 0 0 0 0 0 0 0 0 0 0 0 0 0 0 0 0 0 0 0 0 0 0 0 0 0 data 22 0x50002 0x98eb 0x80002 0x9808 0xb0004 0x0 0x0 0x2d1e7e32290 0x224 0x2d1e7e32340 0x71 0x0 0x0 0x0 0x0 0x0 0x0 0x9 0x3 0x6 0x0 0x0 oops 2 7 com/android/tools/r8/utils/g2 9 com/android/tools/r8/utils/X0 methods 0
ciMethod com/android/tools/r8/internal/Ko <init> (Lcom/android/tools/r8/internal/f20;)V 4474 0 528391 0 1152
ciMethod com/android/tools/r8/internal/Ko getPosition ()Lcom/android/tools/r8/internal/vM; 682 0 1510149 0 64
ciMethod com/android/tools/r8/internal/Ko b (Lcom/android/tools/r8/internal/vM;)V 4456 0 238304 0 256
ciMethod com/android/tools/r8/internal/Ko b ()Lcom/android/tools/r8/internal/f20; 300 0 150 0 -1
ciMethod com/android/tools/r8/internal/Ko d (Lcom/android/tools/r8/internal/f20;)Lcom/android/tools/r8/internal/f20; 4126 0 949149 0 -1
ciMethod com/android/tools/r8/internal/Ko h ()Lcom/android/tools/r8/internal/J4; 802 0 2825368 0 -1
ciMethod com/android/tools/r8/internal/Ko a (Lcom/android/tools/r8/internal/J4;)V 786 0 297572 0 0
ciMethod com/android/tools/r8/internal/Ko a (Lcom/android/tools/r8/internal/Ko;Lcom/android/tools/r8/ir/regalloc/f;Lcom/android/tools/r8/internal/cF;)Z 4118 38 1501011 0 -1
ciMethod com/android/tools/r8/internal/Ko f ()Z 262 0 131 0 -1
ciMethod com/android/tools/r8/internal/Ko c2 ()Z 426 0 213 0 -1
ciMethod com/android/tools/r8/internal/Ko j0 ()Lcom/android/tools/r8/internal/ru; 0 0 1 0 -1
ciMethod com/android/tools/r8/internal/Ko I1 ()Z 304 0 152 0 -1
ciMethod com/android/tools/r8/internal/Ko J1 ()Z 256 0 128 0 -1
ciMethod com/android/tools/r8/internal/Ko w2 ()Z 270 0 135 0 -1
ciMethod com/android/tools/r8/internal/Ko K0 ()Lcom/android/tools/r8/internal/NY; 0 0 1 0 -1
ciMethod com/android/tools/r8/internal/Ko q2 ()Z 260 0 130 0 -1
ciMethod com/android/tools/r8/internal/Ko x2 ()Z 294 0 147 0 -1
ciMethod com/android/tools/r8/internal/Ko H ()Lcom/android/tools/r8/internal/se; 256 0 128 0 -1
ciMethod com/android/tools/r8/internal/ru <init> ()V 4332 0 127468 0 0
ciMethod com/android/tools/r8/internal/xk <init> ()V 1280 0 104996 0 0
ciMethod com/android/tools/r8/internal/vM o ()Z 562 0 1172632 0 96
ciMethod com/android/tools/r8/internal/f20 B ()Z 1024 0 435006 0 -1
ciMethod com/android/tools/r8/internal/f20 N ()Z 4102 0 95929 0 -1
ciMethod com/android/tools/r8/internal/f20 i ()Z 322 0 161 0 -1
ciMethod com/android/tools/r8/internal/cM a (ILcom/android/tools/r8/internal/Kl;)V 281090 1943298 142349 0 -1
ciMethod com/android/tools/r8/internal/HI a ()I 6124 0 664883 0 96
ciMethod com/android/tools/r8/internal/Zq a ()I 0 0 1 0 -1
ciMethod com/android/tools/r8/internal/J4 <init> ()V 4162 0 203505 0 2368
ciMethod com/android/tools/r8/internal/J4 u ()Ljava/util/List; 306 0 2075104 0 320
ciMethod com/android/tools/r8/internal/J4 n ()Ljava/util/List; 4160 0 258980 0 -1
ciMethod com/android/tools/r8/internal/J4 t ()Ljava/util/List; 1024 0 4528835 0 320
ciMethod com/android/tools/r8/internal/J4 m ()Ljava/util/List; 4454 0 328487 0 64
ciMethod com/android/tools/r8/internal/J4 a (II)V 3624 0 2071 0 -1
ciMethod com/android/tools/r8/internal/J4 b (Lcom/android/tools/r8/internal/J4;Lcom/android/tools/r8/internal/J4;)V 4130 868 89288 0 3424
ciMethod com/android/tools/r8/internal/J4 y ()Z 1024 0 1923088 0 160
ciMethod com/android/tools/r8/internal/J4 c (I)V 4102 0 415543 0 64
ciMethod com/android/tools/r8/internal/J4 l ()Ljava/util/LinkedList; 260 0 130 0 0
ciMethod com/android/tools/r8/internal/J4 j ()Lcom/android/tools/r8/internal/ru; 982 0 35693 0 384
ciMethod com/android/tools/r8/internal/J4 a (Lcom/android/tools/r8/internal/Kl;)V 20576 31406 15922 0 3456
ciMethod com/android/tools/r8/internal/J4 g (Lcom/android/tools/r8/internal/J4;)V 4168 0 154404 0 2752
ciMethod com/android/tools/r8/internal/J4 e (Lcom/android/tools/r8/internal/Ko;)V 4096 4098 18519 0 -1
ciMethod com/android/tools/r8/internal/J4 s ()Lcom/android/tools/r8/internal/vM; 3720 0 2931 0 0
ciMethod com/android/tools/r8/internal/J4 H ()Lcom/android/tools/r8/internal/Lo; 4110 0 520959 0 800
ciMethod com/android/tools/r8/internal/J4 I ()V 0 0 1 0 -1
ciMethod com/android/tools/r8/internal/V6 <init> (Ljava/util/List;Ljava/util/List;)V 5130 0 49494 0 -1
ciMethod com/android/tools/r8/internal/V6 isEmpty ()Z 798 0 2099676 0 -1
ciMethodData com/android/tools/r8/internal/lr <init> (I)V 2 493052 orig 80 0 0 0 0 0 0 0 0 0 0 0 0 0 0 0 0 0 0 0 0 0 0 0 0 0 0 0 0 0 0 0 0 0 0 0 0 0 0 0 0 0 0 0 0 0 0 0 0 0 0 0 0 0 0 0 0 0 0 0 0 0 0 0 0 0 0 0 0 0 0 0 0 0 0 0 0 0 0 0 0 data 22 0x50002 0x77d76 0x80007 0x0 0x40 0x77b78 0x150002 0x77bc9 0x270002 0x77ed7 0x470002 0x0 0x0 0x0 0x0 0x0 0x0 0x0 0x9 0x2 0x7c 0x0 oops 0 methods 0
ciMethod com/android/tools/r8/internal/Nl d ()Ljava/util/List; 5480 18698 86199 0 3264
ciMethod com/android/tools/r8/internal/Nl r ()Lcom/android/tools/r8/internal/N4; 4096 0 716321 0 0
ciMethod com/android/tools/r8/internal/Nl j ()Lcom/android/tools/r8/internal/cF$a; 260 0 130 0 0
ciMethod com/android/tools/r8/internal/N4 <init> (Lcom/android/tools/r8/internal/Nl;)V 4134 0 441484 0 -1
ciMethod com/android/tools/r8/internal/N4 hasNext ()Z 126 0 1616160 0 160
ciMethod com/android/tools/r8/internal/N4 add (Ljava/lang/Object;)V 538 0 268 0 0
ciMethod com/android/tools/r8/internal/N4 next ()Ljava/lang/Object; 72 0 1366552 0 992
ciMethodData com/android/tools/r8/internal/N4 hasNext ()Z 2 1616166 orig 80 0 0 0 0 0 0 0 0 0 0 0 0 0 0 0 0 0 0 0 0 0 0 0 0 0 0 0 0 0 0 0 0 0 0 0 0 0 0 0 0 0 0 0 0 0 0 0 0 0 0 0 0 0 0 0 0 0 0 0 0 0 0 0 0 0 0 0 0 0 0 0 0 0 0 0 0 0 0 0 0 data 16 0x40005 0x0 0x0 0x2d1e87771d0 0x18a8ab 0x0 0x0 0x0 0x0 0x0 0x0 0x0 0x0 0x9 0x1 0x0 oops 1 3 java/util/LinkedList$ListItr methods 0
ciMethodData com/android/tools/r8/internal/N4 next ()Ljava/lang/Object; 2 1366552 orig 80 0 0 0 0 0 0 0 0 0 0 0 0 0 0 0 0 0 0 0 0 0 0 0 0 0 0 0 0 0 0 0 0 0 0 0 0 0 0 0 0 0 0 0 0 0 0 0 0 0 0 0 0 0 0 0 0 0 0 0 0 0 0 0 0 0 0 0 0 0 0 0 0 0 0 0 0 0 0 0 0 data 23 0x40005 0x0 0x0 0x2d1e87771d0 0x14d962 0x0 0x0 0x90004 0x0 0x0 0x2d1e8777070 0x14debf 0x0 0x0 0x0 0x0 0x0 0x0 0x0 0x0 0x9 0x1 0xc oops 2 3 java/util/LinkedList$ListItr 10 com/android/tools/r8/internal/J4 methods 0
ciMethod com/android/tools/r8/ir/regalloc/f a (Lcom/android/tools/r8/internal/J4;ILjava/util/List;)V 0 0 1 0 -1
ciMethod com/android/tools/r8/internal/se H ()Lcom/android/tools/r8/internal/se; 145900 0 74145 0 64
ciMethod com/android/tools/r8/internal/se a (Lcom/android/tools/r8/internal/ar;)Z 4238 5206 92022 0 0
ciMethod com/android/tools/r8/ir/regalloc/b a (Lcom/android/tools/r8/internal/J4;ILjava/util/List;)V 14 0 27 0 0
ciMethod com/android/tools/r8/internal/L4 <init> (Lcom/android/tools/r8/internal/J4;)V 1024 0 552042 0 -1
ciMethod com/android/tools/r8/internal/L4 next ()Ljava/lang/Object; 4104 0 352901 0 768
ciMethod com/android/tools/r8/ir/optimize/g0 a (Lcom/android/tools/r8/internal/Nl;Lcom/android/tools/r8/ir/regalloc/f;I)V 188270 2824754 103363 0 -1
ciMethod com/android/tools/r8/ir/optimize/g0 a (Lcom/android/tools/r8/internal/J4;)Lcom/android/tools/r8/internal/lr; 1154 5656 800 0 0
ciMethod com/android/tools/r8/ir/optimize/Y <init> (Lcom/android/tools/r8/internal/Nl;Lcom/android/tools/r8/ir/regalloc/f;)V 4134 0 331244 0 512
ciMethodData com/android/tools/r8/internal/Ko getPosition ()Lcom/android/tools/r8/internal/vM; 2 1510511 orig 80 0 0 0 0 0 0 0 0 0 0 0 0 209 2 0 0 0 0 0 0 0 0 0 0 0 0 0 0 0 0 0 0 0 0 0 0 0 0 0 0 0 0 0 0 0 0 0 0 0 0 0 0 0 0 0 0 0 0 0 0 0 0 0 0 0 0 0 0 0 0 0 0 0 0 0 0 0 0 0 0 data 22 0x30007 0x170ade 0x68 0x0 0xa0007 0x0 0x38 0x0 0xd0003 0x0 0x28 0x140002 0x0 0x0 0x0 0x0 0x0 0x0 0x0 0x9 0x1 0x0 oops 0 methods 0
ciMethodData com/android/tools/r8/internal/lr putAll (Ljava/util/Map;)V 2 469882 orig 80 0 0 0 0 0 0 0 0 0 0 0 0 0 0 0 0 0 0 0 0 0 0 0 0 0 0 0 0 0 0 0 0 0 0 0 0 0 0 0 0 0 0 0 0 0 0 0 0 0 0 0 0 0 0 0 0 0 0 0 0 0 0 0 0 0 0 0 0 0 0 0 0 0 0 0 0 0 0 0 0 data 65 0x90007 0x72278 0xd8 0x0 0xd0005 0x0 0x0 0x0 0x0 0x0 0x0 0x160002 0x0 0x1f0007 0x0 0x140 0x0 0x240005 0x0 0x0 0x0 0x0 0x0 0x0 0x270003 0x0 0xe8 0x300005 0x0 0x0 0x2d1e8777cd0 0x721dd 0x2d1e7802a30 0x21 0x3f0002 0x721e2 0x430002 0x7231a 0x4b0002 0x72329 0x530002 0x7221c 0x5d0007 0x7223e 0x58 0x0 0x620005 0x0 0x0 0x0 0x0 0x0 0x0 0x670002 0x7221f 0x0 0x0 0x0 0x0 0x0 0x0 0x9 0x2 0xffffffffffffffff 0xffffffffffffffff oops 2 30 com/android/tools/r8/internal/lr 32 com/android/tools/r8/internal/Fr methods 0
ciMethodData com/android/tools/r8/internal/J4 u ()Ljava/util/List; 2 2075226 orig 80 0 0 0 0 0 0 0 0 0 0 0 0 0 0 0 0 0 0 0 0 0 0 0 0 0 0 0 0 0 0 0 0 0 0 0 0 0 0 0 0 0 0 0 0 0 0 0 0 0 0 0 0 0 0 0 0 0 0 0 0 0 0 0 0 0 0 0 0 0 0 0 0 0 0 0 0 0 0 0 0 data 11 0x40002 0x1fa91c 0x0 0x0 0x0 0x0 0x0 0x0 0x9 0x1 0x0 oops 0 methods 0
ciMethodData com/android/tools/r8/internal/vM o ()Z 2 1172829 orig 80 0 0 0 0 0 0 0 0 0 0 0 0 209 2 0 0 0 0 0 0 0 0 0 0 0 0 0 0 0 0 0 0 0 0 0 0 0 0 0 0 0 0 0 0 0 0 0 0 0 0 0 0 0 0 0 0 0 0 0 0 0 0 0 0 0 0 0 0 0 0 0 0 0 0 0 0 0 0 0 0 data 13 0x50007 0x11e3d3 0x38 0x0 0x90003 0x0 0x18 0x0 0x0 0x0 0x9 0x1 0x0 oops 0 methods 0
ciMethodData com/android/tools/r8/internal/J4 t ()Ljava/util/List; 2 4528878 orig 80 0 0 0 0 0 0 0 0 0 0 0 0 0 0 0 0 0 0 0 0 0 0 0 0 0 0 0 0 0 0 0 0 0 0 0 0 0 0 0 0 0 0 0 0 0 0 0 0 0 0 0 0 0 0 0 0 0 0 0 0 0 0 0 0 0 0 0 0 0 0 0 0 0 0 0 0 0 0 0 0 data 11 0x40002 0x451f84 0x0 0x0 0x0 0x0 0x0 0x0 0x9 0x1 0x0 oops 0 methods 0
ciMethodData com/android/tools/r8/internal/J4 j ()Lcom/android/tools/r8/internal/ru; 2 35693 orig 80 0 0 0 0 0 0 0 0 0 0 0 0 209 2 0 0 0 0 0 0 0 0 0 0 0 0 0 0 0 0 0 0 0 0 0 0 0 0 0 0 0 0 0 0 0 0 0 0 0 0 0 0 0 0 0 0 0 0 0 0 0 0 0 0 0 0 0 0 0 0 0 0 0 0 0 0 0 0 0 0 data 91 0x50007 0x8979 0x68 0x0 0xc0007 0x0 0x38 0x0 0xf0003 0x0 0x28 0x160002 0x0 0x1b0007 0x8975 0x148 0x0 0x230005 0x0 0x0 0x0 0x0 0x0 0x0 0x280005 0x0 0x0 0x0 0x0 0x0 0x0 0x2b0004 0x0 0x0 0x0 0x0 0x0 0x0 0x2e0005 0x0 0x0 0x0 0x0 0x0 0x0 0x310007 0x0 0x38 0x0 0x340003 0x0 0x28 0x3b0002 0x0 0x440005 0x0 0x0 0x2d1e8777120 0x8974 0x0 0x0 0x490005 0x0 0x0 0x2d1e8777120 0x8974 0x0 0x0 0x4c0004 0x0 0x0 0x2d1e8777490 0x3236 0x2d1e8777540 0x3601 0x4f0005 0x2146 0x0 0x2d1e8777490 0x3236 0x2d1e8777540 0x3602 0x0 0x0 0x0 0x0 0x0 0x0 0x9 0x1 0x0 oops 6 57 java/util/LinkedList 64 java/util/LinkedList 71 com/android/tools/r8/internal/jm 73 com/android/tools/r8/internal/xk 78 com/android/tools/r8/internal/jm 80 com/android/tools/r8/internal/xk methods 0
ciMethodData com/android/tools/r8/internal/jM a (II[Ljava/lang/Object;[Ljava/lang/Object;)[Ljava/lang/Object; 2 8907 orig 80 0 0 0 0 0 0 0 0 0 0 0 0 0 0 0 0 0 0 0 0 0 0 0 0 0 0 0 0 0 0 0 0 0 0 0 0 0 0 0 0 0 0 0 0 0 0 0 0 0 0 0 0 0 0 0 0 0 0 0 0 0 0 0 0 0 0 0 0 0 0 0 0 0 0 0 0 0 0 0 0 data 21 0x30005 0x22ca 0x0 0x0 0x0 0x0 0x0 0x80002 0x22ca 0x0 0x0 0x0 0x0 0x0 0x0 0x9 0x4 0x0 0x0 0x0 0x0 oops 0 methods 0
ciMethodData com/android/tools/r8/internal/sm toArray ([Ljava/lang/Object;)[Ljava/lang/Object; 2 543136 orig 80 0 0 0 0 0 0 0 0 0 0 0 0 209 2 0 0 0 0 0 0 0 0 0 0 0 0 0 0 0 0 0 0 0 0 0 0 0 0 0 0 0 0 0 0 0 0 0 0 0 0 0 0 0 0 0 0 0 0 0 0 0 0 0 0 0 0 0 0 0 0 0 0 0 0 0 0 0 0 0 0 data 99 0x30005 0x84889 0x0 0x0 0x0 0x0 0x0 0x70005 0x3c17 0x0 0x2d1e9d22780 0x7aa00 0x2d1e8776f10 0x62c1 0xd0007 0x7cfa7 0x1c8 0x7974 0x110005 0x0 0x0 0x2d1e8776fc0 0x22cb 0x2d1e8776f10 0x56ab 0x160007 0x56ab 0xa0 0x22c9 0x1a0005 0x0 0x0 0x2d1e8776fc0 0x22c9 0x0 0x0 0x1e0005 0x0 0x0 0x2d1e8776fc0 0x22ca 0x0 0x0 0x230002 0x22c9 0x2c0005 0x56aa 0x0 0x0 0x0 0x0 0x0 0x2f0005 0x56aa 0x0 0x0 0x0 0x0 0x0 0x330002 0x0 0x360004 0x0 0x0 0x2d1eb2f1e70 0x56ab 0x0 0x0 0x3a0003 0x56aa 0x70 0x400007 0x7aa33 0x58 0x256b 0x460104 0x0 0x0 0x0 0x0 0x0 0x0 0x4b0005 0x1949 0x0 0x2d1e9d22780 0x7a9f1 0x2d1e8776f10 0x62c0 0x0 0x0 0x0 0x0 0x0 0x0 0x9 0x2 0x0 0x0 oops 9 10 com/android/tools/r8/internal/cT 12 com/android/tools/r8/internal/IV 21 com/android/tools/r8/internal/VS 23 com/android/tools/r8/internal/IV 32 com/android/tools/r8/internal/VS 39 com/android/tools/r8/internal/VS 64 [Ljava/lang/Object; 85 com/android/tools/r8/internal/cT 87 com/android/tools/r8/internal/IV methods 0
ciMethodData com/android/tools/r8/internal/sm toArray ()[Ljava/lang/Object; 2 533722 orig 80 0 0 0 0 0 0 0 0 0 0 0 0 209 2 0 0 0 0 0 0 0 0 0 0 0 0 0 0 0 0 0 0 0 0 0 0 0 0 0 0 0 0 0 0 0 0 0 0 0 0 0 0 0 0 0 0 0 0 0 0 0 0 0 0 0 0 0 0 0 0 0 0 0 0 0 0 0 0 0 0 data 16 0x40005 0x823a8 0x0 0x0 0x0 0x0 0x0 0x0 0x0 0x0 0x0 0x0 0x0 0x9 0x1 0x0 oops 0 methods 0
ciMethodData com/android/tools/r8/internal/cT a (I[Ljava/lang/Object;)I 2 502552 orig 80 0 0 0 0 0 0 0 0 0 0 0 0 209 2 0 0 0 0 0 0 0 0 0 0 0 0 0 0 0 0 0 0 0 0 0 0 0 0 0 0 0 0 0 0 0 0 0 0 0 0 0 0 0 0 0 0 0 0 0 0 0 0 0 0 0 0 0 0 0 0 0 0 0 0 0 0 0 0 0 0 data 13 0xd0002 0x7aa05 0x0 0x0 0x0 0x0 0x0 0x0 0x9 0x3 0x0 0x0 0x0 oops 0 methods 0
ciMethodData com/android/tools/r8/internal/Ko a (Lcom/android/tools/r8/internal/J4;)V 2 297576 orig 80 0 0 0 0 0 0 0 0 0 0 0 0 209 2 0 0 0 0 0 0 0 0 0 0 0 0 0 0 0 0 0 0 0 0 0 0 0 0 0 0 0 0 0 0 0 0 0 0 0 0 0 0 0 0 0 0 0 0 0 0 0 0 0 0 0 0 0 0 0 0 0 0 0 0 0 0 0 0 0 0 data 23 0x30007 0x488da 0x68 0x0 0x70007 0x0 0x38 0x0 0xa0003 0x0 0x28 0x110002 0x0 0x0 0x0 0x0 0x0 0x0 0x0 0x9 0x2 0x8 0x0 oops 0 methods 0
ciMethodData com/android/tools/r8/internal/J4 y ()Z 2 1923088 orig 80 0 0 0 0 0 0 0 0 0 0 0 0 0 0 0 0 0 0 0 0 0 0 0 0 0 0 0 0 0 0 0 0 0 0 0 0 0 0 0 0 0 0 0 0 0 0 0 0 0 0 0 0 0 0 0 0 0 0 0 0 0 0 0 0 0 0 0 0 0 0 0 0 0 0 0 0 0 0 0 0 data 29 0x30007 0x1d55e6 0x68 0x0 0xa0007 0x0 0x38 0x0 0xd0003 0x0 0x28 0x140002 0x0 0x1c0005 0x1d5672 0x0 0x0 0x0 0x0 0x0 0x0 0x0 0x0 0x0 0x0 0x0 0x9 0x1 0x0 oops 0 methods 0
ciMethodData com/android/tools/r8/internal/Nl r ()Lcom/android/tools/r8/internal/N4; 2 716369 orig 80 0 0 0 0 0 0 0 0 0 0 0 0 0 0 0 0 0 0 0 0 0 0 0 0 0 0 0 0 0 0 0 0 0 0 0 0 0 0 0 0 0 0 0 0 0 0 0 0 0 0 0 0 0 0 0 0 0 0 0 0 0 0 0 0 0 0 0 0 0 0 0 0 0 0 0 0 0 0 0 0 data 8 0x50002 0xae4b6 0x0 0x0 0x0 0x9 0x1 0x0 oops 0 methods 0
ciMethodData com/android/tools/r8/internal/Ko b (Lcom/android/tools/r8/internal/vM;)V 2 238380 orig 80 0 0 0 0 0 0 0 0 0 0 0 0 0 0 0 0 0 0 0 0 0 0 0 0 0 0 0 0 0 0 0 0 0 0 0 0 0 0 0 0 0 0 0 0 0 0 0 0 0 0 0 0 0 0 0 0 0 0 0 0 0 0 0 0 0 0 0 0 0 0 0 0 0 0 0 0 0 0 0 0 data 23 0x30007 0x39a73 0x68 0x0 0xa0007 0x0 0x38 0x0 0xd0003 0x0 0x28 0x140002 0x0 0x0 0x0 0x0 0x0 0x0 0x0 0x9 0x2 0x10 0x0 oops 0 methods 0
ciMethodData com/android/tools/r8/internal/HI a ()I 2 665001 orig 80 0 0 0 0 0 0 0 0 0 0 0 0 209 2 0 0 0 0 0 0 0 0 0 0 0 0 0 0 0 0 0 0 0 0 0 0 0 0 0 0 0 0 0 0 0 0 0 0 0 0 0 0 0 0 0 0 0 0 0 0 0 0 0 0 0 0 0 0 0 0 0 0 0 0 0 0 0 0 0 0 data 7 0x0 0x0 0x0 0x0 0x9 0x1 0x6 oops 0 methods 0
ciMethod com/android/tools/r8/internal/E4 a (Lcom/android/tools/r8/internal/J4;)Lcom/android/tools/r8/internal/J4; 452 0 52757 0 -1
ciMethodData com/android/tools/r8/internal/E equals (Ljava/lang/Object;)Z 2 562377 orig 80 3 0 0 0 0 0 0 0 0 0 0 0 0 0 0 0 0 0 0 0 0 0 0 0 0 0 0 0 0 0 0 0 0 0 0 0 0 0 0 0 0 0 0 0 0 0 0 0 0 0 0 0 0 0 0 0 0 0 0 0 0 0 0 0 0 0 0 0 0 0 0 0 0 0 0 0 0 0 0 0 data 71 0x20007 0x2836b 0x20 0x608c3 0x80004 0x0 0x0 0x2d1e7802a30 0x9c3c 0x2d1e8777cd0 0x1e67a 0xb0007 0x282a2 0x20 0x0 0x110004 0x0 0x0 0x2d1e7802a30 0x9c3d 0x2d1e8777cd0 0x1e675 0x160005 0x0 0x0 0x2d1e7802a30 0x9c3c 0x2d1e8777cd0 0x1e6d5 0x1c0005 0x0 0x0 0x2d1e8777cd0 0x2832a 0x0 0x0 0x210007 0x1b1db 0x20 0xd131 0x270005 0x0 0x0 0x2d1e8777cd0 0x1b1ba 0x0 0x0 0x2b0005 0x0 0x0 0x2d1e8777cd0 0x1b141 0x0 0x0 0x300005 0x0 0x0 0x2d1e7802ae0 0x1b1a6 0x0 0x0 0x0 0x0 0x0 0x0 0x0 0x0 0x9 0x2 0xffffffffffffffff 0xffffffffffffffff oops 10 7 com/android/tools/r8/internal/Fr 9 com/android/tools/r8/internal/lr 18 com/android/tools/r8/internal/Fr 20 com/android/tools/r8/internal/lr 25 com/android/tools/r8/internal/Fr 27 com/android/tools/r8/internal/lr 32 com/android/tools/r8/internal/lr 43 com/android/tools/r8/internal/lr 50 com/android/tools/r8/internal/lr 57 com/android/tools/r8/internal/ir methods 0
ciMethodData com/android/tools/r8/internal/Ko <init> (Lcom/android/tools/r8/internal/f20;)V 2 528391 orig 80 0 0 0 0 0 0 0 0 0 0 0 0 0 0 0 0 0 0 0 0 0 0 0 0 0 0 0 0 0 0 0 0 0 0 0 0 0 0 0 0 0 0 0 0 0 0 0 0 0 0 0 0 0 0 0 0 0 0 0 0 0 0 0 0 0 0 0 0 0 0 0 0 0 0 0 0 0 0 0 0 data 21 0x50002 0x806ee 0x110002 0x80640 0x290005 0x3c5bf 0x0 0x2d1e87775f0 0x327b8 0x2d1e7802420 0x11a23 0x0 0x0 0x0 0x0 0x0 0x0 0x9 0x2 0x1e 0x8 oops 2 7 com/android/tools/r8/internal/te 9 com/android/tools/r8/internal/id methods 0
ciMethodData com/android/tools/r8/internal/L4 next ()Ljava/lang/Object; 2 352921 orig 80 0 0 0 0 0 0 0 0 0 0 0 0 0 0 0 0 0 0 0 0 0 0 0 0 0 0 0 0 0 0 0 0 0 0 0 0 0 0 0 0 0 0 0 0 0 0 0 0 0 0 0 0 0 0 0 0 0 0 0 0 0 0 0 0 0 0 0 0 0 0 0 0 0 0 0 0 0 0 0 0 data 23 0x40005 0x0 0x0 0x2d1e87771d0 0x55994 0x0 0x0 0x90004 0x0 0x0 0x2d1e9cca2a0 0x777 0x2d1e87775f0 0xfe42 0x0 0x0 0x0 0x0 0x0 0x0 0x9 0x1 0x0 oops 3 3 java/util/LinkedList$ListItr 10 com/android/tools/r8/internal/U9 12 com/android/tools/r8/internal/te methods 0
ciMethodData com/android/tools/r8/internal/J4 g (Lcom/android/tools/r8/internal/J4;)V 2 154404 orig 80 0 0 0 0 0 0 0 0 0 0 0 0 0 0 0 0 0 0 0 0 0 0 0 0 0 0 0 0 0 0 0 0 0 0 0 0 0 0 0 0 0 0 0 0 0 0 0 0 0 0 0 0 0 0 0 0 0 0 0 0 0 0 0 0 0 0 0 0 0 0 0 0 0 0 0 0 0 0 0 0 data 78 0x50007 0x252fe 0xa0 0x0 0xd0005 0x0 0x0 0x0 0x0 0x0 0x0 0x100007 0x0 0x38 0x0 0x130003 0x0 0x28 0x1a0002 0x0 0x1f0007 0x252ff 0xa0 0x0 0x270005 0x0 0x0 0x0 0x0 0x0 0x0 0x2a0007 0x0 0x38 0x0 0x2d0003 0x0 0x28 0x340002 0x0 0x3a0005 0x0 0x0 0x2d1e8777070 0x252fd 0x0 0x0 0x3e0005 0x0 0x0 0x2d19ff18610 0x252f9 0x0 0x0 0x440005 0x0 0x0 0x2d1e8777070 0x2530b 0x0 0x0 0x480005 0x0 0x0 0x2d19ff18610 0x25308 0x0 0x0 0x0 0x0 0x0 0x0 0x0 0x0 0x9 0x2 0x0 0x0 oops 4 43 com/android/tools/r8/internal/J4 50 java/util/ArrayList 57 com/android/tools/r8/internal/J4 64 java/util/ArrayList methods 0
ciMethodData com/android/tools/r8/internal/Th <init> ()V 2 425318 orig 80 0 0 0 0 0 0 0 0 0 0 0 0 0 0 0 0 0 0 0 0 0 0 0 0 0 0 0 0 0 0 0 0 0 0 0 0 0 0 0 0 0 0 0 0 0 0 0 0 0 0 0 0 0 0 0 0 0 0 0 0 0 0 0 0 0 0 0 0 0 0 0 0 0 0 0 0 0 0 0 0 data 7 0x10002 0x674da 0x0 0x0 0x9 0x1 0x0 oops 0 methods 0
ciMethodData com/android/tools/r8/ir/optimize/Y <init> (Lcom/android/tools/r8/internal/Nl;Lcom/android/tools/r8/ir/regalloc/f;)V 2 331244 orig 80 0 0 0 0 0 0 0 0 0 0 0 0 0 0 0 0 0 0 0 0 0 0 0 0 0 0 0 0 0 0 0 0 0 0 0 0 0 0 0 0 0 0 0 0 0 0 0 0 0 0 0 0 0 0 0 0 0 0 0 0 0 0 0 0 0 0 0 0 0 0 0 0 0 0 0 0 0 0 0 0 data 20 0x50002 0x50511 0xb0005 0x50437 0x0 0x0 0x0 0x0 0x0 0x0 0x0 0x0 0x0 0x0 0x0 0x9 0x3 0x6 0x0 0x0 oops 0 methods 0
ciMethodData com/android/tools/r8/internal/J4 m ()Ljava/util/List; 2 328487 orig 80 0 0 0 0 0 0 0 0 0 0 0 0 0 0 0 0 0 0 0 0 0 0 0 0 0 0 0 0 0 0 0 0 0 0 0 0 0 0 0 0 0 0 0 0 0 0 0 0 0 0 0 0 0 0 0 0 0 0 0 0 0 0 0 0 0 0 0 0 0 0 0 0 0 0 0 0 0 0 0 0 data 20 0x30007 0x4fa89 0x58 0x0 0x70005 0x0 0x0 0x0 0x0 0x0 0x0 0x0 0x0 0x0 0x0 0x0 0x0 0x9 0x1 0x0 oops 0 methods 0
ciMethodData com/android/tools/r8/internal/J4 n ()Ljava/util/List; 2 258980 orig 80 0 0 0 0 0 0 0 0 0 0 0 0 0 0 0 0 0 0 0 0 0 0 0 0 0 0 0 0 0 0 0 0 0 0 0 0 0 0 0 0 0 0 0 0 0 0 0 0 0 0 0 0 0 0 0 0 0 0 0 0 0 0 0 0 0 0 0 0 0 0 0 0 0 0 0 0 0 0 0 0 data 20 0x30007 0x3eb8c 0x58 0x0 0x70005 0x0 0x0 0x0 0x0 0x0 0x0 0x0 0x0 0x0 0x0 0x0 0x0 0x9 0x1 0x0 oops 0 methods 0
ciMethodData com/android/tools/r8/internal/L4 <init> (Lcom/android/tools/r8/internal/J4;)V 2 552056 orig 80 0 0 0 0 0 0 0 0 0 0 0 0 0 0 0 0 0 0 0 0 0 0 0 0 0 0 0 0 0 0 0 0 0 0 0 0 0 0 0 0 0 0 0 0 0 0 0 0 0 0 0 0 0 0 0 0 0 0 0 0 0 0 0 0 0 0 0 0 0 0 0 0 0 0 0 0 0 0 0 0 data 26 0x30002 0x86a52 0x60005 0x0 0x0 0x2d1e8777070 0x869f3 0x0 0x0 0x90005 0x0 0x0 0x2d1e8777120 0x869fa 0x0 0x0 0x0 0x0 0x0 0x0 0x0 0x0 0x9 0x2 0x0 0x0 oops 2 5 com/android/tools/r8/internal/J4 12 java/util/LinkedList methods 0
ciMethodData com/android/tools/r8/internal/J4 H ()Lcom/android/tools/r8/internal/Lo; 2 520994 orig 80 0 0 0 0 0 0 0 0 0 0 0 0 0 0 0 0 0 0 0 0 0 0 0 0 0 0 0 0 0 0 0 0 0 0 0 0 0 0 0 0 0 0 0 0 0 0 0 0 0 0 0 0 0 0 0 0 0 0 0 0 0 0 0 0 0 0 0 0 0 0 0 0 0 0 0 0 0 0 0 0 data 8 0x50002 0x7ea79 0x0 0x0 0x0 0x9 0x1 0x0 oops 0 methods 0
ciMethodData com/android/tools/r8/internal/J4 c (I)V 2 415728 orig 80 0 0 0 0 0 0 0 0 0 0 0 0 0 0 0 0 0 0 0 0 0 0 0 0 0 0 0 0 0 0 0 0 0 0 0 0 0 0 0 0 0 0 0 0 0 0 0 0 0 0 0 0 0 0 0 0 0 0 0 0 0 0 0 0 0 0 0 0 0 0 0 0 0 0 0 0 0 0 0 0 data 21 0x30007 0x65077 0x68 0x0 0x70007 0x0 0x38 0x0 0xa0003 0x0 0x28 0x110002 0x0 0x0 0x0 0x0 0x0 0x9 0x2 0x6 0x0 oops 0 methods 0
ciMethodData com/android/tools/r8/internal/J4 <init> ()V 2 203505 orig 80 0 0 0 0 0 0 0 0 0 0 0 0 0 0 0 0 0 0 0 0 0 0 0 0 0 0 0 0 0 0 0 0 0 0 0 0 0 0 0 0 0 0 0 0 0 0 0 0 0 0 0 0 0 0 0 0 0 0 0 0 0 0 0 0 0 0 0 0 0 0 0 0 0 0 0 0 0 0 0 0 data 23 0x90002 0x3133e 0x100002 0x3124c 0x1a0002 0x31425 0x2e0002 0x315c0 0x3c0002 0x3149a 0x4e0002 0x314c3 0x640002 0x314a4 0x0 0x0 0x0 0x0 0x0 0x0 0x9 0x1 0x1fe oops 0 methods 0
ciMethodData com/android/tools/r8/internal/se a (Lcom/android/tools/r8/internal/ar;)Z 2 114198 orig 80 0 0 0 0 0 0 0 0 0 0 0 0 0 0 0 0 0 0 0 0 0 0 0 0 0 0 0 0 0 0 0 0 0 0 0 0 0 0 0 0 0 0 0 0 0 0 0 0 0 0 0 0 0 0 0 0 0 0 0 0 0 0 0 0 0 0 0 0 0 0 0 0 0 0 0 0 0 0 0 0 data 229 0x60005 0x0 0x0 0x2d1e8777cd0 0x15f39 0x0 0x0 0xb0005 0x0 0x0 0x2d1e7802ae0 0x15f3b 0x0 0x0 0x120005 0x0 0x0 0x2d1e7803f20 0x1d531 0x0 0x0 0x170007 0x15f38 0x248 0x75f9 0x1b0005 0x0 0x0 0x2d1e7803f20 0x75f9 0x0 0x0 0x200004 0x0 0x0 0x2d1e7803fd0 0x75f9 0x0 0x0 0x280007 0x75f9 0x110 0x0 0x2e0005 0x0 0x0 0x0 0x0 0x0 0x0 0x330005 0x0 0x0 0x0 0x0 0x0 0x0 0x3a0005 0x0 0x0 0x0 0x0 0x0 0x0 0x3f0007 0x0 0x38 0x0 0x420003 0x0 0x28 0x490002 0x0 0x500005 0x0 0x0 0x2d1e7803fd0 0x75f9 0x0 0x0 0x550005 0x0 0x0 0x2d1e8777cd0 0x75f9 0x0 0x0 0x5a0007 0x0 0xfffffffffffffdb8 0x75f8 0x5f0003 0x75f8 0xfffffffffffffd98 0x660005 0x0 0x0 0x2d1e8777cd0 0x15f3a 0x0 0x0 0x6b0005 0x0 0x0 0x2d1e7802ae0 0x15f3b 0x0 0x0 0x720005 0x0 0x0 0x2d1e7803f20 0x29d27 0x0 0x0 0x770007 0x15f38 0x340 0x13df3 0x7b0005 0x0 0x0 0x2d1e7803f20 0x13df4 0x0 0x0 0x800004 0x0 0x0 0x2d1e7803fd0 0x13df1 0x0 0x0 0x870007 0x13df0 0xd8 0x0 0x8c0005 0x0 0x0 0x0 0x0 0x0 0x0 0x910005 0x0 0x0 0x0 0x0 0x0 0x0 0x960007 0x0 0x38 0x0 0x990003 0x0 0x28 0xa00002 0x0 0xa60005 0x0 0x0 0x2d1e7803fd0 0x13df0 0x0 0x0 0xac0005 0x0 0x0 0x2d1e7803fd0 0x13df4 0x0 0x0 0xb10004 0x0 0x0 0x2d1e853a4a0 0x13df3 0x0 0x0 0xb40005 0x0 0x0 0x2d1e8777cd0 0x13df3 0x0 0x0 0xb90104 0x0 0x0 0x0 0x0 0x0 0x0 0xbf0007 0x13df3 0xa8 0x0 0xc50005 0x0 0x0 0x0 0x0 0x0 0x0 0xca0007 0x0 0x38 0x0 0xcd0003 0x0 0x30 0xd20003 0x0 0x18 0xdb0003 0x13df1 0xfffffffffffffca0 0x0 0x0 0x0 0x0 0x0 0x0 0x9 0x2 0x0 0x0 oops 16 3 com/android/tools/r8/internal/lr 10 com/android/tools/r8/internal/ir 17 com/android/tools/r8/internal/er 28 com/android/tools/r8/internal/er 35 com/android/tools/r8/internal/hr 76 com/android/tools/r8/internal/hr 83 com/android/tools/r8/internal/lr 97 com/android/tools/r8/internal/lr 104 com/android/tools/r8/internal/ir 111 com/android/tools/r8/internal/er 122 com/android/tools/r8/internal/er 129 com/android/tools/r8/internal/hr 163 com/android/tools/r8/internal/hr 170 com/android/tools/r8/internal/hr 177 com/android/tools/r8/graph/g0 184 com/android/tools/r8/internal/lr methods 0
ciMethodData com/android/tools/r8/internal/Nl d ()Ljava/util/List; 2 367797 orig 80 0 0 0 0 0 0 0 0 0 0 0 0 0 0 0 0 0 0 0 0 0 0 0 0 0 0 0 0 0 0 0 0 0 0 0 0 0 0 0 0 0 0 0 0 0 0 0 0 0 0 0 0 0 0 0 0 0 0 0 0 0 0 0 0 0 0 0 0 0 0 0 0 0 0 0 0 0 0 0 0 data 78 0x10002 0x14523 0x80005 0x0 0x0 0x2d1e8777120 0x14457 0x0 0x0 0xd0005 0x0 0x0 0x2d1e87771d0 0x6bdcc 0x0 0x0 0x120007 0x14505 0x170 0x57882 0x160005 0x0 0x0 0x2d1e87771d0 0x57874 0x0 0x0 0x1b0004 0x0 0x0 0x2d1e8777070 0x57919 0x0 0x0 0x200005 0x0 0x0 0x2d1e8777070 0x578d7 0x0 0x0 0x230005 0x14ecd 0x0 0x2d1e8777540 0x2ab18 0x2d1e87778b0 0x17efa 0x260007 0x3f9a8 0xfffffffffffffec8 0x17e1d 0x2b0005 0x17e24 0x0 0x0 0x0 0x0 0x0 0x2f0003 0x17e09 0xfffffffffffffe70 0x330005 0x144a6 0x0 0x0 0x0 0x0 0x0 0x0 0x0 0x0 0x0 0x0 0x0 0x9 0x1 0x0 oops 7 5 java/util/LinkedList 12 java/util/LinkedList$ListItr 23 java/util/LinkedList$ListItr 30 com/android/tools/r8/internal/J4 37 com/android/tools/r8/internal/J4 44 com/android/tools/r8/internal/xk 46 com/android/tools/r8/internal/mU methods 0
ciMethodData com/android/tools/r8/internal/J4 a (Lcom/android/tools/r8/internal/Kl;)V 2 23608 orig 80 0 0 0 0 0 0 0 0 0 0 0 0 0 0 0 0 0 0 0 0 1 0 0 0 0 0 0 0 0 0 0 0 0 0 0 0 0 0 0 0 0 0 0 0 0 0 0 0 0 0 0 0 0 0 0 0 0 0 0 0 0 0 0 0 0 0 0 0 0 0 0 0 0 0 0 0 0 0 0 0 data 335 0x50007 0x15ff 0x68 0x0 0xc0007 0x0 0x38 0x0 0xf0003 0x0 0x28 0x160002 0x0 0x1b0007 0x15ff 0xa0 0x0 0x220005 0x0 0x0 0x0 0x0 0x0 0x0 0x250007 0x0 0x38 0x0 0x280003 0x0 0x28 0x2f0002 0x0 0x3c0007 0x263 0x38 0x139a 0x410003 0x139a 0x18 0x4c0007 0x15fd 0x90 0x0 0x500005 0x0 0x0 0x0 0x0 0x0 0x0 0x530005 0x0 0x0 0x0 0x0 0x0 0x0 0x580007 0x15fd 0x2f8 0x0 0x5c0005 0x0 0x0 0x0 0x0 0x0 0x0 0x5f0007 0x0 0x2a0 0x0 0x670005 0x0 0x0 0x0 0x0 0x0 0x0 0x6b0005 0x0 0x0 0x0 0x0 0x0 0x0 0x6f0005 0x0 0x0 0x0 0x0 0x0 0x0 0x740005 0x0 0x0 0x0 0x0 0x0 0x0 0x790007 0x0 0x1a0 0x0 0x7d0005 0x0 0x0 0x0 0x0 0x0 0x0 0x820004 0x0 0x0 0x0 0x0 0x0 0x0 0x870005 0x0 0x0 0x0 0x0 0x0 0x0 0x8a0007 0x0 0x38 0x0 0x8d0003 0x0 0xb8 0x930007 0x0 0xfffffffffffffec8 0x0 0x970005 0x0 0x0 0x0 0x0 0x0 0x0 0x9a0007 0x0 0x38 0x0 0x9d0003 0x0 0xfffffffffffffe50 0xa40002 0x0 0xac0005 0x0 0x0 0x2d19ff18610 0x15fe 0x0 0x0 0xb10005 0x0 0x0 0x2d1e8777280 0x2ce2 0x0 0x0 0xb60007 0x15fc 0x4c8 0x16e1 0xba0005 0x0 0x0 0x2d1e8777280 0x16e1 0x0 0x0 0xbf0004 0x0 0x0 0x2d1e8777070 0x16e2 0x0 0x0 0xc80007 0x16e2 0x68 0x0 0xcf0007 0x0 0x38 0x0 0xd20003 0x0 0x28 0xd90002 0x0 0xe90007 0x5ee 0xfffffffffffffed0 0x10f4 0xed0007 0x10f4 0xa0 0x0 0xf80005 0x0 0x0 0x0 0x0 0x0 0x0 0xfb0007 0x0 0x38 0x0 0xfe0003 0x0 0x28 0x1050002 0x0 0x10d0005 0x0 0x0 0x2d1e8777800 0x10f4 0x0 0x0 0x1100005 0x0 0x0 0x2d1e7801f70 0x10f4 0x0 0x0 0x1170005 0x0 0x0 0x2d1e7802020 0x18f2 0x0 0x0 0x11c0007 0x10f3 0x218 0x7fd 0x1200005 0x0 0x0 0x2d1e7802020 0x7fd 0x0 0x0 0x1250004 0x0 0x0 0x2d1e7e37510 0x7fd 0x0 0x0 0x12b0005 0x0 0x0 0x2d1e7e37510 0x7fd 0x0 0x0 0x1300004 0x0 0x0 0x2d19ff18fe0 0x7fd 0x0 0x0 0x1330005 0x7fd 0x0 0x0 0x0 0x0 0x0 0x1390007 0x7fd 0x20 0x0 0x1450005 0x0 0x0 0x2d1e7e37510 0x7fd 0x0 0x0 0x4014a0004 0x0 0x0 0x2d1e78020d0 0x7fd 0x2d1ec15f5f0 0x1 0x1500005 0x7fe 0x0 0x0 0x0 0x0 0x0 0x1530003 0x7fe 0xfffffffffffffdc8 0x15f0005 0x0 0x0 0x2d1e8777800 0x10f3 0x0 0x0 0x1620003 0x10f5 0xfffffffffffffb18 0x0 0x0 0x0 0x0 0x0 0x0 0x0 0x0 0x0 0x0 0x0 0x9 0x2 0x0 0x0 oops 15 156 java/util/ArrayList 163 java/util/ArrayList$Itr 174 java/util/ArrayList$Itr 181 com/android/tools/r8/internal/J4 225 java/util/HashMap 232 java/util/HashMap$EntrySet 239 java/util/HashMap$EntryIterator 250 java/util/HashMap$EntryIterator 257 java/util/HashMap$Node 264 java/util/HashMap$Node 271 java/lang/Integer 289 java/util/HashMap$Node 296 com/android/tools/r8/internal/dM 298 com/android/tools/r8/internal/cM 313 java/util/HashMap methods 0
ciMethodData com/android/tools/r8/ir/optimize/g0 a (Lcom/android/tools/r8/internal/Nl;Lcom/android/tools/r8/ir/regalloc/f;I)V 2 1540534 orig 80 1 0 0 0 0 0 0 0 0 0 0 0 0 0 0 0 0 0 0 0 0 0 0 0 0 0 0 0 0 0 0 0 0 0 0 0 0 0 0 1 0 0 0 0 0 0 0 0 0 0 0 0 0 0 0 0 0 0 0 0 0 0 0 0 0 0 0 0 0 0 0 0 0 0 0 0 0 0 0 0 data 1335 0x90005 0x0 0x0 0x2d1e8773b10 0x23ef 0x0 0x0 0xf0005 0x0 0x0 0x2d1e8776f10 0x1fee 0x2d1e8776fc0 0x3ea 0x150007 0x2097 0xe8 0x34c 0x1f0002 0x34c 0x220005 0x0 0x0 0x2d1e8777070 0x34c 0x0 0x0 0x270005 0x0 0x0 0x2d19ff18610 0x34c 0x0 0x0 0x390002 0x34c 0x3c0005 0x0 0x0 0x2d19ff18610 0x34c 0x0 0x0 0x460002 0x23fe 0x490005 0x1a 0x0 0x2d1e8777120 0x2089 0x2d19ff18610 0x34c 0x520005 0x34 0x0 0x2d1e87771d0 0x7f33 0x2d1e8777280 0x3751 0x570007 0x23eb 0x24b8 0x92e1 0x5c0005 0x1a 0x0 0x2d1e87771d0 0x5eb9 0x2d1e8777280 0x3405 0x610004 0x0 0x0 0x2d1e8777070 0x92bb 0x0 0x0 0x6f0002 0x92b5 0x780002 0x92bb 0x7b0005 0x0 0x0 0x2d1e8777070 0x92d2 0x0 0x0 0x7e0005 0x0 0x0 0x2d1e8777330 0x92e1 0x0 0x0 0x870005 0x0 0x0 0x2d1e87773e0 0x12e35 0x0 0x0 0x8c0007 0x92c9 0x6e8 0x9b66 0x910005 0x0 0x0 0x2d1e87773e0 0x9b66 0x0 0x0 0x960004 0x0 0x0 0x2d1e8777070 0x9b65 0x0 0x0 0x9c0005 0x0 0x0 0x2d1e8777070 0x9b65 0x0 0x0 0x9f0005 0xd57 0x0 0x2d1e8777490 0x3956 0x2d1e8777540 0x54b8 0xa20007 0x46ac 0x310 0x54b7 0xa70005 0x0 0x0 0x2d1e8777070 0x54b7 0x0 0x0 0xaa0005 0x0 0x0 0x2d1e8777330 0x54b7 0x0 0x0 0xb00007 0x1de2 0x280 0x36d4 0xb50005 0x0 0x0 0x2d1e8777070 0x36d5 0x0 0x0 0xb80005 0x0 0x0 0x2d1e8777120 0x36d5 0x0 0x0 0xbc0007 0xafe 0x1f0 0x2bd6 0xc30005 0x0 0x0 0x2d1e8777070 0x2bd7 0x0 0x0 0xc70005 0x0 0x0 0x2d1e8777120 0x2bd7 0x0 0x0 0xce0005 0x0 0x0 0x2d1e8777120 0x2bd8 0x0 0x0 0xd30004 0x0 0x0 0x2d1e87775f0 0x12a3 0x2d1e87776a0 0x1b3 0xe00002 0x2bd4 0xe3000a 0x2bd4 0x1 0x2d1e8777750 0xe80005 0x0 0x0 0x2d1e8777800 0x2bd4 0x0 0x0 0xeb0004 0x0 0x0 0x2d19ff18610 0x2bd3 0x0 0x0 0xf00005 0x0 0x0 0x2d19ff18610 0x2bd1 0x0 0x0 0xf60003 0x2bd5 0xfffffffffffffbd0 0xfb0005 0x0 0x0 0x2d1e8777070 0x6f89 0x0 0x0 0xfe0005 0x2cd9 0x0 0x2d1e8777490 0x3954 0x2d1e87778b0 0x95e 0x1010007 0x662f 0xfffffffffffffb48 0x95e 0x1060005 0x0 0x0 0x2d1e8777070 0x95e 0x0 0x0 0x1090005 0x0 0x0 0x2d1e8777330 0x95e 0x0 0x0 0x10e0007 0x0 0xfffffffffffffab8 0x95e 0x1130005 0x0 0x0 0x2d1e8777070 0x95e 0x0 0x0 0x1160005 0x0 0x0 0x2d1e8777120 0x95e 0x0 0x0 0x11a0007 0x44e 0xfffffffffffffa28 0x510 0x1210005 0x0 0x0 0x2d1e8777070 0x510 0x0 0x0 0x12e0002 0x510 0x131000a 0x510 0x1 0x2d1e8777960 0x1360005 0x0 0x0 0x2d1e8777800 0x510 0x0 0x0 0x1390004 0x0 0x0 0x2d19ff18610 0x510 0x0 0x0 0x13e0005 0x0 0x0 0x2d19ff18610 0x510 0x0 0x0 0x1440003 0x510 0xfffffffffffff8f8 0x1490005 0x0 0x0 0x2d1e8777800 0x92ba 0x0 0x0 0x14c0005 0x0 0x0 0x2d1e8777a10 0x92b2 0x0 0x0 0x1550005 0x0 0x0 0x2d1e8777ac0 0xc359 0x0 0x0 0x15a0007 0x92a3 0xfffffffffffff6e0 0x30b9 0x15f0005 0x0 0x0 0x2d1e8777ac0 0x30b8 0x0 0x0 0x1640004 0x0 0x0 0x2d19ff18610 0x30bb 0x0 0x0 0x16a0005 0x0 0x0 0x2d19ff18610 0x30b9 0x0 0x0 0x1700007 0x27 0x38 0x3091 0x1730003 0x308e 0xfffffffffffffee0 0x1790005 0x0 0x0 0x2d19ff18610 0x27 0x0 0x0 0x17e0004 0x0 0x0 0x2d1e8777070 0x27 0x0 0x0 0x1840005 0x0 0x0 0x2d1e8777070 0x27 0x0 0x0 0x1870005 0x0 0x0 0x2d1e8777120 0x27 0x0 0x0 0x1930005 0x0 0x0 0x2d19ff18610 0x52 0x0 0x0 0x1980007 0x28 0x7c8 0x2a 0x19f0005 0x0 0x0 0x2d19ff18610 0x2a 0x0 0x0 0x1a40004 0x0 0x0 0x2d1e8777070 0x2a 0x0 0x0 0x1af0007 0x2a 0x168 0x0 0x1b40005 0x0 0x0 0x0 0x0 0x0 0x0 0x1b70005 0x0 0x0 0x0 0x0 0x0 0x0 0x1ba0007 0x0 0xd8 0x0 0x1bf0005 0x0 0x0 0x0 0x0 0x0 0x0 0x1c20005 0x0 0x0 0x0 0x0 0x0 0x0 0x1c50007 0x0 0x38 0x0 0x1c80003 0x0 0x28 0x1cf0002 0x0 0x1d50007 0x2a 0x168 0x0 0x1da0005 0x0 0x0 0x0 0x0 0x0 0x0 0x1dd0005 0x0 0x0 0x0 0x0 0x0 0x0 0x1e00007 0x0 0xd8 0x0 0x1e50005 0x0 0x0 0x0 0x0 0x0 0x0 0x1e80005 0x0 0x0 0x0 0x0 0x0 0x0 0x1eb0007 0x0 0x38 0x0 0x1ee0003 0x0 0x28 0x1f50002 0x0 0x1fb0002 0x2a 0x2000002 0x2a 0x2030002 0x2a 0x2060007 0x1c 0x38 0xe 0x20c0003 0xe 0x3f0 0x2150005 0x0 0x0 0x2d1e8777070 0x1c 0x0 0x0 0x2180005 0x0 0x0 0x2d1e8777120 0x1c 0x0 0x0 0x21d0005 0x0 0x0 0x2d1e8777070 0x1c 0x0 0x0 0x2220005 0x0 0x0 0x2d1e8777120 0x1c 0x0 0x0 0x2270005 0x0 0x0 0x2d1e8777070 0x1c 0x0 0x0 0x22a0005 0x0 0x0 0x2d1e8777120 0x1c 0x0 0x0 0x22f0005 0x0 0x0 0x2d1e8777070 0x1c 0x0 0x0 0x2340005 0x0 0x0 0x2d1e8777120 0x1c 0x0 0x0 0x23e0005 0x0 0x0 0x2d1e87771d0 0x5d 0x0 0x0 0x8000000602430007 0x4 0x1b0 0x5a 0x2480005 0x0 0x0 0x2d1e87771d0 0x5a 0x0 0x0 0x24d0007 0x6 0x158 0x54 0x2520005 0x0 0x0 0x2d1e87771d0 0x54 0x0 0x0 0x2570004 0x0 0x0 0x2d1e8777540 0x1c 0x2d1e8777b70 0x4 0x25d0005 0x0 0x0 0x2d1e87771d0 0x54 0x0 0x0 0x2620004 0x0 0x0 0x2d1e8777540 0x1c 0x2d1e8777b70 0x4 0x2710005 0x34 0x0 0x2d1e8777540 0x1c 0x2d1e8777b70 0x4 0x2740007 0x41 0x38 0x13 0x27b0003 0x1d 0x30 0x2810003 0x41 0xfffffffffffffe00 0x2880002 0x2b 0x2900003 0x2b 0xfffffffffffff818 0x2980005 0x0 0x0 0x2d19ff18610 0x28 0x0 0x0 0x2a60007 0xe 0xfffffffffffff5b0 0x1a 0x2ab0007 0x1a 0x38 0x0 0x2ae0003 0x0 0xfffffffffffff570 0x2b90005 0x0 0x0 0x2d1e8777c20 0x1a 0x0 0x0 0x2be0007 0x1a 0x38 0x0 0x2c40003 0x0 0x18 0x2ce0005 0x0 0x0 0x2d19ff18610 0x1a 0x0 0x0 0x2d30004 0x0 0x0 0x2d1e8777070 0x1a 0x0 0x0 0x2db0007 0x1a 0x1a8 0x0 0x2e00007 0x0 0xb0 0x0 0x2e50005 0x0 0x0 0x0 0x0 0x0 0x0 0x2e80005 0x0 0x0 0x0 0x0 0x0 0x0 0x2eb0007 0x0 0xf8 0x0 0x2f00007 0x0 0xc8 0x0 0x2f50005 0x0 0x0 0x0 0x0 0x0 0x0 0x2f80005 0x0 0x0 0x0 0x0 0x0 0x0 0x2fb0007 0x0 0x38 0x0 0x2fe0003 0x0 0x28 0x3050002 0x0 0x3170002 0x1a 0x31a0005 0x0 0x0 0x2d1e8777070 0x1a 0x0 0x0 0x31d0005 0x0 0x0 0x2d1e8777070 0x1a 0x0 0x0 0x3200005 0x0 0x0 0x2d1e8777120 0x1a 0x0 0x0 0x3250005 0x0 0x0 0x2d1e8777070 0x1a 0x0 0x0 0x32a0005 0x0 0x0 0x2d1e8777120 0x1a 0x0 0x0 0x3380007 0x0 0x2f0 0x1a 0x34a0005 0x0 0x0 0x2d1e8777cd0 0x1a 0x0 0x0 0x34f0002 0x1a 0x3520005 0x1a 0x0 0x0 0x0 0x0 0x0 0x3550005 0x0 0x0 0x2d1e8777070 0x1a 0x0 0x0 0x3580005 0x0 0x0 0x2d1e8777120 0x1a 0x0 0x0 0x3600005 0x0 0x0 0x2d1e8777070 0x1a 0x0 0x0 0x36c0007 0x1a 0x1a8 0x51 0x3710005 0x0 0x0 0x2d1e8777d80 0x51 0x0 0x0 0x3760004 0x0 0x0 0x2d1e8777e30 0x7 0x2d1e8777ee0 0x8 0x37d0005 0x51 0x0 0x0 0x0 0x0 0x0 0x3810004 0xffffffffffffffb9 0x0 0x2d1e8777e30 0x2 0x2d1e8777ee0 0x2 0x3840007 0x47 0x90 0xa 0x3890005 0x0 0x0 0x2d1e8777f90 0xa 0x0 0x0 0x38e0005 0xa 0x0 0x0 0x0 0x0 0x0 0x3950003 0x51 0xfffffffffffffe70 0x39f0005 0x0 0x0 0x2d1e8778040 0x1a 0x0 0x0 0x3ae0007 0x1a 0x1f8 0x3d 0x3b50005 0x0 0x0 0x2d1e87771d0 0x3d 0x0 0x0 0x3ba0004 0x0 0x0 0x2d1e8777540 0x1a 0x2d1e8777b70 0x4 0x3bf0007 0x2 0xa8 0x3b 0x3c40005 0x1f 0x0 0x2d1e8777540 0x1a 0x2d1e8777b70 0x2 0x3c70007 0x37 0x38 0x4 0x3ca0003 0x4 0x30 0x3d00003 0x37 0x18 0x3db0005 0x0 0x0 0x2d1e8777070 0x3d 0x0 0x0 0x3e00005 0x0 0x0 0x2d1e8777120 0x3d 0x0 0x0 0x3e30005 0x1f 0x0 0x2d1e8777540 0x1a 0x2d1e8777b70 0x4 0x3ed0003 0x3d 0xfffffffffffffe20 0x3f20007 0x16 0x78 0x4 0x3f70005 0x0 0x0 0x2d1e8777070 0x4 0x0 0x0 0x3fa0007 0x4 0x20 0x0 0x4110005 0x0 0x0 0x2d19ff18610 0x1a 0x0 0x0 0x41a0005 0x0 0x0 0x2d1e8777280 0x51 0x0 0x0 0x41f0007 0x1a 0x638 0x37 0x4240005 0x0 0x0 0x2d1e8777280 0x37 0x0 0x0 0x4290004 0x0 0x0 0x2d1e8777070 0x37 0x0 0x0 0x4300005 0x37 0x0 0x0 0x0 0x0 0x0 0x4350005 0x0 0x0 0x2d1e8777070 0x37 0x0 0x0 0x4410007 0x37 0x70 0x80 0x4460005 0x0 0x0 0x2d1e8777120 0x80 0x0 0x0 0x44d0003 0x80 0xffffffffffffffa8 0x4520005 0x0 0x0 0x2d1e8777070 0x37 0x0 0x0 0x4550005 0x0 0x0 0x2d1e8777120 0x37 0x0 0x0 0x45c0005 0x0 0x0 0x2d1e87771d0 0xf4 0x0 0x0 0x4610007 0x37 0x170 0xbd 0x4660005 0x0 0x0 0x2d1e87771d0 0xbd 0x0 0x0 0x46b0004 0x0 0x0 0x2d1e8777e30 0x8 0x2d1e8777ee0 0xb 0x4710005 0xbd 0x0 0x0 0x0 0x0 0x0 0x4740005 0x0 0x0 0x2d1e87780f0 0x9f 0x2d1e87781a0 0x1e 0x4790007 0x0 0xfffffffffffffec8 0xbd 0x47e0005 0xbd 0x0 0x0 0x0 0x0 0x0 0x4830003 0xbd 0xfffffffffffffe70 0x49b0002 0x37 0x49e0005 0x0 0x0 0x2d1e8777540 0x37 0x0 0x0 0x4a10005 0x0 0x0 0x2d1e8777540 0x37 0x0 0x0 0x4a40005 0x0 0x0 0x2d1e8777120 0x37 0x0 0x0 0x4a80005 0x0 0x0 0x2d1e8777070 0x37 0x0 0x0 0x4ad0005 0x0 0x0 0x2d19ff18610 0x37 0x0 0x0 0x4b30007 0x0 0xe0 0x37 0x4be0005 0x37 0x0 0x0 0x0 0x0 0x0 0x4c10005 0x0 0x0 0x2d1e8777070 0x37 0x0 0x0 0x4c60005 0x0 0x0 0x2d19ff18610 0x37 0x0 0x0 0x4cc0003 0x37 0x88 0x4d10005 0x0 0x0 0x0 0x0 0x0 0x0 0x4d60005 0x0 0x0 0x0 0x0 0x0 0x0 0x4de0007 0x2f 0xfffffffffffff9c8 0x8 0x4e90003 0x8 0xfffffffffffff9a8 0x4f10005 0x1a 0x0 0x0 0x0 0x0 0x0 0x4f40007 0x0 0x20 0x1a 0x5000007 0x0 0x58 0x1a 0x5070005 0x1a 0x0 0x0 0x0 0x0 0x0 0x50e0005 0x0 0x0 0x2d19ff18610 0x1a 0x0 0x0 0x5130004 0x0 0x0 0x2d1e8777070 0x1a 0x0 0x0 0x5180005 0x0 0x0 0x2d1e8778250 0x1a 0x0 0x0 0x51c0003 0x1a 0xffffffffffffe410 0x5200005 0x0 0x0 0x2d1e8773b10 0x241a 0x0 0x0 0x5270005 0x0 0x0 0x2d1e8778300 0xb77b 0x0 0x0 0x52c0007 0x23ed 0x1a8 0x9364 0x5320005 0x0 0x0 0x2d1e8778300 0x9368 0x0 0x0 0x5370004 0x0 0x0 0x2d1e8777070 0x9367 0x0 0x0 0x53d0005 0x0 0x0 0x2d1e8778250 0x9367 0x0 0x0 0x5400007 0x9341 0xffffffffffffff00 0x1a 0x5480005 0x0 0x0 0x2d1e8778250 0x1a 0x0 0x0 0x54b0004 0x0 0x0 0x2d1e8777070 0x1a 0x0 0x0 0x54e0005 0x0 0x0 0x2d1e8778300 0x1a 0x0 0x0 0x5530003 0x1a 0xfffffffffffffe38 0x5570005 0x0 0x0 0x2d1e8778250 0x23f6 0x0 0x0 0x55c0005 0x0 0x0 0x2d1e87783b0 0x23de 0x0 0x0 0x5610007 0x1a 0xffffffffffffd840 0x23c7 0x0 0x0 0x0 0x0 0x0 0x0 0x0 0x0 0x0 0x0 0x0 0x9 0x3 0x0 0x0 0x0 oops 141 3 com/android/tools/r8/internal/Nl 10 com/android/tools/r8/internal/IV 12 com/android/tools/r8/internal/VS 23 com/android/tools/r8/internal/J4 30 java/util/ArrayList 39 java/util/ArrayList 48 java/util/LinkedList 50 java/util/ArrayList 55 java/util/LinkedList$ListItr 57 java/util/ArrayList$Itr 66 java/util/LinkedList$ListItr 68 java/util/ArrayList$Itr 73 com/android/tools/r8/internal/J4 84 com/android/tools/r8/internal/J4 91 java/util/Collections$UnmodifiableRandomAccessList 98 java/util/Collections$UnmodifiableCollection$1 109 java/util/Collections$UnmodifiableCollection$1 116 com/android/tools/r8/internal/J4 123 com/android/tools/r8/internal/J4 130 com/android/tools/r8/internal/jm 132 com/android/tools/r8/internal/xk 141 com/android/tools/r8/internal/J4 148 java/util/Collections$UnmodifiableRandomAccessList 159 com/android/tools/r8/internal/J4 166 java/util/LinkedList 177 com/android/tools/r8/internal/J4 184 java/util/LinkedList 191 java/util/LinkedList 198 com/android/tools/r8/internal/te 200 com/android/tools/r8/internal/Co 207 com/android/tools/r8/ir/optimize/g0$$Lambda$675+0x000002d1a1257418 211 java/util/HashMap 218 java/util/ArrayList 225 java/util/ArrayList 235 com/android/tools/r8/internal/J4 242 com/android/tools/r8/internal/jm 244 com/android/tools/r8/internal/mU 253 com/android/tools/r8/internal/J4 260 java/util/Collections$UnmodifiableRandomAccessList 271 com/android/tools/r8/internal/J4 278 java/util/LinkedList 289 com/android/tools/r8/internal/J4 298 com/android/tools/r8/ir/optimize/g0$$Lambda$696+0x000002d1a126d628 302 java/util/HashMap 309 java/util/ArrayList 316 java/util/ArrayList 326 java/util/HashMap 333 java/util/HashMap$Values 340 java/util/HashMap$ValueIterator 351 java/util/HashMap$ValueIterator 358 java/util/ArrayList 365 java/util/ArrayList 379 java/util/ArrayList 386 com/android/tools/r8/internal/J4 393 com/android/tools/r8/internal/J4 400 java/util/LinkedList 407 java/util/ArrayList 418 java/util/ArrayList 425 com/android/tools/r8/internal/J4 535 com/android/tools/r8/internal/J4 542 java/util/LinkedList 549 com/android/tools/r8/internal/J4 556 java/util/LinkedList 563 com/android/tools/r8/internal/J4 570 java/util/LinkedList 577 com/android/tools/r8/internal/J4 584 java/util/LinkedList 591 java/util/LinkedList$ListItr 602 java/util/LinkedList$ListItr 613 java/util/LinkedList$ListItr 620 com/android/tools/r8/internal/xk 622 com/android/tools/r8/internal/xt 627 java/util/LinkedList$ListItr 634 com/android/tools/r8/internal/xk 636 com/android/tools/r8/internal/xt 641 com/android/tools/r8/internal/xk 643 com/android/tools/r8/internal/xt 663 java/util/ArrayList 681 com/android/tools/r8/internal/HI 695 java/util/ArrayList 702 com/android/tools/r8/internal/J4 764 com/android/tools/r8/internal/J4 771 com/android/tools/r8/internal/J4 778 java/util/LinkedList 785 com/android/tools/r8/internal/J4 792 java/util/LinkedList 803 com/android/tools/r8/internal/lr 819 com/android/tools/r8/internal/J4 826 java/util/LinkedList 833 com/android/tools/r8/internal/J4 844 com/android/tools/r8/internal/L4 851 com/android/tools/r8/internal/eH 853 com/android/tools/r8/internal/bt 865 com/android/tools/r8/internal/eH 867 com/android/tools/r8/internal/bt 876 com/android/tools/r8/internal/se 893 com/android/tools/r8/ir/regalloc/b 904 java/util/LinkedList$ListItr 911 com/android/tools/r8/internal/xk 913 com/android/tools/r8/internal/xt 922 com/android/tools/r8/internal/xk 924 com/android/tools/r8/internal/xt 939 com/android/tools/r8/internal/J4 946 java/util/LinkedList 953 com/android/tools/r8/internal/xk 955 com/android/tools/r8/internal/xt 967 com/android/tools/r8/internal/J4 978 java/util/ArrayList 985 java/util/ArrayList$Itr 996 java/util/ArrayList$Itr 1003 com/android/tools/r8/internal/J4 1017 com/android/tools/r8/internal/J4 1028 java/util/LinkedList 1038 com/android/tools/r8/internal/J4 1045 java/util/LinkedList 1052 java/util/LinkedList$ListItr 1063 java/util/LinkedList$ListItr 1070 com/android/tools/r8/internal/eH 1072 com/android/tools/r8/internal/bt 1084 com/android/tools/r8/internal/vM$b 1086 com/android/tools/r8/internal/vM$c 1107 com/android/tools/r8/internal/xk 1114 com/android/tools/r8/internal/xk 1121 java/util/LinkedList 1128 com/android/tools/r8/internal/J4 1135 java/util/ArrayList 1153 com/android/tools/r8/internal/J4 1160 java/util/ArrayList 1213 java/util/ArrayList 1220 com/android/tools/r8/internal/J4 1227 java/util/IdentityHashMap 1237 com/android/tools/r8/internal/Nl 1244 com/android/tools/r8/internal/N4 1255 com/android/tools/r8/internal/N4 1262 com/android/tools/r8/internal/J4 1269 java/util/IdentityHashMap 1280 java/util/IdentityHashMap 1287 com/android/tools/r8/internal/J4 1294 com/android/tools/r8/internal/N4 1304 java/util/IdentityHashMap 1311 java/util/IdentityHashMap$Values methods 0
ciMethodData com/android/tools/r8/internal/J4 b (Lcom/android/tools/r8/internal/J4;Lcom/android/tools/r8/internal/J4;)V 2 89288 orig 80 0 0 0 0 0 0 0 0 0 0 0 0 0 0 0 0 0 0 0 0 0 0 0 0 0 0 0 0 0 0 0 0 0 0 0 0 0 0 0 0 0 0 0 0 0 0 0 0 0 0 0 0 0 0 0 0 0 0 0 0 0 0 0 0 0 0 0 0 0 0 0 0 0 0 0 0 0 0 0 0 data 786 0x30007 0x154ba 0xa0 0x0 0xb0005 0x0 0x0 0x0 0x0 0x0 0x0 0xe0007 0x0 0x38 0x0 0x110003 0x0 0x28 0x1b0002 0x0 0x240005 0x0 0x0 0x2d19ff18610 0x154b6 0x0 0x0 0x270007 0x154a3 0x1588 0x1 0x2f0005 0x0 0x0 0x2d19ff18610 0x1 0x0 0x0 0x380005 0x0 0x0 0x2d19ff18610 0x1 0x0 0x0 0x3d0005 0x0 0x0 0x2d1e8777070 0x1 0x0 0x0 0x400007 0x1 0x378 0x0 0x500002 0x0 0x5a0005 0x0 0x0 0x0 0x0 0x0 0x0 0x5d0007 0x0 0x300 0x0 0x640005 0x0 0x0 0x0 0x0 0x0 0x0 0x670004 0x0 0x0 0x0 0x0 0x0 0x0 0x6a0005 0x0 0x0 0x0 0x0 0x0 0x0 0x6e0007 0x0 0x68 0x0 0x740002 0x0 0x7a0005 0x0 0x0 0x0 0x0 0x0 0x0 0x820005 0x0 0x0 0x0 0x0 0x0 0x0 0x850004 0x0 0x0 0x0 0x0 0x0 0x0 0x880005 0x0 0x0 0x0 0x0 0x0 0x0 0x8c0007 0x0 0x110 0x0 0x970005 0x0 0x0 0x0 0x0 0x0 0x0 0x9a0004 0x0 0x0 0x0 0x0 0x0 0x0 0x9d0005 0x0 0x0 0x0 0x0 0x0 0x0 0xa20002 0x0 0xa50005 0x0 0x0 0x0 0x0 0x0 0x0 0xac0003 0x0 0xfffffffffffffce0 0xbe0002 0x0 0xc80005 0x0 0x0 0x2d1e8777070 0x1 0x0 0x0 0xcb0005 0x0 0x0 0x2d1e7807230 0x1 0x0 0x0 0xce0007 0x1 0x120 0x0 0xd60005 0x0 0x0 0x0 0x0 0x0 0x0 0xdb0007 0x0 0xfa8 0x0 0xe30005 0x0 0x0 0x0 0x0 0x0 0x0 0xe80007 0x0 0xf50 0x0 0xf10005 0x0 0x0 0x0 0x0 0x0 0x0 0xf40003 0x0 0xef8 0xf80005 0x0 0x0 0x2d1e8777070 0x1 0x0 0x0 0xfb0005 0x0 0x0 0x2d1e7807230 0x1 0x0 0x0 0xfe0007 0x1 0xb50 0x0 0x1060005 0x0 0x0 0x0 0x0 0x0 0x0 0x10b0007 0x0 0xa50 0x0 0x1130005 0x0 0x0 0x0 0x0 0x0 0x0 0x1180007 0x0 0x9f8 0x0 0x11c0005 0x0 0x0 0x0 0x0 0x0 0x0 0x11f0005 0x0 0x0 0x0 0x0 0x0 0x0 0x1220004 0x0 0x0 0x0 0x0 0x0 0x0 0x12a0005 0x0 0x0 0x0 0x0 0x0 0x0 0x1310007 0x0 0x7b8 0x0 0x1390005 0x0 0x0 0x0 0x0 0x0 0x0 0x13c0004 0x0 0x0 0x0 0x0 0x0 0x0 0x1420005 0x0 0x0 0x0 0x0 0x0 0x0 0x1450007 0x0 0x648 0x0 0x14a0005 0x0 0x0 0x0 0x0 0x0 0x0 0x14d0007 0x0 0x428 0x0 0x1560005 0x0 0x0 0x0 0x0 0x0 0x0 0x15a0004 0x0 0x0 0x0 0x0 0x0 0x0 0x15d0007 0x0 0x398 0x0 0x1650005 0x0 0x0 0x0 0x0 0x0 0x0 0x1690007 0x0 0x340 0x0 0x16f0007 0x0 0x298 0x0 0x1770005 0x0 0x0 0x0 0x0 0x0 0x0 0x1830007 0x0 0x240 0x0 0x1880005 0x0 0x0 0x0 0x0 0x0 0x0 0x18b0005 0x0 0x0 0x0 0x0 0x0 0x0 0x1910007 0x0 0x1a0 0x0 0x1960005 0x0 0x0 0x0 0x0 0x0 0x0 0x19a0005 0x0 0x0 0x0 0x0 0x0 0x0 0x19f0004 0x0 0x0 0x0 0x0 0x0 0x0 0x1a50005 0x0 0x0 0x0 0x0 0x0 0x0 0x1a80005 0x0 0x0 0x0 0x0 0x0 0x0 0x1ab0007 0x0 0x68 0x0 0x1b00002 0x0 0x1b50007 0x0 0x38 0x0 0x1bc0003 0x0 0xfffffffffffffde8 0x1c30002 0x0 0x1cc0005 0x0 0x0 0x0 0x0 0x0 0x0 0x1d40005 0x0 0x0 0x0 0x0 0x0 0x0 0x1d70003 0x0 0x1e0 0x1dd0007 0x0 0xa0 0x0 0x1e20004 0x0 0x0 0x0 0x0 0x0 0x0 0x1e50007 0x0 0x38 0x0 0x1e80003 0x0 0x28 0x1ef0002 0x0 0x1ff0002 0x0 0x2030005 0x0 0x0 0x0 0x0 0x0 0x0 0x2060005 0x0 0x0 0x0 0x0 0x0 0x0 0x2090005 0x0 0x0 0x0 0x0 0x0 0x0 0x20d0005 0x0 0x0 0x0 0x0 0x0 0x0 0x2120005 0x0 0x0 0x0 0x0 0x0 0x0 0x2170005 0x0 0x0 0x0 0x0 0x0 0x0 0x21a0007 0x0 0x58 0x0 0x2240005 0x0 0x0 0x0 0x0 0x0 0x0 0x22f0003 0x0 0xfffffffffffff860 0x23a0002 0x0 0x23e0005 0x0 0x0 0x0 0x0 0x0 0x0 0x2410005 0x0 0x0 0x0 0x0 0x0 0x0 0x2440005 0x0 0x0 0x0 0x0 0x0 0x0 0x2480005 0x0 0x0 0x0 0x0 0x0 0x0 0x24c0005 0x0 0x0 0x0 0x0 0x0 0x0 0x24f0003 0x0 0x3e0 0x2570005 0x0 0x0 0x0 0x0 0x0 0x0 0x25c0007 0x0 0x390 0x0 0x2650005 0x0 0x0 0x0 0x0 0x0 0x0 0x2680003 0x0 0x338 0x26c0005 0x0 0x0 0x2d1e8777070 0x1 0x0 0x0 0x26f0005 0x0 0x0 0x2d1e7807230 0x1 0x0 0x0 0x2720007 0x0 0x148 0x1 0x2760005 0x0 0x0 0x2d1e8777070 0x1 0x0 0x0 0x2790005 0x0 0x0 0x2d1e7807230 0x1 0x0 0x0 0x2830007 0x1 0x20 0x0 0x2950007 0x1 0x20 0x0 0x2b00007 0x1 0x1e0 0x3 0x2b90007 0x2 0x20 0x1 0x2cb0007 0x3 0x20 0x0 0x2db0003 0x3 0xffffffffffffffa0 0x2e10007 0x0 0x168 0x0 0x2e50005 0x0 0x0 0x0 0x0 0x0 0x0 0x2e80005 0x0 0x0 0x0 0x0 0x0 0x0 0x2eb0007 0x0 0xd8 0x0 0x2ef0005 0x0 0x0 0x0 0x0 0x0 0x0 0x2f20005 0x0 0x0 0x0 0x0 0x0 0x0 0x2f50007 0x0 0x38 0x0 0x2f80003 0x0 0x28 0x2ff0002 0x0 0x3040005 0x0 0x0 0x2d1e8777070 0x1 0x0 0x0 0x3080005 0x0 0x0 0x2d19ff18610 0x1 0x0 0x0 0x3110007 0x1 0x1a0 0x0 0x3150007 0x0 0x38 0x0 0x3180003 0x0 0x160 0x31f0002 0x0 0x32a0005 0x0 0x0 0x2d19ff18610 0x185a0 0x0 0x0 0x32d0007 0x0 0x100 0x1858e 0x3350005 0x0 0x0 0x2d19ff18610 0x18590 0x0 0x0 0x3390007 0x30e3 0x90 0x1549a 0x33d0005 0x0 0x0 0x2d1e8777070 0x1549b 0x0 0x0 0x3420005 0x0 0x0 0x2d19ff18610 0x1549a 0x0 0x0 0x34c0003 0x30e3 0xfffffffffffffee0 0x0 0x0 0x0 0x0 0x0 0x0 0x0 0x0 0x0 0x0 0x0 0x0 0x0 0x0 0x0 0x0 0x0 0x0 0x0 0x0 0x0 0x0 0x0 0x0 0x0 0x0 0x9 0x3 0x0 0x0 0x0 oops 18 23 java/util/ArrayList 34 java/util/ArrayList 41 java/util/ArrayList 48 com/android/tools/r8/internal/J4 166 com/android/tools/r8/internal/J4 173 com/android/tools/r8/internal/os 216 com/android/tools/r8/internal/J4 223 com/android/tools/r8/internal/os 592 com/android/tools/r8/internal/J4 599 com/android/tools/r8/internal/os 610 com/android/tools/r8/internal/J4 617 com/android/tools/r8/internal/os 692 com/android/tools/r8/internal/J4 699 java/util/ArrayList 719 java/util/ArrayList 730 java/util/ArrayList 741 com/android/tools/r8/internal/J4 748 java/util/ArrayList methods 0
ciMethodData com/android/tools/r8/internal/xk <init> ()V 2 105082 orig 80 0 0 0 0 0 0 0 0 0 0 0 0 0 0 0 0 0 0 0 0 0 0 0 0 0 0 0 0 0 0 0 0 0 0 0 0 0 0 0 0 0 0 0 0 0 0 0 0 0 0 0 0 0 0 0 0 0 0 0 0 0 0 0 0 0 0 0 0 0 0 0 0 0 0 0 0 0 0 0 0 data 7 0x10002 0x19800 0x0 0x0 0x9 0x1 0x1e oops 0 methods 0
ciMethodData com/android/tools/r8/internal/ru <init> ()V 2 127468 orig 80 0 0 0 0 0 0 0 0 0 0 0 0 0 0 0 0 0 0 0 0 0 0 0 0 0 0 0 0 0 0 0 0 0 0 0 0 0 0 0 0 0 0 0 0 0 0 0 0 0 0 0 0 0 0 0 0 0 0 0 0 0 0 0 0 0 0 0 0 0 0 0 0 0 0 0 0 0 0 0 0 data 7 0x20002 0x1e972 0x0 0x0 0x9 0x1 0x1e oops 0 methods 0
ciMethodData com/android/tools/r8/internal/se H ()Lcom/android/tools/r8/internal/se; 2 74145 orig 80 0 0 0 0 0 0 0 0 0 0 0 0 0 0 0 0 0 0 0 0 0 0 0 0 0 0 0 0 0 0 0 0 0 0 0 0 0 0 0 0 0 0 0 0 0 0 0 0 0 0 0 0 0 0 0 0 0 0 0 0 0 0 0 0 0 0 0 0 0 0 0 0 0 0 0 0 0 0 0 0 data 5 0x0 0x0 0x9 0x1 0x0 oops 0 methods 0
ciMethodData com/android/tools/r8/internal/J4 s ()Lcom/android/tools/r8/internal/vM; 2 2966 orig 80 0 0 0 0 0 0 0 0 0 0 0 0 0 0 0 0 0 0 0 0 0 0 0 0 0 0 0 0 0 0 0 0 0 0 0 0 0 0 0 0 0 0 0 0 0 0 0 0 0 0 0 0 0 0 0 0 0 0 0 0 0 0 0 0 0 0 0 0 0 0 0 0 0 0 0 0 0 0 0 0 data 30 0x50005 0x0 0x0 0x2d1e8777120 0x598 0x0 0x0 0x80004 0x0 0x0 0x2d1e9cc93f0 0x11e 0x2d1e87775f0 0x462 0xb0005 0x598 0x0 0x0 0x0 0x0 0x0 0x0 0x0 0x0 0x0 0x0 0x0 0x9 0x1 0x0 oops 3 3 java/util/LinkedList 10 com/android/tools/r8/internal/bG 12 com/android/tools/r8/internal/te methods 0
ciMethodData com/android/tools/r8/ir/regalloc/b a (Lcom/android/tools/r8/internal/J4;ILjava/util/List;)V 1 27 orig 80 0 0 0 0 0 0 0 0 0 0 0 0 209 2 0 0 0 0 0 0 0 0 0 0 0 0 0 0 0 0 0 0 0 0 0 0 0 0 0 0 0 0 0 0 0 0 0 0 0 0 0 0 0 0 0 0 0 0 0 0 0 0 0 0 0 0 0 0 0 0 0 0 0 0 0 0 0 0 0 0 data 7 0x0 0x9 0x4 0x0 0x0 0x0 0x0 oops 0 methods 0
ciMethodData com/android/tools/r8/ir/optimize/g0 a (Lcom/android/tools/r8/internal/J4;)Lcom/android/tools/r8/internal/lr; 1 3844 orig 80 0 0 0 0 0 0 0 0 0 0 0 0 0 0 0 0 0 0 0 0 0 0 0 0 0 0 0 0 0 0 0 0 0 0 0 0 0 0 0 0 0 0 0 0 0 0 0 0 0 0 0 0 0 0 0 0 0 0 0 0 0 0 0 0 0 0 0 0 0 0 0 0 0 0 0 0 0 0 0 0 data 103 0x60007 0xe1 0x20 0x0 0x140005 0x0 0x0 0x2d1e8777cd0 0xe1 0x0 0x0 0x190002 0xe1 0x1c0005 0xe1 0x0 0x0 0x0 0x0 0x0 0x1f0005 0x0 0x0 0x2d1e8777070 0xe1 0x0 0x0 0x220005 0x0 0x0 0x2d1e8777120 0xe1 0x0 0x0 0x270005 0x0 0x0 0x2d1e87771d0 0x4f2 0x0 0x0 0x2c0007 0xe1 0x1a8 0x411 0x300005 0x0 0x0 0x2d1e87771d0 0x411 0x0 0x0 0x350004 0x0 0x0 0x2d1e87775f0 0xef 0x2d1e8777f90 0x89 0x3b0005 0x411 0x0 0x0 0x0 0x0 0x0 0x3f0004 0xfffffffffffffc78 0x0 0x2d1e87775f0 0xef 0x2d1e8777f90 0x89 0x420007 0x388 0xfffffffffffffec8 0x89 0x460005 0x0 0x0 0x2d1e8777f90 0x89 0x0 0x0 0x4a0005 0x89 0x0 0x0 0x0 0x0 0x0 0x4e0003 0x89 0xfffffffffffffe38 0x0 0x0 0x0 0x0 0x0 0x0 0x9 0x1 0x0 oops 10 7 com/android/tools/r8/internal/lr 23 com/android/tools/r8/internal/J4 30 java/util/LinkedList 37 java/util/LinkedList$ListItr 48 java/util/LinkedList$ListItr 55 com/android/tools/r8/internal/te 57 com/android/tools/r8/internal/se 69 com/android/tools/r8/internal/te 71 com/android/tools/r8/internal/se 80 com/android/tools/r8/internal/se methods 0
ciMethodData com/android/tools/r8/internal/VS c ()I 1 8909 orig 80 0 0 0 0 0 0 0 0 0 0 0 0 0 0 0 0 0 0 0 0 0 0 0 0 0 0 0 0 0 0 0 0 0 0 0 0 0 0 0 0 0 0 0 0 0 0 0 0 0 0 0 0 0 0 0 0 0 0 0 0 0 0 0 0 0 0 0 0 0 0 0 0 0 0 0 0 0 0 0 0 data 7 0x0 0x0 0x0 0x0 0x9 0x1 0x0 oops 0 methods 0
ciMethodData com/android/tools/r8/internal/N4 add (Ljava/lang/Object;)V 1 268 orig 80 0 0 0 0 0 0 0 0 0 0 0 0 209 2 0 0 0 0 0 0 0 0 0 0 0 0 0 0 0 0 0 0 0 0 0 0 0 0 0 0 0 0 0 0 0 0 0 0 0 0 0 0 0 0 0 0 0 0 0 0 0 0 0 0 0 0 0 0 0 0 0 0 0 0 0 0 0 0 0 0 data 24 0x20004 0x0 0x0 0x0 0x0 0x0 0x0 0xa0005 0x0 0x0 0x0 0x0 0x0 0x0 0x0 0x0 0x0 0x0 0x0 0x0 0x9 0x2 0x0 0xffffffffffffffff oops 0 methods 0
compile com/android/tools/r8/ir/optimize/g0 a (Lcom/android/tools/r8/internal/Nl;Lcom/android/tools/r8/ir/regalloc/f;I)V -1 4 inline 229 0 -1 com/android/tools/r8/ir/optimize/g0 a (Lcom/android/tools/r8/internal/Nl;Lcom/android/tools/r8/ir/regalloc/f;I)V 1 15 com/android/tools/r8/internal/IV size ()I 1 15 com/android/tools/r8/internal/VS size ()I 1 31 com/android/tools/r8/internal/J4 <init> ()V 2 9 java/lang/Object <init> ()V 2 16 java/util/ArrayList <init> ()V 3 1 java/util/AbstractList <init> ()V 4 1 java/util/AbstractCollection <init> ()V 5 1 java/lang/Object <init> ()V 2 26 java/util/ArrayList <init> ()V 3 1 java/util/AbstractList <init> ()V 4 1 java/util/AbstractCollection <init> ()V 5 1 java/lang/Object <init> ()V 2 46 java/util/LinkedList <init> ()V 3 1 java/util/AbstractSequentialList <init> ()V 4 1 java/util/AbstractList <init> ()V 5 1 java/util/AbstractCollection <init> ()V 6 1 java/lang/Object <init> ()V 2 60 java/util/ArrayList <init> ()V 3 1 java/util/AbstractList <init> ()V 4 1 java/util/AbstractCollection <init> ()V 5 1 java/lang/Object <init> ()V 2 78 java/util/HashMap <init> ()V 3 1 java/util/AbstractMap <init> ()V 4 1 java/lang/Object <init> ()V 2 100 java/util/HashMap <init> ()V 3 1 java/util/AbstractMap <init> ()V 4 1 java/lang/Object <init> ()V 1 34 com/android/tools/r8/internal/J4 m ()Ljava/util/List; 1 39 java/util/ArrayList addAll (Ljava/util/Collection;)Z 2 1 com/android/tools/r8/internal/sm toArray ()[Ljava/lang/Object; 3 4 com/android/tools/r8/internal/sm toArray ([Ljava/lang/Object;)[Ljava/lang/Object; 4 7 com/android/tools/r8/internal/cT size ()I 4 17 com/android/tools/r8/internal/sm b ()[Ljava/lang/Object; 4 17 com/android/tools/r8/internal/VS b ()[Ljava/lang/Object; 4 26 com/android/tools/r8/internal/VS d ()I 4 30 com/android/tools/r8/internal/VS c ()I 4 35 com/android/tools/r8/internal/jM a (II[Ljava/lang/Object;[Ljava/lang/Object;)[Ljava/lang/Object; 4 47 java/lang/Class getComponentType ()Ljava/lang/Class; 4 51 java/lang/reflect/Array newInstance (Ljava/lang/Class;I)Ljava/lang/Object; 4 75 com/android/tools/r8/internal/cT a (I[Ljava/lang/Object;)I 2 51 java/util/ArrayList grow (I)[Ljava/lang/Object; 3 27 jdk/internal/util/ArraysSupport newLength (III)I 1 57 java/util/ArrayList <init> (Ljava/util/Collection;)V 2 1 java/util/AbstractList <init> ()V 3 1 java/util/AbstractCollection <init> ()V 4 1 java/lang/Object <init> ()V 2 5 java/util/LinkedList toArray ()[Ljava/lang/Object; 1 60 java/util/ArrayList add (Ljava/lang/Object;)Z 2 20 java/util/ArrayList add (Ljava/lang/Object;[Ljava/lang/Object;I)V 3 7 java/util/ArrayList grow ()[Ljava/lang/Object; 4 7 java/util/ArrayList grow (I)[Ljava/lang/Object; 5 27 jdk/internal/util/ArraysSupport newLength (III)I 1 70 java/util/IdentityHashMap <init> ()V 2 1 java/util/AbstractMap <init> ()V 3 1 java/lang/Object <init> ()V 2 7 java/util/IdentityHashMap init (I)V 1 73 java/util/AbstractSequentialList iterator ()Ljava/util/Iterator; 2 1 java/util/AbstractList listIterator ()Ljava/util/ListIterator; 3 2 java/util/LinkedList listIterator (I)Ljava/util/ListIterator; 4 2 java/util/LinkedList checkPositionIndex (I)V 5 2 java/util/LinkedList isPositionIndex (I)Z 4 11 java/util/LinkedList$ListItr <init> (Ljava/util/LinkedList;I)V 5 6 java/lang/Object <init> ()V 5 35 java/util/LinkedList node (I)Ljava/util/LinkedList$Node; 1 111 com/android/tools/r8/ir/optimize/Y <init> (Lcom/android/tools/r8/internal/Nl;Lcom/android/tools/r8/ir/regalloc/f;)V 2 5 com/android/tools/r8/internal/Th <init> ()V 3 1 java/lang/Object <init> ()V 2 11 com/android/tools/r8/internal/Nl j ()Lcom/android/tools/r8/internal/cF$a; 1 120 java/util/HashMap <init> ()V 2 1 java/util/AbstractMap <init> ()V 3 1 java/lang/Object <init> ()V 1 123 com/android/tools/r8/internal/J4 t ()Ljava/util/List; 2 4 java/util/Collections unmodifiableList (Ljava/util/List;)Ljava/util/List; 3 32 java/util/Collections$UnmodifiableRandomAccessList <init> (Ljava/util/List;)V 4 2 java/util/Collections$UnmodifiableList <init> (Ljava/util/List;)V 5 2 java/util/Collections$UnmodifiableCollection <init> (Ljava/util/Collection;)V 6 1 java/lang/Object <init> ()V 1 126 java/util/Collections$UnmodifiableCollection iterator ()Ljava/util/Iterator; 2 5 java/util/Collections$UnmodifiableCollection$1 <init> (Ljava/util/Collections$UnmodifiableCollection;)V 3 6 java/lang/Object <init> ()V 3 17 java/util/ArrayList iterator ()Ljava/util/Iterator; 4 5 java/util/ArrayList$Itr <init> (Ljava/util/ArrayList;)V 5 6 java/lang/Object <init> ()V 1 135 java/util/Collections$UnmodifiableCollection$1 hasNext ()Z 2 4 java/util/ArrayList$Itr hasNext ()Z 1 145 java/util/Collections$UnmodifiableCollection$1 next ()Ljava/lang/Object; 2 4 java/util/ArrayList$Itr next ()Ljava/lang/Object; 3 1 java/util/ArrayList$Itr checkForComodification ()V 1 156 com/android/tools/r8/internal/J4 j ()Lcom/android/tools/r8/internal/ru; 2 68 java/util/LinkedList size ()I 2 73 java/util/LinkedList get (I)Ljava/lang/Object; 3 2 java/util/LinkedList checkElementIndex (I)V 4 2 java/util/LinkedList isElementIndex (I)Z 3 7 java/util/LinkedList node (I)Ljava/util/LinkedList$Node; 1 167 com/android/tools/r8/internal/J4 u ()Ljava/util/List; 2 4 java/util/Collections unmodifiableList (Ljava/util/List;)Ljava/util/List; 3 32 java/util/Collections$UnmodifiableRandomAccessList <init> (Ljava/util/List;)V 4 2 java/util/Collections$UnmodifiableList <init> (Ljava/util/List;)V 5 2 java/util/Collections$UnmodifiableCollection <init> (Ljava/util/Collection;)V 6 1 java/lang/Object <init> ()V 1 170 java/util/Collections$UnmodifiableCollection size ()I 2 4 java/util/ArrayList size ()I 2 4 com/android/tools/r8/internal/VS size ()I 1 181 com/android/tools/r8/internal/J4 l ()Ljava/util/LinkedList; 1 184 java/util/LinkedList size ()I 1 195 com/android/tools/r8/internal/J4 l ()Ljava/util/LinkedList; 1 199 java/util/LinkedList size ()I 1 206 java/util/LinkedList get (I)Ljava/lang/Object; 2 2 java/util/LinkedList checkElementIndex (I)V 3 2 java/util/LinkedList isElementIndex (I)Z 2 7 java/util/LinkedList node (I)Ljava/util/LinkedList$Node; 1 224 com/android/tools/r8/internal/Sh <init> (Lcom/android/tools/r8/internal/Th;Ljava/lang/Object;)V 2 5 java/lang/Object <init> ()V 2 8 com/android/tools/r8/internal/LM a (Ljava/lang/Object;)Ljava/lang/Object; 1 227 java/lang/invoke/Invokers$Holder linkToTargetMethod (Ljava/lang/Object;)Ljava/lang/Object; 2 4 java/lang/invoke/LambdaForm$MH+0x000002d1a1000400 invoke (Ljava/lang/Object;)Ljava/lang/Object; 1 240 java/util/ArrayList add (Ljava/lang/Object;)Z 2 20 java/util/ArrayList add (Ljava/lang/Object;[Ljava/lang/Object;I)V 3 7 java/util/ArrayList grow ()[Ljava/lang/Object; 4 7 java/util/ArrayList grow (I)[Ljava/lang/Object; 5 27 jdk/internal/util/ArraysSupport newLength (III)I 1 251 com/android/tools/r8/internal/J4 j ()Lcom/android/tools/r8/internal/ru; 2 68 java/util/LinkedList size ()I 2 73 java/util/LinkedList get (I)Ljava/lang/Object; 3 2 java/util/LinkedList checkElementIndex (I)V 4 2 java/util/LinkedList isElementIndex (I)Z 3 7 java/util/LinkedList node (I)Ljava/util/LinkedList$Node; 1 262 com/android/tools/r8/internal/J4 u ()Ljava/util/List; 2 4 java/util/Collections unmodifiableList (Ljava/util/List;)Ljava/util/List; 3 32 java/util/Collections$UnmodifiableRandomAccessList <init> (Ljava/util/List;)V 4 2 java/util/Collections$UnmodifiableList <init> (Ljava/util/List;)V 5 2 java/util/Collections$UnmodifiableCollection <init> (Ljava/util/Collection;)V 6 1 java/lang/Object <init> ()V 1 265 java/util/Collections$UnmodifiableCollection isEmpty ()Z 1 275 com/android/tools/r8/internal/J4 l ()Ljava/util/LinkedList; 1 278 java/util/LinkedList size ()I 1 289 com/android/tools/r8/internal/J4 j ()Lcom/android/tools/r8/internal/ru; 2 68 java/util/LinkedList size ()I 2 73 java/util/LinkedList get (I)Ljava/lang/Object; 3 2 java/util/LinkedList checkElementIndex (I)V 4 2 java/util/LinkedList isElementIndex (I)Z 3 7 java/util/LinkedList node (I)Ljava/util/LinkedList$Node; 1 302 com/android/tools/r8/internal/Sh <init> (Lcom/android/tools/r8/internal/Th;Ljava/lang/Object;)V 2 5 java/lang/Object <init> ()V 2 8 com/android/tools/r8/internal/LM a (Ljava/lang/Object;)Ljava/lang/Object; 1 305 java/lang/invoke/Invokers$Holder linkToTargetMethod (Ljava/lang/Object;)Ljava/lang/Object; 2 4 java/lang/invoke/LambdaForm$MH+0x000002d1a1000400 invoke (Ljava/lang/Object;)Ljava/lang/Object; 1 318 java/util/ArrayList add (Ljava/lang/Object;)Z 2 20 java/util/ArrayList add (Ljava/lang/Object;[Ljava/lang/Object;I)V 3 7 java/util/ArrayList grow ()[Ljava/lang/Object; 4 7 java/util/ArrayList grow (I)[Ljava/lang/Object; 5 27 jdk/internal/util/ArraysSupport newLength (III)I 1 329 java/util/HashMap values ()Ljava/util/Collection; 2 14 java/util/HashMap$Values <init> (Ljava/util/HashMap;)V 3 6 java/util/AbstractCollection <init> ()V 4 1 java/lang/Object <init> ()V 1 332 java/util/HashMap$Values iterator ()Ljava/util/Iterator; 2 8 java/util/HashMap$ValueIterator <init> (Ljava/util/HashMap;)V 3 7 java/util/HashMap$HashIterator <init> (Ljava/util/HashMap;)V 4 6 java/lang/Object <init> ()V 1 341 java/util/HashMap$HashIterator hasNext ()Z 1 351 java/util/HashMap$ValueIterator next ()Ljava/lang/Object; 2 1 java/util/HashMap$HashIterator nextNode ()Ljava/util/HashMap$Node; 1 362 java/util/ArrayList size ()I 1 377 java/util/ArrayList get (I)Ljava/lang/Object; 2 5 java/util/Objects checkIndex (II)I 2 11 java/util/ArrayList elementData (I)Ljava/lang/Object; 1 388 com/android/tools/r8/internal/J4 l ()Ljava/util/LinkedList; 1 391 java/util/LinkedList size ()I 1 403 java/util/ArrayList size ()I 1 415 java/util/ArrayList get (I)Ljava/lang/Object; 2 5 java/util/Objects checkIndex (II)I 2 11 java/util/ArrayList elementData (I)Ljava/lang/Object; 1 515 java/util/Objects equals (Ljava/lang/Object;Ljava/lang/Object;)Z 1 533 com/android/tools/r8/internal/J4 l ()Ljava/util/LinkedList; 1 536 java/util/LinkedList size ()I 1 541 com/android/tools/r8/internal/J4 l ()Ljava/util/LinkedList; 1 546 java/util/LinkedList listIterator (I)Ljava/util/ListIterator; 2 2 java/util/LinkedList checkPositionIndex (I)V 3 2 java/util/LinkedList isPositionIndex (I)Z 2 11 java/util/LinkedList$ListItr <init> (Ljava/util/LinkedList;I)V 3 6 java/lang/Object <init> ()V 1 551 com/android/tools/r8/internal/J4 l ()Ljava/util/LinkedList; 1 554 java/util/LinkedList size ()I 1 559 com/android/tools/r8/internal/J4 l ()Ljava/util/LinkedList; 1 564 java/util/LinkedList listIterator (I)Ljava/util/ListIterator; 2 2 java/util/LinkedList checkPositionIndex (I)V 3 2 java/util/LinkedList isPositionIndex (I)Z 2 11 java/util/LinkedList$ListItr <init> (Ljava/util/LinkedList;I)V 3 6 java/lang/Object <init> ()V 1 574 java/util/LinkedList$ListItr hasPrevious ()Z 1 584 java/util/LinkedList$ListItr hasPrevious ()Z 1 664 java/util/ArrayList size ()I 1 697 com/android/tools/r8/internal/HI a ()I 1 718 java/util/ArrayList get (I)Ljava/lang/Object; 2 5 java/util/Objects checkIndex (II)I 2 11 java/util/ArrayList elementData (I)Ljava/lang/Object; 1 791 com/android/tools/r8/internal/J4 <init> ()V 2 9 java/lang/Object <init> ()V 2 16 java/util/ArrayList <init> ()V 3 1 java/util/AbstractList <init> ()V 4 1 java/util/AbstractCollection <init> ()V 5 1 java/lang/Object <init> ()V 2 26 java/util/ArrayList <init> ()V 3 1 java/util/AbstractList <init> ()V 4 1 java/util/AbstractCollection <init> ()V 5 1 java/lang/Object <init> ()V 2 46 java/util/LinkedList <init> ()V 3 1 java/util/AbstractSequentialList <init> ()V 4 1 java/util/AbstractList <init> ()V 5 1 java/util/AbstractCollection <init> ()V 6 1 java/lang/Object <init> ()V 1 797 com/android/tools/r8/internal/J4 l ()Ljava/util/LinkedList; 1 800 java/util/LinkedList size ()I 1 805 com/android/tools/r8/internal/J4 l ()Ljava/util/LinkedList; 1 842 com/android/tools/r8/internal/lr size ()I 1 853 com/android/tools/r8/internal/J4 l ()Ljava/util/LinkedList; 1 856 java/util/LinkedList size ()I 1 905 com/android/tools/r8/internal/se H ()Lcom/android/tools/r8/internal/se; 1 927 com/android/tools/r8/ir/regalloc/b a (Lcom/android/tools/r8/internal/J4;ILjava/util/List;)V 1 987 com/android/tools/r8/internal/J4 l ()Ljava/util/LinkedList; 1 992 java/util/LinkedList addFirst (Ljava/lang/Object;)V 1 1077 com/android/tools/r8/internal/J4 l ()Ljava/util/LinkedList; 1 1106 com/android/tools/r8/internal/J4 l ()Ljava/util/LinkedList; 1 1109 java/util/AbstractSequentialList iterator ()Ljava/util/Iterator; 2 1 java/util/AbstractList listIterator ()Ljava/util/ListIterator; 1 1179 com/android/tools/r8/internal/xk <init> ()V 2 1 com/android/tools/r8/internal/ru <init> ()V
